{
	"formats": {
		"default": "#{streetAddress}\n#{postalCode} #{locality} #{region}\n#{country}",
		"nocountry": "#{streetAddress}\n#{postalCode} #{locality} #{region}"
	},
	
	"startAt": "end",
	"fields": [
		{
			"name": "region",
			"line": "last",
			"pattern": [
				"andalusia",
				"andalucía",
				"andalucia",
				"aragon",
				"aragón",
				"asturias principality of asturias",
				"principado de asturias",
				"principáu d'asturies",
				"principau d'asturies",
				"asturias",
				"asturies",
				"balearic islands",
				"islas baleares",
				"baleares",
				"illes balears",
				"basque country",
				"euskadi",
				"país vasco",
				"pais vasco",
				"comunidad autónoma vasca",
				"comunidad autonoma vasca",
				"euskal autonomi erkidegoa",
				"canary islands",
				"islas canarias",
				"canarias",
				"cantabria",
				"castile-la mancha",
				"castilla-la mancha",
				"castilla la mancha",
				"la mancha",
				"castile and león",
				"castile and leon",
				"castilla y león",
				"castilla y leon",
				"catalonia",
				"cataluña",
				"catalunya",
				"extremadura",
				"galicia",
				"galiza",
				"la rioja",
				"rioja",
				"community of madrid ",
				"comunidad madrid",
				"madrid",
				"region of murcia",
				"región de murcia",
				"region de murcia",
				"murcia",
				"foral community of navarre",
				"comunidad foral de navarra",
				"nafarroako foru komunitatea",
				"navarre",
				"navarra",
				"nafarroako",
				"valencian community",
				"comunidad valenciana",
				"comunitat valenciana",
				"la coruña",
				"la coruna",
				"a coruña",
				"a coruna",
				"álava",
				"alava",
				"araba",
				"albacete",
				"alicante",
				"alacant",
				"almería",
				"almeria",
				"asturias",
				"avila",
				"badajoz",
				"barcelona",
				"biscay",
				"bizkaia",
				"vizcaya",
				"burgos",
				"cáceres",
				"caceres",
				"cádiz",
				"cadiz",
				"cantabria",
				"castellón",
				"castellon",
				"castelló",
				"castello",
				"ciudad real",
				"córdoba",
				"cordoba",
				"cuenca",
				"gipuzkoa",
				"guipúzcoa",
				"guipuzcoa",
				"girona",
				"gerona",
				"granada",
				"guadalajara",
				"huelva",
				"huesca",
				"jaén",
				"jaen",
				"las palmas",
				"león",
				"leon",
				"lleida",
				"lérida",
				"lerida",
				"lugo",
				"málaga",
				"malaga",
				"murcia",
				"navarre",
				"nafarroa",
				"navarra",
				"ourense",
				"orense",
				"palencia",
				"pontevedra",
				"salamanca",
				"santa cruz",
				"sta. cruz",
				"sta cruz",
				"segovia",
				"seville",
				"sevilla",
				"soria",
				"tarragona",
				"teruel",
				"toledo",
				"valència",
				"valencia",
				"valladolid",
				"zamora",
				"zaragoza"
			]
		},
		{
			"name": "locality",
			"line": "last",
			"pattern": "([0-9]{5}\\s*-?\\s+)?([A-zÀÁÈÉÌÍÑÒÓÙÚÜàáèéìíñòóùúü][A-zÀÁÈÉÌÍÑÒÓÙÚÜàáèéìíñòóùúü\\.\\-' ]*)$",
			"matchGroup": 2
		},
		{
			"name": "postalCode",
			"line": "startAtLast",
			"pattern": "[0-9]{5}\\s*-?"
		}
	]	
}
