{
	"multiformat": true,
	"formats": {
		"default": {
			"latin": "#{streetAddress}\n#{locality}, #{region} #{postalCode}\n#{country}",
			"asian": "#{country}#{postalCode}\n#{region}#{locality}#{streetAddress}"
		},
		"asian": {
			"asian": "#{postalCode}\n#{region}#{locality}#{streetAddress}",
			"latin": "#{streetAddress}\n#{locality} #{region} #{postalCode}"
		}
	},
	"startAt": {
		"latin": "end",
		"asian": "beginning"
	},
	"fields": {
		"latin": [
			{
				"name": "postalCode",
				"line": "startAtLast",
				"pattern": "[0-9]{6}$"
			},
			{
				"name": "region",
				"line": "last",
				"pattern": [
					"heilongjiang",
					"hēilóngjiāng",
					"heilungkiang",
					"jilin",
					"jílín",
					"kirin",
					"liaoning",
					"liáoníng",
					"fengtien",
					"qinghai",
					"qīnghǎi",
					"tsinghai",
					"gansu",
					"gānsù",
					"kansu",
					"shaanxi",
					"shǎnxī",
					"shensi",
					"shanxi",
					"shānxī",
					"shansi",
					"hebei",
					"héběi",
					"hopeh",
					"sichuan",
					"sìchuān",
					"szechuan",
					"hubei",
					"húběi",
					"hupeh",
					"hena",
					"hénán",
					"honan",
					"shandong",
					"shāndōng",
					"shantung",
					"anhui",
					"Ānhuī",
					"anhwei",
					"jiangsu",
					"jiāngsū",
					"kiangsu",
					"yunnan",
					"yúnnán",
					"yunnan",
					"guizhou",
					"gùizhōu",
					"kweichow",
					"hunan",
					"húnán",
					"hunan",
					"jiangxi",
					"jiāngxī",
					"kiangsi",
					"zhejiang",
					"zhèjiāng",
					"chekiang",
					"hainan",
					"hǎinán",
					"hainan",
					"guangdong",
					"guǎngdōng",
					"kwangtung",
					"fujian",
					"fújiàn",
					"fukien",
					"taiwan",
					"táiwān",
					"taiwan",
					"xīnjiāng wéiwú'ěr zìzhìqū",
					"xinjiang weiwuer zizhiqu",
					"xīnjiāng wéiwú'ěr",
					"xinjiang weiwuer",
					"nèiměnggǔ zìzhìqū",
					"neimenggu zizhiqu",
					"nèiměnggǔ",
					"neimenggu",
					"xīzàng zìzhìqū",
					"xizang zizhiqu",
					"xīzàng",
					"xizang",
					"níngxià huízú zìzhìqū",
					"ningxia huizu zizhiqu",
					"níngxià huízú",
					"ningxia hui",
					"guǎngxī zhuàngzú zìzhìqū",
					"guangxi zhuang zizhiqu",
					"guǎngxī zhuàngzú",
					"guangxi zhuang",
					"hong kong",
					"xiānggǎng",
					"xianggang",
					"hongkong",
					"macau",
					"àomén",
					"aomen"
				]
			},
			{
				"name": "locality",
				"line": "last",
				"pattern": "[A-zÀÁÈÉÌÍÒÓÙÚàáèéìíòóùúĀāĂăǍǎĒēĔĕĚěĪīĬĭǏǐŌōŎŏǑǒŪūŬŭǓǔ\\-']+$"
			}
		],
		"asian": [
			{
				"name": "postalCode",
				"line": "startAtLast",
				"pattern": "[0-9]{6}$"
			},
			{
				"name": "region",
				"line": "startAtFirst",
				"pattern": "^\\S{2}省(\\w{2}县)?",
				"matchGroup": 0
			},
			{
				"name": "locality",
				"line": "startAtFirst",
				"pattern": "^(\\S{1,5}[市鎮鄉])",
				"matchGroup": 0
			}
		]
	}
	
}
