{
	"formats": {
		"default": "#{streetAddress}\n#{locality} #{postalCode}\n#{region}\n#{country}",
		"nocountry": "#{streetAddress}\n#{locality} #{postalCode}\n#{region}"
	},
	"startAt": "end",
	"fields": [
		{
			"name": "postalCode",
			"line": "startAtLast",
			"pattern": "(D?[0-9]{1,2}W?)$",
			"matchGroup": 1
		},
		{
			"name": "region",
			"line": "startAtLast",
			"pattern": "(([Cc]ounty|[Cc]ontae|[Cc]o)[\\-\\.:;]?\\s+([A-zÁÉÍÓÚáéíóú\\.\\-' ]+))$",
			"matchGroup": 0
		},
		{
			"name": "locality",
			"line": "last",
			"pattern": "[A-zÁÉÍÓÚáéíóú\\.\\-']+$"
		}
	]
}
