{
	"multiformat": true,
	"formats": {
		"default": {
			"latin": "#{streetAddress}\n#{locality} #{postalCode}\n#{country}",
			"asian": "#{country}#{postalCode}#{locality}#{streetAddress}"
		},
		"nocountry": {
			"asian": "#{postalCode}#{locality}#{streetAddress}",
			"latin": "#{streetAddress}\n#{locality} #{postalCode}"
		}
	},
	"startAt": {
		"latin": "end",
		"asian": "beginning"
	},
	"fields": {
		"latin": [
			{
				"name": "postalCode",
				"line": "startAtLast",
				"pattern": "[0-9]{6}"
			},
			{
				"name": "locality",
				"line": "last",
				"pattern": "[Ss][Ii][Nn][Gg][Aa][Pp][Oo][Rr][Ee]$"
			}
		],
		"asian": [
			{
				"name": "postalCode",
				"line": "startAtLast",
				"pattern": "^[0-9]{6}"
			},
			{
				"name": "locality",
				"line": "startAtFirst",
				"pattern": "^新加坡",
				"matchGroup": 0
			}
		]
	}
}
