{
	"multiformat": true,
	"formats": {
		"default": {
			"asian": "#{country}\n#{region}#{locality}#{streetAddress}#{postalCode}",
			"latin": "#{streetAddress}\n#{locality}, #{region}, #{postalCode}\n#{country}"
		},
		"nocountry": {
			"asian": "#{region}#{locality}#{streetAddress}#{postalCode}",
			"latin": "#{streetAddress}\n#{locality}, #{region}, #{postalCode}"
		}
	},
	"startAt": {
		"latin": "end",
		"asian": "beginning"
	},
	"fields": {
		"latin": [
			{
				"name": "postalCode",
				"line": "startAtLast",
				"pattern": "(^[0-9]{3,5}|\\s+[0-9]{3,5})"
			},
			{
				"name": "region",
				"line": "last",
				"pattern": [
					"Taiwan Province",
					"Táiwān Shěng",
					"Taiwan Sheng",
					"Taiwan",
					"Táiwān",
					"Fujian Province",
					"Fújiàn Shěng",
					"Fujian Sheng",
					"Fujian",
					"Fújiàn"
				]
			},
			{
				"name": "locality",
				"line": "last",
				"pattern": "([Nn][Ee][Ww]\\s+)?[A-zÀÁÈÉÌÍÒÓÙÚàáèéìíòóùúĀāĂăǍǎĒēĔĕĚěĪīĬĭǏǐŌōŎŏǑǒŪūŬŭǓǔ\\-']+(\\s+[Cc][Ii][Tt][Yy])?$",
				"matchGroup": 0
			}
		],
		"asian": [
			{
				"name": "postalCode",
				"line": "startAtLast",
				"pattern": "\\s*[0-9]{3,5}\\s*"
			},
			{
				"name": "region",
				"line": "startAtFirst",
				"pattern": "^\\S{2}省(\\w{2}縣)?"
			},
			{
				"name": "locality",
				"line": "startAtFirst",
				"pattern": "^\\S{1,5}[市鎮鄉]"
			}
		]
	}
	
}
