{	
	"formats": {
		"default": "#{streetAddress}\n#{locality} #{region} #{postalCode}\n#{country}",
		"nocountry": "#{streetAddress}\n#{locality} #{region} #{postalCode}"
	},
	
	"startAt": "end",
	"fields": [
		{
			"name": "postalCode",
			"line": "startAtLast",
			"pattern": "[0-9]{5}(-[0-9]{4})?",
			"matchGroup": 0
		},
		{
			"name": "region",
			"line": "last",
			"pattern": [
				"alabama",
				"ala.",
				"ala",
				"al",
				"alaska",
				"alas.",
				"alas",
				"ak",
				"american samoa",
				"am. samoa",
				"am samoa",
				"as",
				"arizona",
				"ariz.",
				"ariz",
				"az",
				"arkansas",
				"ark.",
				"ark",
				"ar",
				"california",
				"cal.",
				"cal",
				"ca",
				"colorado",
				"col.",
				"col",
				"co",
				"connecticut",
				"conn.",
				"conn",
				"ct",
				"delaware",
				"del.",
				"del",
				"de",
				"district of columbia",
				"district columbia",
				"d of columbia",
				"dc",
				"federated states of micronesia",
				"fsm",
				"micronesia",
				"fm",
				"florida",
				"flor.",
				"flor",
				"flo.",
				"flo",
				"fl",
				"georgia",
				"ga",
				"guam",
				"gu",
				"hawaii",
				"hawai'i",
				"haw.",
				"haw",
				"hi",
				"idaho",
				"id",
				"illinois",
				"ill.",
				"ill",
				"il",
				"indiana",
				"ind.",
				"ind",
				"in",
				"iowa",
				"ia",
				"kansas",
				"kan.",
				"kan",
				"ks",
				"kentucky",
				"kent.",
				"ken.",
				"ken",
				"ky",
				"louisiana",
				"lou.",
				"lou",
				"la",
				"maine",
				"me",
				"marshall islands",
				"mar. islands",
				"marshalls",
				"mh",
				"maryland",
				"mar.",
				"mar",
				"md",
				"massachusetts",
				"mass.",
				"mass",
				"mas.",
				"mas",
				"ma",
				"michigan",
				"mich.",
				"mich",
				"mi",
				"minnesota",
				"minn.",
				"minn",
				"mn",
				"mississippi",
				"miss.",
				"miss",
				"mis.",
				"mis",
				"ms",
				"missouri",
				"mo",
				"montana",
				"mont.",
				"mont",
				"mon.",
				"mon",
				"mt",
				"nebraska",
				"neb.",
				"neb",
				"ne",
				"nevada",
				"nev.",
				"nev",
				"nv",
				"new hampshire",
				"nh",
				"new jersey",
				"nj",
				"new mexico",
				"nm",
				"new york",
				"ny",
				"north carolina",
				"n. carolina",
				"n carolina",
				"nc",
				"north dakota",
				"n. dakota",
				"n dakota",
				"nd",
				"northern mariana islands",
				"n. mariana islands",
				"n mariana islands",
				"marianas",
				"nmi",
				"mp",
				"ohio",
				"oh",
				"oklahoma",
				"okla.",
				"okla",
				"okl.",
				"ok",
				"oregon",
				"ore.",
				"or",
				"palau",
				"pw",
				"pennsylvania",
				"penn.",
				"penn",
				"pen.",
				"pen",
				"pa",
				"puerto rico",
				"pr",
				"rhode island",
				"ri",
				"south carolina",
				"s. carolina",
				"s carolina",
				"sc",
				"south dakota",
				"s. dakota",
				"s dakota",
				"sd",
				"tennessee",
				"tenn.",
				"tenn",
				"ten.",
				"ten",
				"tn",
				"texas",
				"tex.",
				"tex",
				"tx",
				"utah",
				"ut",
				"vermont",
				"ver.",
				"ver",
				"vt",
				"us virgin islands",
				"virgin islands",
				"virgins",
				"vi",
				"virginia",
				"virg.",
				"virg",
				"vir.",
				"va",
				"washington",
				"wash",
				"wa",
				"west virginia",
				"w. virginia",
				"w virginia",
				"w. virg.",
				"w virg",
				"wv",
				"wisconsin",
				"wisc.",
				"wisc",
				"wis.",
				"wis",
				"wi",
				"wyoming",
				"wyom.",
				"wyom",
				"wy",
				"armed forces africa",
				"af africa",
				"ae",
				"armed forces americas",
				"af americas",
				"aa",
				"armed forces canada",
				"af canada",
				"ae",
				"armed forces europe",
				"af europe",
				"ae",
				"armed forces middle east",
				"af middle east",
				"ae",
				"armed forces pacific",
				"af pacific",
				"ap"
			]
		},
		{
			"name": "locality",
			"line": "last",
			"pattern": "[A-z\\.\\-']+$",
			"matchGroup": 0
		}
	]
}
