{
	"#": "#",
	"Bad Request": "Bad Request",
	"Close": "Close",
	"Cue Listing": "Cue Listing",
	"Error": "Error",
	"Forbidden": "Forbidden",
	"Get a pdf version": "Get a pdf version",
	"Internal Server Error": "Internal Server Error",
	"Limit per page": "Limit per page",
	"Not Found": "Not Found",
	"Not Implemented": "Not Implemented",
	"Request failed": "Request failed",
	"Service Timeout": "Service Timeout",
	"Service Unavailable": "Service Unavailable",
	"Status": "Status",
	"Timeout with the server": "Timeout with the server",
	"Unauthorized": "Unauthorized",
	"Your browser is not compatible with files subtitle on HTML5 video": "Your browser is not compatible with files subtitle on HTML5 video"
}

