<?xml version="1.0" encoding="UTF-8" ?>
<XMLDB PATH="mod/elang/db" VERSION="20101203" COMMENT="XMLDB file for Moodle mod/elang"
	xmlns:xsi="http://www.w3.org/2001/XMLSchema-instance"
	xsi:noNamespaceSchemaLocation="../../../lib/xmldb/xmldb.xsd"
>
	<TABLES>
		<TABLE NAME="elang" COMMENT="Exercises" NEXT="elang_cue">
			<FIELDS>
				<FIELD NAME="id" TYPE="int" LENGTH="10" NOTNULL="true" UNSIGNED="true" SEQUENCE="true" NEXT="course"/>
				<FIELD NAME="course" TYPE="int" LENGTH="10" NOTNULL="true" UNSIGNED="true" SEQUENCE="false" COMMENT="Course elang activity belongs to" PREVIOUS="id" NEXT="name"/>
				<FIELD NAME="name" TYPE="char" LENGTH="255" NOTNULL="true" SEQUENCE="false" COMMENT="titles" PREVIOUS="course" NEXT="intro"/>
				<FIELD NAME="intro" TYPE="text" LENGTH="big" NOTNULL="true" SEQUENCE="false" COMMENT="videoname" PREVIOUS="name" NEXT="introformat"/>
				<FIELD NAME="introformat" TYPE="int" LENGTH="4" NOTNULL="true" UNSIGNED="true" DEFAULT="0" SEQUENCE="false" COMMENT="description" PREVIOUS="intro" NEXT="timecreated"/>
				<FIELD NAME="timecreated" TYPE="int" LENGTH="10" NOTNULL="true" UNSIGNED="true" SEQUENCE="false" PREVIOUS="introformat" NEXT="timemodified"/>
				<FIELD NAME="timemodified" TYPE="int" LENGTH="10" NOTNULL="true" UNSIGNED="true" SEQUENCE="false" PREVIOUS="timecreated" NEXT="language"/>
				<FIELD NAME="language" TYPE="text" LENGTH="short" NOTNULL="true" SEQUENCE="false" PREVIOUS="timemodified" NEXT="options"/>
				<FIELD NAME="options" TYPE="text" LENGTH="big" NOTNULL="true" SEQUENCE="false" DEFAULT="{}" PREVIOUS="language"/>
			</FIELDS>
			<KEYS>
				<KEY NAME="primary" TYPE="primary" FIELDS="id"/>
			</KEYS>
			<INDEXES>
				<INDEX NAME="course" UNIQUE="false" FIELDS="course"/>
			</INDEXES>
		</TABLE>

		<TABLE NAME="elang_cues" COMMENT="Exercise's cues" PREVIOUS="elang" NEXT="elang_responses">
			<FIELDS>
				<FIELD NAME="id" TYPE="int" LENGTH="10" NOTNULL="true" UNSIGNED="true" SEQUENCE="true" NEXT="id_elang"/>
				<FIELD NAME="id_elang" TYPE="int" LENGTH="10" NOTNULL="true" UNSIGNED="true" SEQUENCE="false" PREVIOUS="id" NEXT="number"/>
				<FIELD NAME="number" TYPE="int" LENGTH="10" NOTNULL="true" SEQUENCE="false" PREVIOUS="id_elang" NEXT="begin"/>
				<FIELD NAME="begin" TYPE="int" LENGTH="10" NOTNULL="true" SEQUENCE="false" PREVIOUS="number" NEXT="end"/>
				<FIELD NAME="end" TYPE="int" LENGTH="10" NOTNULL="true" SEQUENCE="false" PREVIOUS="begin" NEXT="title"/>
				<FIELD NAME="title" TYPE="text" LENGTH="big" NOTNULL="true" SEQUENCE="false" PREVIOUS="end" NEXT="json"/>
				<FIELD NAME="json" TYPE="text" LENGTH="big" NOTNULL="true" SEQUENCE="false" PREVIOUS="title"/>
			</FIELDS>
			<KEYS>
				<KEY NAME="primary" TYPE="primary" FIELDS="id" NEXT="foreign"/>
				<KEY NAME="foreign" TYPE="foreign" FIELDS="id_elang" REFTABLE="elang" REFFIELDS="id" PREVIOUS="primary"/>
			</KEYS>
			<INDEXES>
				<INDEX NAME="begin" UNIQUE="false" FIELDS="begin"/>
			</INDEXES>
		</TABLE>

		<TABLE NAME="elang_users" COMMENT="Users' activity" PREVIOUS="elang_cue">
			<FIELDS>
				<FIELD NAME="id" TYPE="int" LENGTH="10" NOTNULL="true" UNSIGNED="true" SEQUENCE="true" NEXT="id_elang"/>
				<FIELD NAME="id_elang" TYPE="int" LENGTH="10" NOTNULL="true" UNSIGNED="true" SEQUENCE="false" PREVIOUS="id" NEXT="id_cue"/>
				<FIELD NAME="id_cue" TYPE="int" LENGTH="10" NOTNULL="true" UNSIGNED="true" SEQUENCE="false" PREVIOUS="id_elang" NEXT="id_user"/>
				<FIELD NAME="id_user" TYPE="int" LENGTH="10" NOTNULL="true" UNSIGNED="true" SEQUENCE="false" PREVIOUS="id_cue" NEXT="json"/>
				<FIELD NAME="json" TYPE="text" LENGTH="big" NOTNULL="true" SEQUENCE="false" PREVIOUS="id_user"/>
			</FIELDS>
			<KEYS>
				<KEY NAME="primary" TYPE="primary" FIELDS="id" NEXT="felang"/>
				<KEY NAME="felang" TYPE="foreign" FIELDS="id_elang" REFTABLE="elang" REFFIELDS="id" PREVIOUS="primary" NEXT="fcue"/>
				<KEY NAME="fcue" TYPE="foreign" FIELDS="id_cue" REFTABLE="elang_cue" REFFIELDS="id" PREVIOUS="felang" NEXT="fuser"/>
				<KEY NAME="fuser" TYPE="foreign" FIELDS="id_user" REFTABLE="user" REFFIELDS="id" PREVIOUS="fcue"/>
			</KEYS>
		</TABLE>
	</TABLES>
</XMLDB>
