{
	"long": {
		"day": ["Sonntag", "Montag", "Dienstag", "Mittwoch", "Donnerstag", "Freitag", "Samstag"],
		"month": ["Januar", "Februar", "März", "April", "Mai", "Juni", "Juli", "August", "September", "Oktober", "November", "Dezember"]
	},
	"medium": {
		"day": ["So.", "Mo.", "Di.", "Mi.", "Do.", "Fr.", "Sa."],
		"month": ["Jan", "Feb", "Mär", "Apr", "Mai", "Jun", "Jul", "Aug", "Sep", "Okt", "Nov", "Dez"]
	},
	"short": {
		"day": ["So", "Mo", "Di", "Mi", "Do", "Fr", "Sa"],
		"month": ["01", "02", "03", "04", "05", "06", "07", "08", "09", "10", "11", "12"],
		"date": ["01", "02", "03", "04", "05", "06", "07", "08", "09", "10",
			"11", "12", "13", "14", "15", "16", "17", "18", "19", "20",
			"21", "22", "23", "24", "25", "26", "27", "28", "29", "30",
			"31"]
	},

	"single": {
		"day": ["S", "M", "D", "M", "D", "F", "S"],
		"month": ["1", "2", "3", "4", "5", "6", "7", "8", "9", "10", "11", "12"],
		"date": ["1", "2", "3", "4", "5", "6", "7", "8", "9", "10",
			"11", "12", "13", "14", "15", "16", "17", "18", "19", "20",
			"21", "22", "23", "24", "25", "26", "27", "28", "29", "30",
			"31"]
	},

	"relative": {
		"yesterday": "Gestern",
		"today" : "Heute",
		"tomorrow" : "Morgen",
		"thisMonth": "1#Vor 1 Woche|#Vor #{num} Wochen",
		"thisYear": "1#Vor 1 Monat|#Vor #{num} Monaten"
	}, 

	"am": "vorm.",
	"pm": "nachm."
}
