{
	"long": {
		"day": ["Sunday", "Monday", "Tuesday", "Wednesday", "Thursday", "Friday", "Saturday"],
		"month": ["January", "February", "March", "April", "May", "June", "July", "August", "September", "October", "November", "December"]
	},
	"medium": {
		"day": ["Sun", "Mon", "Tue", "Wed", "Thu", "Fri", "Sat"],
		"month": ["Jan", "Feb", "Mar", "Apr", "May", "Jun", "Jul", "Aug", "Sep", "Oct", "Nov", "Dec"]
	},
	"short": {
		"day": ["Su", "Mo", "Tu", "We", "Th", "Fr", "Sa"],
		"month": ["01", "02", "03", "04", "05", "06", "07", "08", "09", "10", "11", "12"],
		"date": ["01", "02", "03", "04", "05", "06", "07", "08", "09", "10",
			"11", "12", "13", "14", "15", "16", "17", "18", "19", "20",
			"21", "22", "23", "24", "25", "26", "27", "28", "29", "30",
			"31"]
	},

	"single": {
		"day": ["S", "M", "T", "W", "T", "F", "S"],
		"month": ["1", "2", "3", "4", "5", "6", "7", "8", "9", "10", "11", "12"],
		"date": ["1", "2", "3", "4", "5", "6", "7", "8", "9", "10",
			"11", "12", "13", "14", "15", "16", "17", "18", "19", "20",
			"21", "22", "23", "24", "25", "26", "27", "28", "29", "30",
			"31"]
	},

	"relative": {
		"yesterday": "yesterday",
		"today" : "today",
		"tomorrow" : "tomorrow",
		"thisMonth": "1##{num} week ago|##{num} weeks ago",
		"thisYear": "1##{num} month ago|##{num} months ago"
	}, 

	"am": "AM",
	"pm": "PM"
}
