{
	"long": {
		"day": ["domingo", "lunes", "martes", "miércoles", "jueves", "viernes", "sábado"],
		"month": ["enero", "febrero", "marzo", "abril", "mayo", "junio", "julio", "agosto", "septiembre", "octubre", "noviembre", "diciembre"]
	},
	"medium": {
		"day": ["dom", "lun", "mar", "mié", "jue", "vie", "sáb"],
		"month": ["ene", "feb", "mar", "abr", "may", "jun", "jul", "ago", "sep", "oct", "nov", "dic"]
	},
	"short": {
		"day": ["do", "lu", "ma", "mi", "ju", "vi", "sá"],
		"month": ["01", "02", "03", "04", "05", "06", "07", "08", "09", "10", "11", "12"],
		"date": ["01", "02", "03", "04", "05", "06", "07", "08", "09", "10",
			"11", "12", "13", "14", "15", "16", "17", "18", "19", "20",
			"21", "22", "23", "24", "25", "26", "27", "28", "29", "30",
			"31"]
	},

	"single": {
		"day": ["D", "L", "M", "M", "J", "V", "S"],
		"month": ["1", "2", "3", "4", "5", "6", "7", "8", "9", "10", "11", "12"],
		"date": ["1", "2", "3", "4", "5", "6", "7", "8", "9", "10",
			"11", "12", "13", "14", "15", "16", "17", "18", "19", "20",
			"21", "22", "23", "24", "25", "26", "27", "28", "29", "30",
			"31"]
	},

	"relative": {
		"yesterday": "ayer",
		"today" : "hoy",
		"tomorrow" : "mañana",
		"thisMonth": "1#Hace 1 semana|#Hace #{num} semanas",
		"thisYear": "1#Hace 1 mes|#Hace #{num} meses"
	}, 

	"am": "a.m.",
	"pm": "p.m."
}
