{
	"long": {
		"day": ["dimanche", "lundi", "mardi", "mercredi", "jeudi", "vendredi", "samedi"],
		"month": ["janvier", "février", "mars", "avril", "mai", "juin", "juillet", "août", "septembre", "octobre", "novembre", "décembre"]
	},
	"medium": {
		"day": ["dim.", "lun.", "mar.", "mer.", "jeu.", "ven.", "sam."],
		"month": ["janv.", "févr.", "mars", "avr.", "mai", "juin", "juil.", "août", "sept.", "oct.", "nov.", "déc."]
	},
	"short": {
		"day": ["di", "lu", "ma", "me", "je", "ve", "sa"],
		"month": ["01", "02", "03", "04", "05", "06", "07", "08", "09", "10", "11", "12"],
		"date": ["01", "02", "03", "04", "05", "06", "07", "08", "09", "10",
			"11", "12", "13", "14", "15", "16", "17", "18", "19", "20",
			"21", "22", "23", "24", "25", "26", "27", "28", "29", "30",
			"31"]
	},

	"single": {
		"day": ["D", "L", "M", "M", "J", "V", "S"],
		"month": ["1", "2", "3", "4", "5", "6", "7", "8", "9", "10", "11", "12"],
		"date": ["1", "2", "3", "4", "5", "6", "7", "8", "9", "10",
			"11", "12", "13", "14", "15", "16", "17", "18", "19", "20",
			"21", "22", "23", "24", "25", "26", "27", "28", "29", "30",
			"31"]
	},

	"relative": {
		"yesterday": "hier",
		"today" : "aujourd’hui",
		"tomorrow" : "demain",
		"thisMonth": "1#Il y a 1 semaine|#Il y a #{num} semaines",
		"thisYear": "1#Il y a 1 mois|#Il y a #{num} mois"
	}, 

	"am": "matin",
	"pm": "soir"
}
