{
	"long": {
		"day": ["domenica", "lunedì", "martedì", "mercoledì", "giovedì", "venerdì", "sabato"],
		"month": ["gennaio", "febbraio", "marzo", "aprile", "maggio", "giugno", "luglio", "agosto", "settembre", "ottobre", "novembre", "dicembre"]
	},
	"medium": {
		"day": ["dom", "lun", "mar", "mer", "gio", "ven", "sab"],
		"month": ["gen", "feb", "mar", "apr", "mag", "giu", "lug", "ago", "set", "ott", "nov", "dic"]
	},
	"short": {
		"day": ["do", "lu", "ma", "me", "gi", "ve", "sa"],
		"month": ["01", "02", "03", "04", "05", "06", "07", "08", "09", "10", "11", "12"],
		"date": ["01", "02", "03", "04", "05", "06", "07", "08", "09", "10",
			"11", "12", "13", "14", "15", "16", "17", "18", "19", "20",
			"21", "22", "23", "24", "25", "26", "27", "28", "29", "30",
			"31"]
	},

	"single": {
		"day": ["D", "L", "M", "M", "G", "V", "S"],
		"month": ["1", "2", "3", "4", "5", "6", "7", "8", "9", "10", "11", "12"],
		"date": ["1", "2", "3", "4", "5", "6", "7", "8", "9", "10",
			"11", "12", "13", "14", "15", "16", "17", "18", "19", "20",
			"21", "22", "23", "24", "25", "26", "27", "28", "29", "30",
			"31"]
	},

	"relative": {
		"yesterday": "ieri",
		"today" : "oggi",
		"tomorrow" : "domani",
		"thisMonth": "1#1 settimana fa|##{num} settimane fa",
		"thisYear": "1#1 mese fa|##{num} mesi fa"
	}, 

	"am": "am",
	"pm": "pm"
}
