{
	"long": {
		"day": ["zondag", "maandag", "dinsdag", "woensdag", "donderdag", "vrijdag", "zaterdag"],
		"month": ["januari", "februari", "maart", "april", "mei", "juni", "juli", "augustus", "september", "oktober", "november", "december"]
	},
	"medium": {
		"day": ["zo", "ma", "di", "wo", "do", "vr", "za"],
		"month": ["jan", "feb", "mrt", "apr", "mei", "jun", "jul", "aug", "sep", "okt", "nov", "dec"]
	},
	"short": {
		"day": ["zo", "ma", "di", "wo", "do", "vr", "za"],
		"month": ["01", "02", "03", "04", "05", "06", "07", "08", "09", "10", "11", "12"],
		"date": ["01", "02", "03", "04", "05", "06", "07", "08", "09", "10",
			"11", "12", "13", "14", "15", "16", "17", "18", "19", "20",
			"21", "22", "23", "24", "25", "26", "27", "28", "29", "30",
			"31"]
	},

	"single": {
		"day": ["Z", "M", "D", "W", "D", "V", "Z"],
		"month": ["1", "2", "3", "4", "5", "6", "7", "8", "9", "10", "11", "12"],
		"date": ["1", "2", "3", "4", "5", "6", "7", "8", "9", "10",
			"11", "12", "13", "14", "15", "16", "17", "18", "19", "20",
			"21", "22", "23", "24", "25", "26", "27", "28", "29", "30",
			"31"]
	},

	"relative": {
		"yesterday": "gisteren",
		"today" : "vandaag",
		"tomorrow" : "morgen",
		"thisMonth": "1#1 week geleden|##{num} weken geleden",
		"thisYear": "1#1 maand geleden|##{num} maanden geleden"
	}, 

	"am": "AM",
	"pm": "PM"
}
