{
	"long": {
		"day": ["星期日", "星期一", "星期二", "星期三", "星期四", "星期五", "星期六"],
		"month": ["1", "2", "3", "4", "5", "6", "7", "8", "9", "10", "11", "12"]
	},
	"medium": {
		"day": ["星期日", "星期一", "星期二", "星期三", "星期四", "星期五", "星期六"],
		"month": ["1", "2", "3", "4", "5", "6", "7", "8", "9", "10", "11", "12"]
	},
	"short": {
		"day": ["日", "一", "二", "三", "四", "五", "六"],
		"month": ["01", "02", "03", "04", "05", "06", "07", "08", "09", "10", "11", "12"],
		"date": ["1", "2", "3", "4", "5", "6", "7", "8", "9", "10",
			"11", "12", "13", "14", "15", "16", "17", "18", "19", "20",
			"21", "22", "23", "24", "25", "26", "27", "28", "29", "30",
			"31"]
	},

	"single": {
		"day": ["日", "一", "二", "三", "四", "五", "六"],
		"month": ["1", "2", "3", "4", "5", "6", "7", "8", "9", "10", "11", "12"],
		"date": ["1", "2", "3", "4", "5", "6", "7", "8", "9", "10",
			"11", "12", "13", "14", "15", "16", "17", "18", "19", "20",
			"21", "22", "23", "24", "25", "26", "27", "28", "29", "30",
			"31"]
	},

	"relative": {
		"yesterday": "昨天",
		"today" : "今天",
		"tomorrow" : "明天",
		"thisMonth": "##{num} 周之前",
		"thisYear": "##{num} 个月之前"
	}, 

	"am": "上午",
	"pm": "下午"
}
