{
	"1": {
		"default": "us",
		"204": "ca",
		"226": "ca",
		"242": "bs",
		"246": "bb",
		"250": "ca",
		"264": "ai",
		"268": "ag",
		"268": "ag",
		"284": "vg",
		"289": "ca",
		"306": "ca",
		"340": "vi",
		"343": "ca",
		"345": "ky",
		"403": "ca",
		"416": "ca",
		"418": "ca",
		"438": "ca",
		"441": "bm",
		"450": "ca",
		"473": "gd",
		"506": "ca",
		"514": "ca",
		"519": "ca",
		"579": "ca",
		"581": "ca",
		"587": "ca",
		"587": "ca",
		"604": "ca",
		"613": "ca",
		"647": "ca",
		"649": "tc",
		"664": "ms",
		"670": "mp",
		"671": "gu",
		"684": "as",
		"705": "ca",
		"709": "ca",
		"721": "an",
		"758": "lc",
		"767": "dm",
		"778": "ca",
		"778": "ca",
		"780": "ca",
		"784": "vc",
		"787": "pr",
		"807": "ca",
		"809": "do",
		"819": "ca",
		"829": "do",
		"849": "do",
		"867": "ca",
		"868": "tt",
		"869": "kn",
		"876": "jm",
		"902": "ca",
		"905": "ca",
		"939": "pr"
	},
	"33": {
		"default": "fr",
		"262": "re",
		"508": "pm",
		"590": "gp",
		"594": "gf",
		"596": "mq" 
	},
	"39": {
		"default": "it",
		"549": "sm"
	}
}