{
	"1":	"us",
	"20":	"eg",
	"210":	"unknown",
	"211":	"unknown",
	"212":	"ma",
	"213":	"dz",
	"214":	"unknown",
	"215":	"unknown",
	"216":	"tn",
	"217":	"unknown",
	"218":	"ly",
	"219":	"unknown",
	"220":	"gm",
	"221":	"sn",
	"222":	"mr",
	"223":	"ml",
	"224":	"gn",
	"225":	"ci",
	"226":	"bf",
	"227":	"ne",
	"228":	"tg",
	"229":	"bj",
	"230":	"mu",
	"231":	"lr",
	"232":	"sl",
	"233":	"gh",
	"234":	"ng",
	"235":	"td",
	"236":	"cf",
	"237":	"cm",
	"238":	"cv",
	"239":	"st",
	"240":	"gq",
	"241":	"ga",
	"242":	"cg",
	"243":	"cd",
	"244":	"ao",
	"245":	"gw",
	"246":	"io",
	"247":	"ac",
	"248":	"sc",
	"249":	"sd",
	"250":	"rw",
	"251":	"et",
	"252":	"so",
	"253":	"dj",
	"254":	"ke",
	"255":	"tz",
	"256":	"ug",
	"257":	"bi",
	"258":	"mz",
	"259":	"unknown",
	"260":	"zm",
	"261":	"mg",
	"262":	"re",
	"263":	"zw",
	"264":	"na",
	"265":	"mw",
	"266":	"ls",
	"267":	"bw",
	"268":	"sz",
	"269":	"km",
	"27":	"za",
	"28":	"unknown",
	"290":	"sh",
	"291":	"er",
	"292":	"unknown",
	"293":	"unknown",
	"294":	"unknown",
	"295":	"unknown",
	"296":	"unknown",
	"297":	"aw",
	"298":	"fo",
	"299":	"gl",
	"30":	"gr",
	"31":	"nl",
	"32":	"be",
	"33":	"fr",
	"34":	"es",
	"350":	"gi",
	"351":	"pt",
	"352":	"lu",
	"353":	"ie",
	"354":	"is",
	"355":	"al",
	"356":	"mt",
	"357":	"cy",
	"358":	"fi",
	"359":	"bg",
	"36":	"hu",
	"370":	"lt",
	"371":	"lv",
	"372":	"ee",
	"373":	"md",
	"374":	"am",
	"375":	"by",
	"376":	"ad",
	"377":	"mc",
	"378":	"sm",
	"379":	"va",
	"380":	"ua",
	"381":	"rs",
	"382":	"me",
	"383":	"unknown",
	"384":	"unknown",
	"385":	"hr",
	"386":	"si",
	"387":	"ba",
	"388":	"eu",
	"389":	"mk",
	"39":	"it",
	"40":	"ro",
	"41":	"ch",
	"420":	"cz",
	"421":	"sk",
	"422":	"unknown",
	"423":	"li",
	"424":	"unknown",
	"425":	"unknown",
	"426":	"unknown",
	"427":	"unknown",
	"428":	"unknown",
	"429":	"unknown",
	"43":	"at",
	"44":	"gb",
	"45":	"dk",
	"46":	"se",
	"47":	"no",
	"48":	"pl",
	"49":	"de",
	"500":	"fk",
	"501":	"bz",
	"502":	"gt",
	"503":	"sv",
	"504":	"hn",
	"505":	"ni",
	"506":	"cr",
	"507":	"pa",
	"508":	"pm",
	"509":	"ht",
	"51":	"pe",
	"52":	"mx",
	"53":	"cu",
	"54":	"ar",
	"55":	"br",
	"56":	"cl",
	"57":	"co",
	"58":	"ve",
	"590":	"gp",
	"591":	"bo",
	"592":	"gy",
	"593":	"ec",
	"594":	"gf",
	"595":	"py",
	"596":	"mq",
	"597":	"sr",
	"598":	"uy",
	"599":	"an",
	"60":	"my",
	"61":	"au",
	"62":	"id",
	"63":	"ph",
	"64":	"nz",
	"65":	"sg",
	"66":	"th",
	"670":	"tl",
	"671":	"unknown",
	"672":	"nf",
	"673":	"bn",
	"674":	"nr",
	"675":	"pg",
	"676":	"to",
	"677":	"sb",
	"678":	"vu",
	"679":	"fj",
	"680":	"pw",
	"681":	"wf",
	"682":	"ck",
	"683":	"nu",
	"684":	"unknown",
	"685":	"ws",
	"686":	"ki",
	"687":	"nc",
	"688":	"tv",
	"689":	"pf",
	"690":	"tk",
	"691":	"fm",
	"692":	"mh",
	"693":	"unknown",
	"694":	"unknown",
	"695":	"unknown",
	"696":	"unknown",
	"697":	"unknown",
	"698":	"unknown",
	"699":	"unknown",
	"7":	"ru",
	"800":	"xt",
	"801":	"unknown",
	"802":	"unknown",
	"803":	"unknown",
	"804":	"unknown",
	"805":	"unknown",
	"806":	"unknown",
	"807":	"unknown",
	"808":	"xs",
	"809":	"unknown",
	"81":	"jp",
	"82":	"kr",
	"83":	"unknown",
	"84":	"vn",
	"850":	"kp",
	"851":	"unknown",
	"852":	"hk",
	"853":	"mo",
	"854":	"unknown",
	"855":	"kh",
	"856":	"la",
	"857":	"unknown",
	"858":	"unknown",
	"859":	"unknown",
	"86":	"cn",
	"870":	"xn",
	"871":	"unknown",
	"872":	"pn",
	"873":	"unknown",
	"874":	"unknown",
	"875":	"unknown",
	"876":	"unknown",
	"877":	"unknown",
	"878":	"xp",
	"879":	"unknown",
	"880":	"bd",
	"881":	"xg",
	"882":	"xv",
	"883":	"xl",
	"884":	"unknown",
	"885":	"unknown",
	"886":	"tw",
	"887":	"unknown",
	"888":	"xd",
	"889":	"unknown",
	"89":	"unknown",
	"90":	"tr",
	"91":	"in",
	"92":	"pk",
	"93":	"af",
	"94":	"lk",
	"95":	"mm",
	"960":	"mv",
	"961":	"lb",
	"962":	"jo",
	"963":	"sy",
	"964":	"iq",
	"965":	"kw",
	"966":	"sa",
	"967":	"ye",
	"968":	"om",
	"969":	"unknown",
	"970":	"ps",
	"971":	"ae",
	"972":	"il",
	"973":	"bh",
	"974":	"qa",
	"975":	"bt",
	"976":	"mn",
	"977":	"np",
	"978":	"unknown",
	"979":	"xr",
	"98":	"ir",
	"990":	"unknown",
	"991":	"xc",
	"992":	"tj",
	"993":	"tm",
	"994":	"az",
	"995":	"ge",
	"996":	"kg",
	"997":	"unknown",
	"998":	"uz",
	"999":	"unknown"
}