{
	"name": {
		"formats": {
			"short": "#{givenName} #{familyName}",
			"medium": "#{givenName} #{middleName} #{familyName}",
			"long": "#{prefix} #{givenName} #{middleName} #{familyName}#{suffix}"
		},
		"sortByHeadWord": false,
		"isAsianLocale": false,
		"auxillaries": {
			"mac": 1,
			"mc": 1,

			"von": 1,
			"von der": 1,
			"von den": 1,
			"vom": 1,
			"zu": 1,
			"zum": 1,
			"zur": 1,
			"von und zu": 1,

			"van": 1,
			"van der": 1,
            "van de": 1,
            "van der": 1,
            "van den": 1,
            "de": 1,
            "den": 1,
            "vande": 1,
            "vander": 1,
            
            "di": 1,
		    "de": 1,
		    "da": 1,
		    "della": 1,
			"dalla": 1,
			"la": 1,
			"lo": 1,
			"li": 1, 
			"del": 1,
            
	        "des": 1,
	        "le": 1,
	        "les": 1,
			"du": 1,

	        "de la": 1,
	        "del": 1,
	        "de los": 1,
	        "de las": 1,

			"do": 1,
			"abu": 1,
			"ibn": 1,
			"bar": 1,
			"ter": 1,
			"ben": 1,
			"bin": 1
		},
		"titles": [
			"doctor",
			"dr",
			"rep",
			"representative",
			"senator",
			"congressman",
			"congresswoman",
			"president",
			"vice president",
			"vice-president",
			"mp",
			"member of parliament",
			"chief",
			"justice",
			"chief justice",
			"judge",
			"minister",
			"prime minister",
			"governor general",
			"lieutenant governor",
			"speaker of the house of commons",
			"speaker of the house",
			"speaker of the senate",
			"supreme court justice",
			"secretary of state",
			"mayor",
			"justice of the peace",
			"emporer",
			"chairman",
			"chairwoman",
			"alderman",
			"general secretary",
			"ambassador",
			
			"minister",
			"cardinal",
			"bishop",
			"archbishop",
			"rabbi",
			"grand rabbi",
			"mulah",
			"mullah",
			"canon",
			"cantor",
			"pastor",
			"ps",
			"monsignor",
			"mgsr",
			"pope",
			
			"chef",
			"master",
			"coach",
			"professor",
			"prof",
			"nobel laureate",

			"king",
			"queen",
			"prince",
			"princess",
			"crown prince",
			"crown princess",
			"marquess",
			"marchioness",
			"earl",
			"countess",
			"count",
			"archduke",
			"duke",
			"duchess",
			"baron",
			"baroness",
			"viscount",
			
			"private",
			"private first class",
			"corporal",
			"sargeant",
			"staff sargeant",
			"sargeant first class",
			"master sargeant",
			"first sargeant",
			"sargeant major",
			"command sargeant major",
			"sargeant major of the army",
			"pv1",
			"pv2",
			"pfc",
			"spc",
			"cpl",
			"sgt",
			"ssg",
			"sfc",
			"msg",
			"1sg",
			"sgm",
			"csm",
			"sma",
			"warrant officer",
			"chief warrant officer",
			"second lieutenant",
			"first lieutenant",
			"captain",
			"major",
			"lieutenant colonel",
			"colonel",
			"brigadier general",
			"major general",
			"lieutenant general",
			"general",
			"2lt",
			"1lt",
			"cpt",
			"maj",
			"ltc",
			"col",
			"bg",
			"mg",
			"ltg",
			"gen",
			"general of the army",
			"fleet admiral",
			"admiral",
			"vice admiral",
			"rear admiral",
			"commander",
			"lieutenant commander",
			"lieutenant",
			"lieutenant (junior grade)",
			"ensign",
			"fadm",
			"adm",
			"vadm",
			"radm",
			"rdml",
			"capt",
			"cdr",
			"lcdr",
			"lt",
			"ltjg",
			"ens",
			"petty officer",
			"petty officer first class",
			"petty officer second class",
			"petty officer third class",
			"petty officer 1st class",
			"petty officer 2nd class",
			"petty officer 3rd class",
			"po",
			"po1",
			"po2",
			"po3",
			"chief petty officer",
			"senior chief petty officer",
			"master chief petty officer",
			"cpo",
			"scpo",
			"mcpo",
			"command master chief petty officer",
			"fleet master chief petty officer",
			"force master chief petty officer",
			"cmdcm",
			"fltcm",
			"forcm",
			"master chief petty officer of the navy",
			"mcpon",
			"sergeant major of the marine corps",
			"master gunnery sergeant",
			"gunnery sergeant",
			"lance corporal",
			"sgtmaj",
			"mgysgt",
			"1stsgt",
			"msgt",
			"gysgt",
			"ssgt",
			"sgt",
			"cpl",
			"lcpl",
			"pfc",
			"pvt",
			"airman basic",
			"airman",
			"airman first class",
			"senior airman",
			"technical sergeant",
			"master sergeant",
			"senior master sergeant",
			"chief master sergeant",
			"command chief master sergeant",
			"chief master sergeant of the air force",
			"ab",
			"amn",
			"a1c",
			"sra",
			"tsgt",
			"msgt",
			"smsgt",
			"cmsgt",
			"ccm",
			"cmsaf",
			"field marshal",
			"brigadier",
			"officer cadet",
			"fm",
			"lt gen",
			"maj gen",
			"brig",
			"col",
			"lt col",
			"maj",
			"capt",
			"lt",
			"2lt",
			"ocdt",
			"admiral of the fleet",
			"marshal",
			"marshal of the air force",
			"air marshal",
			"commodore",
			"air commodore",
			"group captain",
			"lieutenant colonel",
			"lt colonel",
			"wing commander",
			"lt commander",
			"commandant",
			"squadron leader",
			"flight lieutenant",
			"sub-lieutenant",
			"flying officer",
			"ensign",
			"second lieutenant",
			"2nd lieutenant",
			"pilot officer",
			"midshipman",
			"warrant officer",
			"leading seaman",
			"seaman",
			"aircraftman",
			"midshipwoman",
			"leading seawoman",
			"seawoman",
			"aircraftwoman",
			"vice-admiral",
			"vadm",
			"lieutenant-general",
			"lgen",
			"rear-admiral",
			"radm",
			"major-general",
			"mgen",
			"brigadier-general",
			"bgen",
			"lieutenant-colonel",
			"lcol",
			"naval cadet",
			"ncdt",
			"able seaman",
			"ab",
			"ordinary seaman",
			"os",
			"pte",
			"master bombardier",
			"trooper",
			"bombardier",
			"sapper",
			"signalman",
			"craftsman",
			"guardsman",
			"rifleman",
			"fusilier",
			
			"chief of police",
			"police commissioner",
			"superintendent",
			"sheriff",
			"deputy chief of police",
			"deputy commissioner",
			"deputy superintendent",
			"undersheriff",
			"deputy sheriff",
			"inspector",
			"deputy inspector",
			"detective",
			"investigator",
			"officer",
			"deputy sheriff",
			"constable",
			"police constable",
			"chief superintendent",
			"assistant chief constable",
			"deputy chief constable",
			"chief constable",
			"assistant commissioner",
			"deputy commissioner",
			"detective constable",
			"staff inspector",
			"staff superintendent",
			"station duty officer",
			"auxiliary sergeant",
			"senior constable",
			"cadet",
			"probationary constable",
			"recruit"
		],
		"honorifics": [
			"mr",
			"mrs",
			"ms",
			"mister",
			"madame",
			"madamoiselle",
			"miss",
			"sir",
			"lady",
			"lord",
			"dame",
			"his royal highness",
			"hrh",
			"his honour",
			"his honor",
			"maestro",
			"his lordship",
			"his majesty",
			"his worship",
			"the right worshipful",
			"the worshipful",
			"the honourable",
			"the right honourable",
			"the honorable",
			"the right honorable",
			"the hon",
			"the most noble",
			"the most honourable",
			"the most honorable",
			"the most hon",
			"the rt hon",
			"the right honourable and learned",
			"the right honourable and gallant",
			"the much honoured",
			"the right honorable and learned",
			"the right honorable and gallant",
			"the much honored",
			"the much hon",
			
			"her royal highness",
			"her honour",
			"her honor",
			"her majesty",
			"her worship",
			"his excellency",
			"her excellency",
			"his serene highness",
			"her serene highness",
			"his most reverend excellency",
			"her most reverend excellency",
			"his holiness",
			"hh",
			"his all holiness",
			"hah",
			"his beatitude",
			"his eminence",
			"he",
			"his beatitude and eminence",
			"father",
			"mother",
			"brother",
			"br",
			"sister",
			"reverend",
			"rev",
			"the most reverend",
			"the most rev",
			"his grace",
			"the right reverend",
			"the rt rev",
			"the most reverend and right honourable",
			"the most reverend and right honorable",
			"the most rev and rt hon",
			"the right reverend and right honourable monsignor",
			"the right reverend and right honorable monsignor",
			"the rt rev and rt hon mgr",
			"the right reverend and right honourable",
			"the right reverend and right honorable",
			"the very reverend",
			"the very rev",
			"the reverend monsignor",
			"the rev msgr",
			"the venerable",
			"venerable",
			"ven",
			"his imperial majesty",
			"his imperial and royal majesty",
			"his apostolic majesty",
			"his catholic majesty",
			"his most faithful majesty",
			"his imperial highness",
			"his imperial and royal highness",
			"his royal highness",
			"his grand ducal highness",
			"his highness",
			"his ducal serene highness",
			"his serene highness",
			"his illustrious highness",
			"his highborn",
			"his grace",
			"his high well-born",
			"his excellency",
			"his high excellency",

			"her imperial majesty",
			"her imperial and royal majesty",
			"her apostolic majesty",
			"her catholic majesty",
			"her most faithful majesty",
			"her imperial highness",
			"her imperial and royal highness",
			"her royal highness",
			"her grand ducal highness",
			"her highness",
			"her ducal serene highness",
			"her serene highness",
			"her illustrious highness",
			"her highborn",
			"her grace",
			"her high well-born",
			"her excellency",
			"her high excellency",
			
			"him",
			"hi&rm",
			"ham",
			"hcm",
			"hfm",
			"hih",
			"hi&rh",
			"hrh",
			"hgdh",
			"hh",
			"hdsh",
			"hsh",
			"hillh",
			"he",
			
			"the",
			"and",
			"or",
			
			"aunt",
			"uncle",
			"grandma",
			"grandpa",
			"granma",
			"grampa",
			"cousin"
		],
		"suffixes": [
			"junior",
			"jr",
			"senior",
			"sr",
			"i",
			"iii",
			"iii",
			"iv",
			"v",
			"vi",
			"vii",
			"viii",
			"ix",
			"x",
			"2nd",
			"3rd",
			"4th",
			"5th",
			"6th",
			"7th",
			"8th",
			"9th",
			"10th",
			"esquire",
			"esq",
			"jd",
			"phd",
			"md",
			"ddm",
			"dds",
			"dmv",
			"bvsc",
			"ah",
			"bsc",
			"ba",
			"ret",
			"retired"
		]
	}
}

