{
	"name": {
		"formats": {
			"short": "#{givenName} #{familyName}",
			"medium": "#{givenName} #{middleName} #{familyName}",
			"long": "#{prefix} #{givenName} #{middleName} #{familyName}#{suffix}"
		},
		"sortByHeadWord": false,
		"isAsianLocale": false,
	    "auxillaries": {
	        "de": 1,
	        "de la": 1,
	        "del": 1,
	        "de los": 1,
	        "de las": 1,

			"mac": 1,
			"mc": 1,

			"von": 1,
			"von der": 1,
			"von den": 1,
			"vom": 1,
			"zu": 1,
			"zum": 1,
			"zur": 1,
			"von und zu": 1,

			"van": 1,
			"van der": 1,
            "van de": 1,
            "van der": 1,
            "van den": 1,
            "de": 1,
            "den": 1,
            "vande": 1,
            "vander": 1,
            
            "di": 1,
		    "de": 1,
		    "da": 1,
		    "della": 1,
			"dalla": 1,
			"la": 1,
			"lo": 1,
			"li": 1, 
			"del": 1,
            
	        "des": 1,
	        "le": 1,
	        "les": 1,
			"du": 1,

			"do": 1,
			"abu": 1,
			"ibn": 1,
			"bar": 1,
			"ter": 1,
			"ben": 1,
			"bin": 1
	    },
	    "titles": [
	        "doctor",
	        "dr",
	        "presidente",
	        "vicepresidente",
	        "profesor",
	        "prof",
	        "licenciado",
	        "licenc",
	        "ingeniero",
	        "ing",
	        "arquitecto",
	        "arq",
	        "cardenal",
	        "monseñor",
	        "madre",
	        "padre",
	        "hermana",
	        "hermano",
	        "madrina",
	        "padrino",
	        "mamá",
	        "papá",
	        "tía",
	        "tío",
	        "abuela",
	        "abuelo",
	        "abuelita",
	        "abuelito",
	        "primo",
	        "prima",
	        "nono",
	        "nona",
	        "capitán",
	        "general",
	        "coronel",
	        "mayor",
	        "almirante",
	        "general",
	        "comandante",
	        "teniente",
	        "teniente coronel",
	        "teniente general",
	        "detective",
	        "ministro",
	        "alcalde",
	        "alcaldesa",
	        "embajador",
	        "embajadora" 
	    ],
	    "honorifics": [
	        "don",
	        "doña",
	        "señor",
	        "el señor",
	        "señora",
	        "la señora",
	        "señorita",
	        "la señorita",
	        "sr",
	        "sra",
	        "srta",
	        "el sr",
	        "la sra",
	        "la srta",
	        "reverendo",
	        "reverenda",
	        "su excelencia",
	        "su santidad",
	        "el presidente",
	        "su excelencia",
	        "excelentísimo señor",
	        "excelentísima señora",
	        "señor ministro",
	        "señora ministra",
	        "señor alcalde",
	        "señora alcaldesa",
	        "su eminencia",
	        "honorable señor",
	        "honorable señora",
	        "la",
	        "el",
	        "los",
	        "las",
	        "y",
	        "e",
	        "o",
	        "u" 
	    ],
	    "suffixes": [
	        "sr",
	        "senior",
	        "jr",
	        "junior",
	        "hijo",
	        "padre",
	        "ii",
	        "iii",
	        "iv",
	        "v",
	        "vi",
	        "vii",
	        "viii",
	        "ix",
	        "x"
	    ] 
	}
}