{
	"name": {
		"formats": {
			"short": "#{givenName} #{familyName}",
			"medium": "#{givenName} #{middleName} #{familyName}",
			"long": "#{prefix} #{givenName} #{middleName} #{familyName}#{suffix}"
		},
		"sortByHeadWord": false,
		"isAsianLocale": false,
	    "auxillaries": {
	        "aux": 1,
	        "la": 1,
	        "le": 1,
	        "les": 1,
	        "de la": 1,
	        "du": 1,
	        "des": 1,

			"mac": 1,
			"mc": 1,

			"von": 1,
			"von der": 1,
			"von den": 1,
			"vom": 1,
			"zu": 1,
			"zum": 1,
			"zur": 1,
			"von und zu": 1,

			"van": 1,
			"van der": 1,
            "van de": 1,
            "van der": 1,
            "van den": 1,
            "de": 1,
            "den": 1,
            "vande": 1,
            "vander": 1,
            
            "di": 1,
		    "da": 1,
		    "della": 1,
			"dalla": 1,
			"lo": 1,
			"li": 1, 
			"del": 1,
            
	        "del": 1,
	        "de los": 1,
	        "de las": 1,

			"do": 1,
			"abu": 1,
			"ibn": 1,
			"bar": 1,
			"ter": 1,
			"ben": 1,
			"bin": 1
	    },
	    "titles": [
	        "baron",
	        "baronne",
	        "bey",
	        "calife",
	        "cheikh",
	        "cheykha",
	        "comte",
	        "comtesse",
	        "cousin",
	        "cousine",
	        "docteur",
	        "dom",
	        "dr",
	        "duc",
	        "duchesse",
	        "émir",
	        "émira",
	        "frère",
	        "grand-mère",
	        "grand-oncle",
	        "grand-père",
	        "grand-tante",
	        "hadjib",
	        "lady",
	        "lord",
	        "madame la présidente",
	        "malik",
	        "mamy",
	        "marquis",
	        "marquise",
	        "marraine",
	        "mère",
	        "monsieur le président",
	        "neveu",
	        "nièce",
	        "nizam",
	        "oncle",
	        "padishah",
	        "papy",
	        "parrain",
	        "père",
	        "pervane",
	        "petite-nièce",
	        "petit-neveu",
	        "pr",
	        "président",
	        "présidente",
	        "professeur",
	        "professeure",
	        "râja",
	        "rani",
	        "révérend père",
	        "révérend",
	        "révérende",
	        "révérende mère",
	        "sa",
	        "sai",
	        "sar",
	        "sas",
	        "se",
	        "shah",
	        "sir",
	        "sm",
	        "sm",
	        "smi",
	        "sœur",
	        "sultan",
	        "sultane",
	        "tante",
	        "veuve",
	        "vicomte",
	        "vicomtesse",
	        "vizir" 
	    ],
	    "honorifics": [
	        "et",
	        "la",
	        "le",
	        "les",
	        "m",
	        "madame",
	        "mademoiselle",
	        "maîtres",
	        "maître",
	        "majesté",
	        "mes",
	        "mesdames",
	        "mesdemoiselles",
	        "messieurs",
	        "mgr",
	        "mlle",
	        "mlles",
	        "mm",
	        "mme",
	        "mmes",
	        "monseigneur",
	        "monsieur",
	        "ou",
	        "son",
	        "sa",
	        "sainteté",
	        "altesse",
	        "royale",
	        "sérénissime",
	        "éminence",
	        "excellence"
	    ],
	    "suffixes": [
	        "docteur en philosophie",
	        "docteur en médecine",
	        "docteur en linguistique",
	        "docteur en physique",
	        "docteur en chimie",
	        "docteur en mathématiques",
	        "docteur en droit",
	        "docteur en chirurgie dentaire",
	        "docteur en pharmacie",
	        "docteur en médecine vétérinaire" 
	    ] 
	}
}