{
	"name": {
		"formats": {
			"short": "#{givenName} #{familyName}",
			"medium": "#{givenName} #{middleName} #{familyName}",
			"long": "#{prefix} #{givenName} #{middleName} #{familyName}#{suffix}"
		},
		"sortByHeadWord": false,
		"isAsianLocale": false,
	    "auxillaries": {
            "di": 1,
		    "de": 1,
		    "da": 1,
		    "della": 1,
			"dalla": 1,
			"la": 1,
			"lo": 1,
			"li": 1, 
			"del": 1,

			"degli": 1, 
			"dei": 1, 
			"lu": 1,
			"dal": 1,

			"mac": 1,
			"mc": 1,

			"von": 1,
			"von der": 1,
			"von den": 1,
			"vom": 1,
			"zu": 1,
			"zum": 1,
			"zur": 1,
			"von und zu": 1,

			"van": 1,
			"van der": 1,
            "van de": 1,
            "van der": 1,
            "van den": 1,
            "de": 1,
            "den": 1,
            "vande": 1,
            "vander": 1,
            
	        "des": 1,
	        "le": 1,
	        "les": 1,
			"du": 1,

	        "de la": 1,
	        "del": 1,
	        "de los": 1,
	        "de las": 1,

			"do": 1,
			"abu": 1,
			"ibn": 1,
			"bar": 1,
			"ter": 1,
			"ben": 1,
			"bin": 1
		},
	    "titles": [
	        "ingegnere",
	        "ing",
	        "geometra",
	        "avvocato",
	        "notaio",
	        "dottore",
	        "dott",
	        "ragioniere",
	        "architetto",
	        "dottoressa",
	        "maestro",
	        "prof",
	        "professor",
	        "professore",
	        "professoressa",
	        "fra",
	        "frate",
	        "fratello",
	        "suor",
	        "suora",
	        "sorella",
	        "don",
	        "padre",
	        "monsignore",
	        "cavaliere",
	        "commendatore",
	        "onorevole",
	        "colonnello",
	        "generale",
	        "tenente",
	        "maresciallo",
	        "madre",
	        "zio",
	        "zia",
	        "nonna",
	        "nonno" 
	    ],
	    "honorifics": [
	        "signor",
	        "signore",
	        "sig",
	        "signora",
	        "sigra",
	        "signorina",
	        "signa",
	        "sgna" 
	    ],
	    "suffixes": [
	        
	    ] 
	}
}


