{
	"name": {
		"formats": {
			"short": "#{givenName} #{familyName}",
			"medium": "#{givenName} #{middleName} #{familyName}",
			"long": "#{prefix} #{givenName} #{middleName} #{familyName}#{suffix}"
		},
		"sortByHeadWord": true,
		"isAsianLocale": false,
        "auxillaries": {
            "van": 1,
            "van de": 1,
            "van der": 1,
            "van den": 1,
            "van het": 1,
            "'t": 1,
            "`t": 1,
            "olde": 1,
            "oude": 1,
            "van `t": 1,
            "van 't": 1,
            "ten": 1,
            "te": 1,
            "ter": 1,
            "op het": 1,
            "op de": 1,
            "op `t": 1,
            "op 't": 1,
            "de": 1,
            "den": 1,
            "het": 1,
            "in de": 1,
            "op het": 1,
            "op de": 1,
            "in den": 1,
            "in het": 1,
            "vande": 1,
            "vander": 1,
            
			"mac": 1,
			"mc": 1,

			"von": 1,
			"von der": 1,
			"von den": 1,
			"vom": 1,
			"zu": 1,
			"zum": 1,
			"zur": 1,
			"von und zu": 1,

            "di": 1,
		    "de": 1,
		    "da": 1,
		    "della": 1,
			"dalla": 1,
			"la": 1,
			"lo": 1,
			"li": 1, 
			"del": 1,
            
	        "des": 1,
	        "le": 1,
	        "les": 1,
			"du": 1,

	        "de la": 1,
	        "del": 1,
	        "de los": 1,
	        "de las": 1,

			"do": 1,
			"abu": 1,
			"ibn": 1,
			"bar": 1,
			"ter": 1,
			"ben": 1,
			"bin": 1
        },
        "titles": [
            "dr",
            "president",
            "drs",
            "ds",
            "mr",
            "ir",
            "ing",
            "prof",
            "hc",
            "professor",
            "jhr",
            "meester",
            "moeder",
            "vader",
            "zus",
            "broer",
            "peetmoeder",
            "peetvader",
            "tante",
            "oom",
            "oma",
            "opa",
            "neef",
            "nicht",
            "achterneef",
            "achterneef",
            "zwager",
            "schoonzus",
            "overgrootmoeder",
            "overgrootvader",
            "betovergrootmoeder",
            "betovergrootvader",
            "oudoom",
            "oudtante",
            "zoon",
            "dochter",
            "pleegzoon",
            "pleegdochter",
            "kapitein",
            "generaal",
            "majoor",
            "luitenant",
            "sergeant",
            "kolonel",
            "korporaal",
            "sergeant-majoor",
            "vaandrig",
            "adjudant",
            "admiraal",
            "veldmaarschalk",
            "broeder",
            "vader",
            "zuster",
            "graaf",
            "jonkheer",
            "baron",
            "juffrouw",
            "hertog" 
        ],
        "honorifics": [
            "meneer",
            "mevrouw",
            "dhr",
            "mw",
            "mevr",
            "mijnheer",
            "eerwaarde dame",
            "de weleerwaarde heer",
            "de heer",
            "professor",
            "excellentie",
            "de weleerwaarde zeergeleerde",
            "excellentie",
            "de hoogedelgestrenge",
            "de weledelgestrenge",
            "koninklijke hoogheid",
            "majesteit",
            "hoogheid",
            "de hooggeboren",
            "de hoogwelgeboren",
            "paus",
            "dominee",
            "kapelaan",
            "pastoor",
            "imam",
            "kardinaal",
            "bisschop",
            "aartsbisschop",
            "rabbijn" 
        ],
        "suffixes": [
			"ba",  
			"bacc",
			"lic",
			"ma",
			"msc",
			"bcs",
			"ba",
			"llb",
			"m",
			"b",
			"ad",
			"jr",
			"sr"
		]
    }
}
