{
	"name": {
		"formats": {
			"short": "#{familyName}#{givenName}",
			"medium": "#{prefix}#{familyName}#{givenName}#{middleName}",
			"long": "#{prefix}#{familyName}#{givenName}#{middleName}#{suffix}"
		},
		"sortByHeadWord": false,
		"isAsianLocale": true,
		"knownFamilyNames": {
			"愛": "Ài",
			"艾": "Ài",
			"安": "Ān",
			"敖": "Áo",
			"白": "Bái1",
			"百": "Bǎi2",
			"百里": "Bǎilǐ",
			"班": "Bān",
			"包": "Bāo1",
			"保": "Bǎo2",
			"鲍": "Bào3",
			"鮑": "Bào4",
			"暴": "Bào5",
			"巴": "Bā",
			"贝": "Bèi1",
			"貝": "Bèi2",
			"賁": "Bēn",
			"毕": "Bì1",
			"畢": "Bì2",
			"边": "Biān1",
			"邊": "Biān2",
			"卞": "Biàn3",
			"別": "Bié",
			"邴": "Bǐng",
			"伯": "Bó1",
			"薄": "Bó2",
			"柏": "Bò3",
			"卜": "Bŭ1",
			"步": "Bù2",
			"蔡": "Cài",
			"蒼": "Cāng",
			"曹": "Cáo",
			"曾": "Céng",
			"岑": "Cén",
			"柴": "Chái",
			"单": "Chán1",
			"單": "Chán2",
			"常": "Cháng1",
			"昌": "Chāng2",
			"畅": "Chàng3",
			"长孙": "Chángsūn1",
			"長孫": "Chángsūn2",
			"單于": "Chányú",
			"晁": "Cháo1",
			"巢": "Cháo2",
			"查": "Chá",
			"车": "Chē1",
			"車": "Chē2",
			"沈": "Chén1",
			"陈": "Chén2",
			"陳": "Chén3",
			"成": "Chéng1",
			"程": "Chéng2",
			"盛": "Chéng3",
			"池": "Chí1",
			"迟": "Chí2",
			"郗": "Chī3",
			"充": "Chōng",
			"仇": "Chóu",
			"褚": "Chǔ1",
			"楚": "Chǔ2",
			"儲": "Chǔ3",
			"淳于": "Chúnyú",
			"褚师": "Chǔshī",
			"丛": "Cóng1",
			"從": "Cōng2",
			"崔": "Cuī",
			"戴": "Dài",
			"党": "Dǎng1",
			"黨": "Dǎng2",
			"澹台": "Dàntái1",
			"澹臺": "Dàntái2",
			"石": "Dàn",
			"达奚": "Dáxī",
			"笪": "Dá",
			"邓": "Dèng1",
			"鄧": "Dèng2",
			"狄": "Dí1",
			"翟": "Dí2",
			"刁": "Diāo",
			"丁": "Dīng",
			"第五": "Dìwǔ",
			"邸": "Dǐ",
			"東": "Dōng1",
			"董": "Dǒng2",
			"东方": "Dōngfāng1",
			"東方": "Dōngfāng2",
			"东宫": "Dōnggōng",
			"东郭": "Dōngguō1",
			"東郭": "Dōngguō2",
			"东里": "Dōnglǐ",
			"東門": "Dōngmén",
			"窦": "Dòu1",
			"竇": "Dòu2",
			"都": "Dōu",
			"督": "Dū1",
			"堵": "Dǔ2",
			"杜": "Dù3",
			"段干": "Duàngān",
			"端木": "Duānmù",
			"段": "Duàn",
			"独孤": "Dúgū",
			"佴": "Èr",
			"鄂": "È",
			"樊": "Fán1",
			"范": "Fàn2",
			"方": "Fāng1",
			"房": "Fáng2",
			"法": "Fǎ",
			"费": "Fèi1",
			"費": "Fèi2",
			"封": "Fēng1",
			"豐": "Fēng2",
			"酆": "Fēng3",
			"冯": "Féng4",
			"馮": "Féng5",
			"凤": "Fèng6",
			"鳳": "Fèng7",
			"伏": "Fú1",
			"扶": "Fú2",
			"符": "Fú3",
			"福": "Fú4",
			"付": "Fù5",
			"富": "Fù6",
			"傅": "Fù7",
			"盖": "Gài1",
			"蓋": "Gài2",
			"干": "Gān1",
			"甘": "Gān2",
			"高": "Gāo1",
			"郜": "Gào2",
			"戈": "Gē1",
			"葛": "Gé2",
			"耿": "Gěng",
			"公": "Gōng1",
			"弓": "Gōng2",
			"宫": "Gōng3",
			"宮": "Gōng4",
			"龚": "Gōng5",
			"龔": "Gōng6",
			"巩": "Gǒng7",
			"鞏": "Gǒng8",
			"公伯": "Gōngbó",
			"公乘": "Gōngchéng",
			"公户": "Gōnghù",
			"公坚": "Gōngjiān",
			"公良": "Gōngliáng",
			"公门": "Gōngmén",
			"公上": "Gōngshàng",
			"公山": "Gōngshān",
			"公孙": "Gōngsūn1",
			"公孫": "Gōngsūn2",
			"公西": "Gōngxī1",
			"公皙": "Gōngxī2",
			"公羊": "Gōngyáng",
			"公冶": "Gōngyě",
			"公仪": "Gōngyí",
			"公玉": "Gōngyù",
			"公仲": "Gōngzhòng",
			"公祖": "Gōngzǔ",
			"貢": "Gòng",
			"勾": "Gōu1",
			"緱": "Gōu2",
			"苟": "Gǒu3",
			"古": "Gǔ1",
			"谷": "Gǔ2",
			"贾": "Gǔ3",
			"滑": "Gǔ4",
			"賈": "Gǔ5",
			"顾": "Gù6",
			"顧": "Gù7",
			"关": "Guān1",
			"官": "Guān2",
			"關": "Guān3",
			"廣": "Guǎng",
			"贯丘": "Guànqiū",
			"管": "Guǎn",
			"歸": "Guī1",
			"桂": "Guì2",
			"谷梁": "Gǔliáng1",
			"穀粱": "Gǔliáng2",
			"郭": "Guō1",
			"國": "Guó2",
			"辜": "Gū",
			"海": "Hǎi",
			"韩": "Hán1",
			"韓": "Hán2",
			"杭": "Háng",
			"郝": "Hǎo",
			"哈": "Hā",
			"何": "Hé1",
			"和": "Hé2",
			"贺": "Hè3",
			"賀": "Hè4",
			"赫连": "Hèlián1",
			"赫連": "Hèlián2",
			"衡": "Héng",
			"弘": "Hóng1",
			"紅": "Hóng2",
			"洪": "Hóng3",
			"侯": "Hóu1",
			"后": "Hòu2",
			"後": "Hòu3",
			"胡": "Hú1",
			"扈": "Hù2",
			"华": "Huá1",
			"華": "Huá2",
			"懷": "Huái",
			"桓": "Huán1",
			"宦": "Huàn2",
			"皇甫": "Huángfǔ",
			"黄": "Huáng",
			"花": "Huā",
			"惠": "Huì",
			"霍": "Huò",
			"呼延": "Hūyán",
			"姬": "Jī01",
			"嵇": "Jī02",
			"吉": "Jí03",
			"汲": "Jí04",
			"籍": "Jí05",
			"计": "Jì06",
			"纪": "Jì07",
			"紀": "Jì08",
			"計": "Jì09",
			"季": "Jì10",
			"薊": "Jì11",
			"暨": "Jì12",
			"冀": "Jì13",
			"家": "Jiā1",
			"郟": "Jiá2",
			"夹谷": "Jiāgǔ1",
			"夾谷": "Jiāgǔ2",
			"简": "Jiǎn1",
			"簡": "Jiǎn2",
			"江": "Jiāng1",
			"姜": "Jiāng2",
			"蒋": "Jiǎng3",
			"蔣": "Jiǎng4",
			"焦": "Jiāo",
			"揭": "Jiē1",
			"解": "Jiě2",
			"即墨": "Jímò",
			"晋": "Jìn1",
			"晉": "Jìn2",
			"靳": "Jìn3",
			"荊": "Jīng1",
			"荆": "Jīng2",
			"經": "Jīng3",
			"井": "Jǐng4",
			"景": "Jǐng5",
			"金": "Jīn",
			"鞠": "Jū1",
			"瞿": "Jù2",
			"居": "Jū",
			"康": "Kāng1",
			"亢": "Kàng2",
			"闞": "Kàn",
			"柯": "Kē",
			"空": "Kōng1",
			"孔": "Kǒng2",
			"寇": "Kòu",
			"蒯": "Kuǎi",
			"匡": "Kuāng1",
			"況": "Kuàng2",
			"夔": "Kuí",
			"蓝": "La1",
			"藍": "La2",
			"来": "Lái1",
			"赖": "Lài2",
			"賴": "Lài3",
			"郎": "Láng",
			"兰": "Lán",
			"勞": "Láo",
			"乐": "Lè1",
			"樂": "Lè2",
			"雷": "Léi",
			"冷": "Lěng",
			"乐正": "Lèzhēng1",
			"樂正": "Lèzhēng2",
			"黎": "Lí1",
			"李": "Lǐ2",
			"利": "Lì3",
			"栗": "Lì4",
			"厲": "Lì5",
			"酈": "Lì6",
			"连": "Lián1",
			"連": "Lián2",
			"廉": "Lián3",
			"梁丘": "Liángqiū",
			"梁": "Liáng",
			"练": "Liàn",
			"廖": "Liào",
			"林": "Lín1",
			"藺": "Lìn2",
			"令狐": "Lìnghú",
			"凌": "Líng",
			"刘": "Liú1",
			"劉": "Liú2",
			"柳": "Liǔ3",
			"陆": "Liù4",
			"陸": "Liù5",
			"龙": "Lóng1",
			"龍": "Lóng2",
			"隆": "Lōng3",
			"娄": "Lóu1",
			"婁": "Lóu2",
			"卢": "Lú01",
			"芦": "Lú02",
			"盧": "Lú03",
			"鲁": "Lǔ04",
			"魯": "Lǔ05",
			"祿": "lù06",
			"逯": "Lù07",
			"路": "Lù08",
			"吕": "Lǚ09",
			"呂": "Lǚ10",
			"栾": "Luán1",
			"欒": "Luán2",
			"罗": "Luō1",
			"骆": "Luò1",
			"羅": "Luó2",
			"駱": "Luò2",
			"闾丘": "Lǘqiū1",
			"閭丘": "Lǘqiū2",
			"麻": "Má1",
			"马": "Mǎ2",
			"馬": "Mǎ3",
			"麦": "Mài",
			"滿": "Mǎn",
			"毛": "Máo1",
			"茅": "Máo2",
			"梅": "Méi",
			"蒙": "Mēng1",
			"孟": "Mèng2",
			"糜": "Mí1",
			"米": "Mǐ2",
			"宓": "Mì3",
			"苗": "Miáo1",
			"缪": "Miào2",
			"繆": "Miào3",
			"乜": "Miē",
			"闵": "Mǐn1",
			"閔": "Mǐn2",
			"明": "Míng",
			"莫": "Mò1",
			"墨": "Mò2",
			"牟": "Móu",
			"木": "Mù1",
			"牧": "Mù2",
			"慕": "Mù3",
			"穆": "Mù4",
			"慕容": "Mùróng",
			"南宫": "Nángōng1",
			"南宮": "Nángōng2",
			"南门": "Nánmén1",
			"南門": "Nánmén2",
			"南荣": "Nánróng",
			"铙": "Náo",
			"那": "Nǎ",
			"能": "Néng",
			"年": "Nián",
			"聂": "Niè1",
			"聶": "Niè2",
			"宁": "Níng1",
			"寧": "Níng2",
			"牛": "Niú1",
			"鈕": "Niǔ2",
			"倪": "Ní",
			"農": "Nóng",
			"欧": "Ōu1",
			"歐": "Ōu2",
			"欧阳": "Ōuyáng1",
			"歐陽": "Ōuyáng2",
			"庞": "Páng1",
			"逄": "Páng2",
			"龐": "Páng3",
			"潘": "Pān",
			"裴": "Péi",
			"彭": "Péng1",
			"蓬": "Péng2",
			"平": "Píng",
			"皮": "Pí",
			"濮": "Pú1",
			"蒲": "Pú2",
			"浦": "Pǔ3",
			"濮阳": "Púyáng1",
			"濮陽": "Púyáng2",
			"祁": "Qí1",
			"齐": "Qí2",
			"齊": "Qí3",
			"钱": "Qián1",
			"錢": "Qián2",
			"强": "Qiáng1",
			"強": "Qiáng2",
			"乔": "Qiáo1",
			"喬": "Qiáo2",
			"譙": "Qiáo3",
			"漆雕": "Qīdiāo",
			"亓官": "Qíguān",
			"欽": "Qīn1",
			"秦": "Qín2",
			"琴": "Qín3",
			"丘": "Qiū1",
			"邱": "Qiū2",
			"秋": "Qiū3",
			"裘": "Qiú4",
			"戚": "Qī",
			"曲": "Qū1",
			"屈": "Qū2",
			"璩": "Qú3",
			"麴": "Qú4",
			"全": "Quán1",
			"權": "Quán2",
			"闕": "Quē",
			"壤驷": "Rǎngsì1",
			"壤駟": "Rǎngsì2",
			"冉": "Rǎn",
			"饒": "Ráo",
			"任": "Rèn",
			"戎": "Róng1",
			"容": "Róng2",
			"榮": "Róng3",
			"融": "Róng4",
			"茹": "Rú1",
			"汝": "Rǔ2",
			"阮": "Ruǎn",
			"芮": "Ruì",
			"桑": "Sāng",
			"商": "Shāng1",
			"賞": "Shǎng2",
			"尚": "Shàng3",
			"上官": "Shàngguān",
			"山": "Shān",
			"韶": "Sháo1",
			"邵": "Shào2",
			"沙": "Shā",
			"佘": "Shé1",
			"厙": "Shè2",
			"申": "Shēn1",
			"莘": "Shēn2",
			"慎": "Shèn3",
			"申屠": "Shēntú",
			"師": "Shī1",
			"施": "Shī2",
			"时": "Shí3",
			"時": "Shí4",
			"史": "Shǐ5",
			"壽": "Shòu",
			"殳": "Shū1",
			"舒": "Shū2",
			"束": "Shù3",
			"帥": "Shuài",
			"雙": "Shuāng",
			"水": "Shuǐ",
			"司空": "Sīkōng",
			"司寇": "Sīkòu",
			"司马": "Sīmǎ1",
			"司馬": "Sīmǎ2",
			"司徒": "Sītú",
			"司": "Sī",
			"松": "Sōng1",
			"宋": "Sòng2",
			"苏": "Sū1",
			"蘇": "Sū2",
			"隋": "Suí",
			"孙": "Sūn1",
			"孫": "Sūn2",
			"索": "Suǒ",
			"宿": "Sù",
			"拓拔": "Tàbá1",
			"拓跋": "Tàbá2",
			"台": "Tái1",
			"邰": "Tái2",
			"太史": "Tàishǐ2",
			"太叔": "Tàishū1",
			"谈": "Tán1",
			"覃": "Tán2",
			"談": "Tán3",
			"谭": "Tán4",
			"譚": "Tán5",
			"汤": "Tāng1",
			"湯": "Tāng2",
			"唐": "Táng3",
			"陶": "Táo",
			"腾": "Téng1",
			"滕": "Téng2",
			"田": "Tián",
			"通": "Tōng1",
			"佟": "Tóng2",
			"童": "Tóng3",
			"鈄": "Tǒu",
			"涂": "Tú1",
			"屠": "Tú2",
			"万": "Wàn1",
			"萬": "Wàn2",
			"汪": "Wāng1",
			"王": "Wáng2",
			"万俟": "Wànsì",
			"危": "Wēi1",
			"韦": "Wéi2",
			"韋": "Wéi3",
			"隗": "Wěi4",
			"卫": "Wèi5",
			"位": "Wèi6",
			"衛": "Wèi7",
			"蔚": "Wèi8",
			"魏": "Wèi9",
			"尉迟": "Wèichí1",
			"尉遲": "Wèichí2",
			"微生": "Wēishēng",
			"溫": "Wēn1",
			"温": "Wēn2",
			"文": "Wén3",
			"聞": "Wén4",
			"翁": "Wēng",
			"闻人": "Wénrén1",
			"聞人": "Wénrén2",
			"沃": "Wò",
			"巫": "Wū1",
			"烏": "Wū2",
			"邬": "Wū3",
			"鄔": "Wū4",
			"毋": "Wú5",
			"吴": "Wú6",
			"吳": "Wú7",
			"伍": "Wǔ8",
			"武": "Wǔ9",
			"巫马": "Wūmǎ1",
			"巫馬": "Wūmǎ2",
			"习": "Xí1",
			"奚": "Xī1",
			"席": "Xí2",
			"郤": "Xì2",
			"習": "Xí3",
			"袭": "Xí4",
			"夏侯": "Xiàhóu",
			"冼": "Xiǎn1",
			"咸": "Xián2",
			"相": "Xiāng1",
			"向": "Xiàng2",
			"项": "Xiàng3",
			"項": "Xiàng4",
			"鲜于": "Xiānyú1",
			"鮮于": "Xiānyú2",
			"萧": "Xiāo1",
			"蕭": "Xiāo2",
			"萧肖": "Xiāoxiào",
			"夏": "Xià",
			"谢": "Xiè1",
			"謝": "Xiè2",
			"西门": "Xīmén1",
			"西門": "Xīmén2",
			"刑": "Xíng1",
			"邢": "Xíng2",
			"姓": "Xìng3",
			"幸": "Xìng4",
			"辛": "Xīn",
			"熊": "Xióng",
			"胥": "Xū1",
			"須": "Xū2",
			"许": "Xǔ3",
			"許": "Xǔ4",
			"轩辕": "Xuānyuán1",
			"軒轅": "Xuānyuán2",
			"宣": "Xuān",
			"薛": "Xuē",
			"荀": "Xún",
			"徐": "Xú",
			"殷": "Yān01",
			"燕": "Yān02",
			"鄢": "Yān03",
			"言": "Yán04",
			"严": "Yán05",
			"閆": "Yán06",
			"阎": "Yán07",
			"閻": "Yán08",
			"颜": "Yán09",
			"顏": "Yán10",
			"嚴": "Yán11",
			"晏": "Yàn12",
			"羊": "Yáng1",
			"阳": "Yáng2",
			"扬": "Yáng3",
			"杨": "Yáng4",
			"陽": "Yáng5",
			"楊": "Yáng6",
			"仰": "Yǎng7",
			"養": "Yǎng8",
			"羊舌": "Yángshé",
			"姚": "Yáo",
			"叶": "Yè1",
			"葉": "Yè2",
			"衣": "Yī1",
			"伊": "Yī2",
			"易": "Yì3",
			"羿": "Yì4",
			"益": "Yì5",
			"陰": "Yīn1",
			"银": "Yín2",
			"尹": "Yǐn3",
			"印": "Yìn4",
			"应": "Yīng1",
			"應": "Yīng2",
			"雍": "Yōng",
			"尤": "Yóu1",
			"游": "Yóu2",
			"有": "Yǒu3",
			"于": "Yú01",
			"余": "Yú02",
			"俞": "Yú03",
			"魚": "Yú04",
			"虞": "Yú05",
			"宇": "Yǔ06",
			"禹": "Yǔ07",
			"庾": "Yǔ08",
			"郁": "Yù09",
			"喻": "Yù10",
			"鬱": "Yù11",
			"元": "Yuán1",
			"原": "Yuán2",
			"袁": "Yuán3",
			"苑": "Yuàn4",
			"岳": "Yuè1",
			"越": "Yuè2",
			"云": "Yún1",
			"雲": "Yún2",
			"宇文": "Yǔwén",
			"於": "Yū",
			"宰父": "Zǎifù",
			"宰": "Zǎi",
			"臧": "Zāng",
			"昝": "Zăn",
			"湛": "Zhàn1",
			"詹": "Zhān2",
			"张": "Zhāng1",
			"張": "Zhāng2",
			"章": "Zhāng3",
			"仉": "Zhǎng4",
			"赵": "Zhào1",
			"趙": "Zhào2",
			"郑": "Zhèng1",
			"鄭": "Zhèng2",
			"甄": "Zhēn",
			"支": "Zhī1",
			"植": "Zhí2",
			"钟": "Zhōng1",
			"終": "Zhōng2",
			"鍾": "Zhōng3",
			"仲": "Zhòng4",
			"仲长": "Zhòngcháng",
			"钟离": "Zhōnglí1",
			"鐘離": "Zhōnglí2",
			"仲孙": "Zhòngsūn1",
			"仲孫": "Zhòngsūn2",
			"周": "Zhōu",
			"朱": "Zhū1",
			"竺": "Zhú1",
			"祝": "Zhù2",
			"諸": "Zhū2",
			"庄": "Zhuāng1",
			"莊": "Zhuāng2",
			"颛孙": "Zhuānsūn1",
			"顓孫": "Zhuānsūn2",
			"诸葛": "Zhūgé1",
			"諸葛": "Zhūgé2",
			"卓": "Zhuó",
			"子车": "Zǐchē1",
			"子車": "Zǐchē2",
			"子桑": "Zǐsāng",
			"子书": "Zǐshū",
			"訾": "Zī",
			"宗政": "Zōngzhèng",
			"宗": "Zōng",
			"邹": "Zōu1",
			"鄒": "Zōu2",
			"左": "Zuǒ3",
			"左丘": "Zuǒqiū",
			"祖": "Zǔ"
	    },
		"auxillaries": {
	    },
	    "titles": [
			"首席执行官",
			"首席執行官",
			"首席财务官",
			"首席財務官",
			"首席技术官",
			"首席技術官",
			"首席运营官",
			"首席營運官",
			"堂哥",
			"堂弟",
			"堂姐",
			"堂妹",
			"表哥",
			"表弟",
			"表姐",
			"表妹"
		],
		"honorifics": [
			"老",
			"小",
			"和",
			"与",
			"與",
			"及",
			"全家",
			"一家",
			"姥爷",
			"姥爺",
			"外婆",
			"叔父",
			"婶婶",
			"舅媽",
			"嬸嬸",
			"舅舅",
			"舅妈",
			"姨丈",
			"姨父",
			"姑妈",
			"姑媽",
			"姑父",
			"姑丈",
			"儿子",
			"兒子",
			"女儿",
			"女兒",
			"孙子",
			"孫子",
			"孙女",
			"孫女",
		    "妹婿",
			"嫂嫂",
			"弟媳",
			"侄子",
			"侄女",
			"外甥",
			"外甥女"
		],
		"suffixes": [
			"首席执行官",
			"首席财务官",
			"首席技术官",
			"首席运营官",
			"姥爷",
			"姥爺",
			"姨父",
			"姑父",
			"孙子",
			"孫子",
			"孙女",
			"孫女",
			"外婆",
			"叔父",
			"婶婶",
			"舅媽",
			"嬸嬸",
			"舅舅",
			"舅妈",
			"姨丈",
			"姑妈",
			"姑媽",
			"姑丈",
			"儿子",
			"兒子",
			"女儿",
			"女兒",
			"妹婿",
			"嫂嫂",
			"弟媳",
			"侄子",
			"侄女",
			"外甥",
			"外甥女",
			"老师",
			"老師",
			"校长",
			"校長",
			"博士",
			"教授",
			"律师",
			"律師",
			"法官",
			"医生",
			"护士",
			"会计",
			"工程师",
			"总工程师",
			"总经理",
			"经理",
			"老板",
			"老总",
			"部长",
			"司长",
			"局长",
			"处长",
			"厅长",
			"科长",
			"课长",
			"组长",
			"醫生",
 		    "護士",
		    "會計",
		    "工程師",
   		    "總工程師",
   		    "總經理",
   		    "經理",
   		    "老闆",
   		    "老總",
		    "部長",
 		    "司長",
		    "局長",
 		    "處長",
 		    "組長",
			"助理",
			"总裁",
			"班长",
			"排长",
			"营长",
			"旅长",
			"团长",
			"师长",
			"军长",
			"司令员",
			"政委",
			"上尉",
			"中尉",
			"大尉",
			"大校",
			"中校",
			"上校",
			"上将",
			"中将",
			"少将",
			"元帅",
			"總裁",
		    "主席",		    
		    "首席執行官",
 		    "首席財務官",
 		    "首席技術官",
 		    "首席營運官",
 		    "班長",
		    "警員",
		    "警長",
		    "督察",
		    "高級督察",
		    "總督察",
		    "警司",
		    "總警司",
			"先生",
			"太太",
			"夫妇",
			"夫婦",
			"夫人",
			"女士",
			"小姐",
			"哥哥",
			"弟弟",
			"姐姐",
			"妹妹",
			"爷爷",
			"爺爺",
			"奶奶",
			"叔叔",
			"阿姨",
			"伯父",
			"伯母",
			"堂哥",
			"堂弟",
			"堂姐",
			"堂妹",
			"表哥",
			"表弟",
			"表姐",
			"表妹",
			"老師",
			"她",
			"工",
			"总",
			"總",
			"理",
			"媽媽",
			"上帝",
			"貴婦人",
			"贵妇人",
			"妈妈",
			"爸爸",
			"兒子",
			"女兒",
			"祖父",
			"祖母",
			"外公",
			"嬸嬸",
			"舅媽",
			"姑媽",
			"姪子",
			"姪女",
			"格拉玛报",
			"格拉瑪報",
			"表叔",
		    "表嬸"
		]
	}
}