{
	"localeName": "Albania",

	"numberDivider": ".",
	"numberDecimal": ",",
	"percentageSpace": false,
	"titleCase": false,

	"fullDate": "EEEE, dd MMMM yyyy",
	"longDate": "dd MMMM yyyy",
	"mediumDate": "yyyy-MM-dd",
	"defaultDate": "yyyy-MM-dd",
	"shortDate": "yy-MM-dd",
	"dateFieldOrder": "ymd",
	"timeFieldOrder": "hma",

	"fullTime24": "H.mm.ss",
	"fullTime12": "h.mm.ss.a",
	"longTime24": "H.mm.ss zzz",
	"longTime12": "h.mm.ss.a zzz",
	"mediumTime24": "H:mm:ss",
	"mediumTime12": "h:mm:ss.a",
	"defaultTime24": "H:mm:ss",
	"defaultTime12": "h:mm:ss.a",
	"shortTime24": "H.mm",
	"shortTime12": "h.mm.a",
	"dateTimeFormat": "DATE TIME",

	"is12HourDefault": true,
	"firstDayOfWeek": 0,

	"shortDMDate": "MM-dd",
	"mediumDMDate": "MM-dd",
	"longDMDate": "dd MMMM",
	"shortMYDate": "yy-MM",
	"mediumMYDate": "yyyy-MM",
	"longMYDate": "MMMM yyyy",
	"shortDDate": "dd",
	"mediumDDate": "dd",
	"longDDate": "dd",	

	"singleWeekday": "E",
	"shortWeekday": "EE",
	"mediumWeekday": "EEE",
	"longWeekday": "EEEE",

	"weekDateFormat": "WEEK, DATE",
	"timeAFormat": "TIME.AM",
	"timeZFormat": "TIME ZONE",
	"timeAZFormat": "TIME.AM ZONE",

	"smallTime12": "h.mm",
	"bigTime12": "h.mm.ss",

	"smallTime24": "H.mm",
	"bigTime24": "H.mm.ss",
	"currency": {
		"name": "ALL",
		"iso": "#{sign} #{amt}",
		"common": "#{sign}#{amt}"
	},
	
	"timeH12": "h",
	"timeH24": "H",
	
	"defaultTimeZone": "Europe/Tirane"
}