{
	"is12HourDefault": false,

	"numberDivider": ".",
	"numberDecimal": ",",
	"percentageSpace": false,
	"localeName": "Brazil",
	"titleCase": false,

	"defaultDate": "yyyy-MM-dd",
	"shortDate": "yy-MM-dd",
	"mediumDate": "yyyy-MM-dd",
	"longDate": "d MMMM yyyy",
	"fullDate": "EEEE, d MMMM yyyy",
	"dateFieldOrder": "ymd",
	"timeFieldOrder": "hma",

	"dateTimeFormat": "DATE TIME",

	"defaultTime12": "hh:mm:ss a",
	"shortTime12": "hh:mm a",
	"mediumTime12": "hh:mm:ss a",
	"longTime12": "hh:mm:ss a zzz",
	"fullTime12": "hh'h'mm'min'ss's' a zzz",

	"defaultTime24": "HH:mm:ss",
	"shortTime24": "HH:mm",
	"mediumTime24": "HH:mm:ss",
	"longTime24": "HH:mm:ss zzz",
	"fullTime24": "HH'h'mm'min'ss's' zzz",

	"firstDayOfWeek": 1,
	
	"isMetric": true,

	"shortDMDate": "MM-dd",
	"mediumDMDate": "MM-dd",
	"longDMDate": "d MMMM",
	"shortMYDate": "yy-MM",
	"mediumMYDate": "yyyy-MM",
	"longMYDate": "MMMM yyyy",
	"shortDDate": "dd",
	"mediumDDate": "dd",
	"longDDate": "d",	

	"shortWeekday": "EE",
	"mediumWeekday": "EEE",
	"longWeekday": "EEEE",

	"weekDateFormat": "WEEK, DATE",
	"timeAFormat": "TIME AM",
	"timeZFormat": "TIME ZONE",
	"timeAZFormat": "TIME AM ZONE",

	"smallTime12": "hh:mm",
	"bigTime12": "hh:mm:ss",

	"smallTime24": "HH:mm",
	"bigTime24": "HH:mm:ss",
	
	"timeH12": "hh",
	"timeH24": "HH",
	
	"currency": {
		"name": "BRL",
		"iso": "#{sign} #{amt}",
		"common": "#{sign}#{amt}"
	},
	"defaultTimeZone": "America/Sao_Paulo"
}
