{
	"numberDivider": "'",
	"numberDecimal": ".",
	"percentageSpace": true,
	"localeName": "Switzerland",
	"titleCase": false,

	"fullDate": "EEEE, d. MMMM yyyy",
	"longDate": "d. MMMM yyyy",
	"mediumDate": "dd.MM.yyyy",
	"defaultDate": "dd.MM.yyyy",
	"shortDate": "dd.MM.yy",
	"dateFieldOrder": "dmy",
	"timeFieldOrder": "hma",

	"fullTime24": "HH:mm:ss",
	"fullTime12": "hh:mm:ss a",
	"longTime24": "HH:mm:ss 'h' zzz",
	"longTime12": "hh:mm:ss 'h' a zzz",
	"mediumTime24": "HH:mm:ss",
	"mediumTime12": "hh:mm:ss a",
	"defaultTime24": "HH:mm:ss",
	"defaultTime12": "hh:mm:ss a",
	"shortTime24": "HH:mm",
	"shortTime12": "hh:mm a",
	"dateTimeFormat": "DATE TIME",

	"is12HourDefault": false,
	"firstDayOfWeek": 1,
	
	"isMetric": true,

	"shortDMDate": "dd.MM",
	"mediumDMDate": "dd.MM",
	"longDMDate": "d. MMMM",
	"shortMYDate": "MM.yy",
	"mediumMYDate": "MM.yyyy",
	"longMYDate": "MMMM yyyy",
	"shortDDate": "dd",
	"mediumDDate": "dd",
	"longDDate": "d",	

	"shortWeekday": "EE",
	"mediumWeekday": "EEE",
	"longWeekday": "EEEE",

	"weekDateFormat": "WEEK, DATE",
	"timeAFormat": "TIME AM",
	"timeZFormat": "TIME 'h' ZONE",
	"timeAZFormat": "TIME 'h' AM ZONE",

	"smallTime12": "hh:mm",
	"bigTime12": "hh:mm:ss",

	"smallTime24": "HH:mm",
	"bigTime24": "HH:mm:ss",
	
	"timeH12": "hh",
	"timeH24": "HH",
	
	"currency": {
		"name": "CHF",
		"iso": "#{sign} #{amt}",
		"common": "#{sign} #{amt}"
	},
	"defaultTimeZone": "Europe/Zurich"
}
