{
	"is12HourDefault": true,

	"numberDivider": ".",
	"numberDecimal": ",",
	"percentageSpace": false,
	"localeName": "Chile",
	"titleCase": false,

	"defaultDate": "dd-MM-yyyy",
	"shortDate": "dd-MM-yy",
	"mediumDate": "dd-MM-yyyy",
	"longDate": "d 'de' MMMM 'de' yyyy",
	"fullDate": "EEEE d 'de' MMMM 'de' yyyy",
	"dateFieldOrder": "dmy",
	"timeFieldOrder": "hma",

	"dateTimeFormat": "DATE TIME",

	"defaultTime12": "H:mm:ss",
	"shortTime12": "H:mm",
	"mediumTime12": "H:mm:ss",
	"longTime12": "H:mm:ss z",
	"fullTime12": "h:mm:ss a",

	"defaultTime24": "H:mm:ss",
	"shortTime24": "H:mm",
	"mediumTime24": "H:mm:ss",
	"longTime24": "H:mm:ss z",
	"fullTime24": "H:mm:ss",

	"firstDayOfWeek": 0,
	
	"isMetric": true,
	
	"shortDMDate": "dd-MM",
    "mediumDMDate": "dd-MM",
    "longDMDate": "d 'de' MMMM",
    "shortMYDate": "MM-yy",
    "mediumMYDate": "MM-yyyy",
    "longMYDate": "MMMM 'de' yyyy",
	"shortDDate": "dd",
	"mediumDDate": "dd",
	"longDDate": "d",	

    "shortWeekday": "EE",
    "mediumWeekday": "EEE",
    "longWeekday": "EEEE",

    "weekDateFormat": "WEEK DATE",
    "timeAFormat": "TIME AM",
    "timeZFormat": "TIME ZONE",
    "timeAZFormat": "TIME AM ZONE",

    "smallTime12": "H:mm",
    "bigTime12": "H:mm:ss",

    "smallTime24": "H:mm",
    "bigTime24": "H:mm:ss",

	"timeH12": "h",
	"timeH24": "H",
	
	"currency": {
		"name": "CLP",
		"iso": "#{sign} #{amt}",
		"common": "#{sign}#{amt}"
	},
	"defaultTimeZone": "America/Santiago"
}
