{
	"numberDivider": ".",
	"numberDecimal": ",",
	"dividerIndex": 3,
	"currency": {
		"name": "EUR",
		"iso": "#{amt} #{sign}",
		"common": "#{amt} #{sign}"
	},
	"percentageSpace": true,
	"is12HourDefault": false,

	"localeName": "Germany",
	"titleCase": false,

	"defaultDate": "dd.MM.yyyy",
	"shortDate": "dd.MM.yy",
	"mediumDate": "dd.MM.yyyy",
	"longDate": "d. MMMM yyyy",
	"fullDate": "EEEE, d. MMMM yyyy",
	"dateFieldOrder": "dmy",
	"timeFieldOrder": "hma",

	"dateTimeFormat": "DATE TIME",

	"defaultTime12": "hh:mm:ss a",
	"shortTime12": "hh:mm a",
	"mediumTime12": "hh:mm:ss a",
	"longTime12": "hh:mm:ss a zzz",
	"fullTime12": "hh:mm:ss a zzz",

	"defaultTime24": "HH:mm:ss",
	"shortTime24": "HH:mm",
	"mediumTime24": "HH:mm:ss",
	"longTime24": "HH:mm:ss zzz",
	"fullTime24": "HH:mm:ss zzz",

	"firstDayOfWeek": 1,
	
	"isMetric": true,

	"shortDMDate": "dd.MM",
	"mediumDMDate": "dd.MM",
	"longDMDate": "d. MMMM",
	"shortMYDate": "MM.yy",
	"mediumMYDate": "MM.yyyy",
	"longMYDate": "MMMM yyyy",
	"shortDDate": "dd",
	"mediumDDate": "dd",
	"longDDate": "d.",

	"shortWeekday": "EE",
	"mediumWeekday": "EEE",
	"longWeekday": "EEEE",

	"weekDateFormat": "WEEK DATE",
	"timeAFormat": "TIME AM",
	"timeZFormat": "TIME ZONE",
	"timeAZFormat": "TIME AM ZONE",

	"smallTime12": "hh:mm",
	"bigTime12": "hh:mm:ss",

	"smallTime24": "HH:mm",
	"bigTime24": "HH:mm:ss",
	
	"timeH12": "hh",
	"timeH24": "HH",
	
	"defaultTimeZone": "Europe/Berlin"
}
