{
	"ae": "ar",
	"al": "sq",
	"ar": "es",
	"at": "de",
	"au": "en",
	"be": "nl",
	"bg": "bg",
	"bh": "ar",
	"bo": "es",
	"br": "pt",
	"ca": "en",
	"cd": "fr",
	"ch": "de",
	"cl": "es",
	"cn": "zh",
	"co": "es",
	"cr": "es",
	"cz": "cs",
	"de": "de",
	"dk": "da",
	"do": "es",
	"ec": "es",
	"ee": "et",
	"eg": "ar",
	"es": "es",
	"fi": "fi",
	"fr": "fr",
	"gb": "en",
	"gr": "el",
	"gt": "es",
	"hk": "zh",
	"hn": "es",
	"hr": "hr",
	"hu": "hu",
	"id": "id",
	"ie": "en",
	"il": "he",
	"in": "en",
	"is": "is",
	"it": "it",
	"jm": "en",
	"jo": "ar",
	"jp": "ja",
	"ke": "en",
	"kr": "ko",
	"kz": "kk",
	"li": "de",
	"ls": "st",
	"lt": "lt",
	"lu": "de",
	"lv": "lv",
	"ma": "ar",
	"mc": "fr",
	"me": "sr",
	"mk": "mk",
	"mt": "en",
	"mx": "es",
	"my": "ml",
	"mz": "pt",
	"ni": "es",
	"nl": "nl",
	"no": "nb",
	"nz": "en",
	"pa": "es",
	"pe": "es",
	"ph": "tl",
	"pk": "ur",
	"pl": "po",
	"pr": "es",
	"pt": "pt",
	"py": "es",
	"ro": "ro",
	"rs": "sr",
	"ru": "ru",
	"sa": "ar",
	"se": "sv",
	"sg": "en",
	"sk": "sk",
	"sv": "es",
	"th": "th",
	"tr": "tr",
	"tw": "zh",
	"tz": "sw",
	"ua": "uk",
	"us": "en",
	"uy": "es",
	"ve": "es",
	"za": "en"
}