{
	"localeName": "China",

	"asianScript": false,
	"scriptStyle": "latin",

	"numberDivider": "，",
	"numberDecimal": ".",
	"percentageSpace": true,
	"titleCase": true,

	"fullDate": "EEEE, d MMMM yyyy",
	"longDate": "d MMMM yyyy",
	"mediumDate": "d MMM yyyy",
	"defaultDate": "d MMM yyyy",
	"shortDate": "dd/MM/yyyy",
	"dateFieldOrder": "dmy",
	"timeFieldOrder": "ahm",

	"fullTime24": "HH:mm:ss",
	"fullTime12": "hh:mm:ss a",
	"longTime24": "HH:mm:ss zzz",
	"longTime12": "hh:mm:ss a zzz",
	"mediumTime24": "HH:mm:ss",
	"mediumTime12": "ahh:mm:ss",
	"defaultTime24": "HH:mm:ss",
	"defaultTime12": "ahh:mm:ss",
	"shortTime24": "HH:mm",
	"shortTime12": "ahh:mm",
	"dateTimeFormat": "DATE TIME",

	"is12HourDefault": false,
	"firstDayOfWeek": 0,
	
	"isMetric": true,

	"shortDMDate": "dd/MM",
	"mediumDMDate": "d MMM",
	"longDMDate": "d MMMM",
	"shortMYDate": "MM/yyyy",
	"mediumMYDate": "MMM yyyy",
	"longMYDate": "MMMM yyyy",
	"shortDDate": "dd",
	"mediumDDate": "dd",
	"longDDate": "d",	

	"shortWeekday": "EE",
	"mediumWeekday": "EEE",
	"longWeekday": "EEEE",

	"weekDateFormat": "WEEK, DATE",
	"timeAFormat": "TIME AM",
	"timeZFormat": "TIME ZONE",
	"timeAZFormat": "TIME AM ZONE",

	"smallTime12": "hh:mm",
	"bigTime12": "hh:mm:ss",

	"smallTime24": "HH:mm",
	"bigTime24": "HH:mm:ss",

	"timeH12": "hh",
	"timeH24": "HH",
	
	"currency": {
		"name": "CNY",
		"iso": "#{sign} #{amt}",
		"common": "#{sign}#{amt}"
	},
	"defaultTimeZone": "Asia/Beijing"
}