{
	"is12HourDefault": true,
	"numberDivider": ",",
	"numberDecimal": ".",
	"percentageSpace": false,
	"localeName": "Mexico",
	"titleCase": true,

	"defaultDate": "dd/MM/yyyy",
	"shortDate": "dd/MM/yy",
	"mediumDate": "dd/MM/yyyy",
	"longDate": "d MMMM, yyyy",
	"fullDate": "EEEE d MMMM, yyyy",
    "dateFieldOrder": "dmy",
	"timeFieldOrder": "hma",

	"dateTimeFormat": "DATE TIME",

	"defaultTime12": "h:mm:ss a",
	"shortTime12": "h:mm a",
	"mediumTime12": "h:mm:ss a",
	"longTime12": "h:mm:ss a zzz",
	"fullTime12": "h:mm:ss a zzz",

	"defaultTime24": "HH:mm:ss",
	"shortTime24": "HH:mm",
	"mediumTime24": "HH:mm:ss",
	"longTime24": "HH:mm:ss zzz",
	"fullTime24": "HH:mm:ss zzz",

	"firstDayOfWeek": 1,

	"shortDMDate": "dd/MM",
	"mediumDMDate": "dd/MM",
	"longDMDate": "d/MMMM",
	"shortMYDate": "MM/yy",
	"mediumMYDate": "MM/yyyy",
	"longMYDate": "MMMM/yyyy",
	"shortDDate": "dd",
	"mediumDDate": "dd",
	"longDDate": "d",	

	"shortWeekday": "EE",
	"mediumWeekday": "EEE",
	"longWeekday": "EEEE",

	"weekDateFormat": "WEEK DATE",
	"timeAFormat": "TIME AM",
	"timeZFormat": "TIME ZONE",
	"timeAZFormat": "TIME AM ZONE",

	"smallTime12": "h:mm",
	"bigTime12": "h:mm:ss",

	"smallTime24": "HH:mm",
	"bigTime24": "HH:mm:ss",
	
	"timeH12": "h",
	"timeH24": "HH",
	
	"defaultPaperSize": "letter",
	"currency": {
		"name": "MXN",
		"iso": "#{sign} #{amt}",
		"common": "#{sign} #{amt}"
	},
	"defaultTimeZone": "America/Mexico_City"
}