{
	"is12HourDefault": false,

	"numberDivider": " ",
	"numberDecimal": ",",
	"percentageSpace": true,
	"localeName": "Finland",
	"titleCase": false,

	"defaultDate": "d.M.yyyy",
	"shortDate": "d.M.yyyy",
	"mediumDate": "d.M.yyyy",
	"longDate": "d. MMMM yyyy",
	"fullDate": "EEEE d. MMMM yyyy",
	"dateFieldOrder": "dmy",
	"timeFieldOrder": "hma",

	"dateTimeFormat": "DATE TIME",

	"defaultTime12": "h.mm.ss a",
	"shortTime12": "h.mm a",
	"mediumTime12": "h.mm.ss a",
	"longTime12": "h.mm.ss a zzz",
	"fullTime12": "h.mm.ss a zzz",

	"defaultTime24": "H.mm.ss",
	"shortTime24": "H.mm",
	"mediumTime24": "H.mm.ss",
	"longTime24": "H.mm.ss zzz",
	"fullTime24": "H.mm.ss zzz",

	"firstDayOfWeek": 1,
	
	"isMetric": true,

	"shortDMDate": "d.M",
	"mediumDMDate": "d.M",
	"longDMDate": "d. MMMM",
	"shortMYDate": "M.yyyy",
	"mediumMYDate": "M.yyyy",
	"longMYDate": "MMMM yyyy",
	"shortDDate": "d",
	"mediumDDate": "d",
	"longDDate": "d.",	

	"shortWeekday": "EE",
	"mediumWeekday": "EEE",
	"longWeekday": "EEEE",

	"weekDateFormat": "WEEK DATE",
	"timeAFormat": "TIME AM",
	"timeZFormat": "TIME ZONE",
	"timeAZFormat": "TIME AM ZONE",

	"smallTime12": "h.mm",
	"bigTime12": "h.mm.ss",

	"smallTime24": "H.mm",
	"bigTime24": "H.mm.ss",
	
	"timeH12": "h",
	"timeH24": "H",
	
	"currency": {
		"name": "EUR",
		"iso": "#{amt} #{sign}",
		"common": "#{amt} #{sign}"
	},
	"defaultTimeZone": "Europe/Helsinki"
}
