{
	"numberDivider": " ",
	"numberDecimal": ",",
	"percentageSpace": true,
	"localeName": "Hungary",
	"titleCase": false,

	"fullDate": "yyyy. MMMM d.",
	"longDate": "yyyy. MMMM d.",
	"mediumDate": "yyyy.MM.dd.",
	"defaultDate": "yyyy.MM.dd.",
	"shortDate": "yyyy.MM.dd.",
	"dateFieldOrder": "ymd",
	"timeFieldOrder": "hma",

	"fullTime24": "H:mm:ss",
	"fullTime12": "h:mm:ss a",
	"longTime24": "H:mm:ss zzz",
	"longTime12": "h:mm:ss a zzz",
	"mediumTime24": "H:mm:ss",
	"mediumTime12": "h:mm:ss a",
	"defaultTime24": "H:mm:ss",
	"defaultTime12": "h:mm:ss a",
	"shortTime24": "H:mm",
	"shortTime12": "h:mm a",
	"dateTimeFormat": "DATE TIME",

	"is12HourDefault": true,
	"firstDayOfWeek": 1,
	
	"isMetric": true,

	"shortDMDate": "MM.dd.",
	"mediumDMDate": "MM.dd.",
	"longDMDate": "MMMM d.",
	"shortMYDate": "yyyy.MM.",
	"mediumMYDate": "yyyy.MM.",
	"longMYDate": "yyyy. MMMM",
	"shortDDate": "dd",
	"mediumDDate": "dd",
	"longDDate": "d",	

	"shortWeekday": "EE",
	"mediumWeekday": "EEE",
	"longWeekday": "EEEE",

	"weekDateFormat": "DATE",
	"timeAFormat": "TIME AM",
	"timeZFormat": "TIME ZONE",
	"timeAZFormat": "TIME AM ZONE",

	"smallTime12": "h:mm",
	"bigTime12": "h:mm:ss",

	"smallTime24": "H:mm",
	"bigTime24": "H:mm:ss",

	"timeH12": "h",
	"timeH24": "H",
	
	"currency": {
		"name": "HUF",
		"iso": "#{sign} #{amt}",
		"common": "#{sign}#{amt}"
	},
	"defaultTimeZone": "Europe/Budapest"
}
