{
	"localeName": "Japan",
	
	"asianScript": true,

	"numberDivider": ",",
	"numberDecimal": ".",
	"currency": {
		"name": "JPY",
		"iso": "#{sign} #{amt}",
		"common": "#{sign}#{amt}"
	},
	"percentageSpace": false,
	"titleCase": false,

	"fullDate": "yyyy年M月d日EEEE",
	"longDate": "yyyy年M月d日",
	"mediumDate": "yyyy/MM/dd",
	"defaultDate": "yyyy/MM/dd",
	"shortDate": "yy/MM/dd",
	"dateFieldOrder": "ymd",
	"timeFieldOrder": "hma",

	"fullTime24": "H時mm分ss秒",
	"fullTime12": "H時mm分ss秒",
	"longTime24": "H:mm:sszzz",
	"longTime12": "h:mm:ss azzz",
	"mediumTime24": "H:mm:ss",
	"mediumTime12": "h:mm:ss a",
	"defaultTime24": "H:mm:ss",
	"defaultTime12": "h:mm:ss a",
	"shortTime24": "H:mm",
	"shortTime12": "h:mm a",
	"dateTimeFormat": "DATE TIME",

	"is12HourDefault": true,
	"firstDayOfWeek": 0,
	
	"isMetric": true,

	"shortDMDate": "MM/dd",
	"mediumDMDate": "MM/dd",
	"longDMDate": "M月d日",
	"shortMYDate": "yy/MM",
	"mediumMYDate": "yyyy/MM",
	"longMYDate": "yyyy年M月",
	"shortDDate": "dd",
	"mediumDDate": "dd",
	"longDDate": "d日",	

	"shortWeekday": "EE",
	"mediumWeekday": "EEE",
	"longWeekday": "EEEE",

	"weekDateFormat": "DATEWEEK",
	"timeAFormat": "TIME AM",
	"timeZFormat": "TIME ZONE",
	"timeAZFormat": "TIME AMZONE",

	"smallTime12": "h:mm",
	"bigTime12": "h:mm:ss",

	"smallTime24": "H:mm",
	"bigTime24": "H:mm:ss",
	
	"timeH12": "h",
	"timeH24": "H",
	
	"defaultPhotoSize": "L",
	"defaultTimeZone": "Asia/Tokyo"
}
