{
	"numberDivider": ",",
	"numberDecimal": ".",
	"percentageSpace": false,
	"localeName": "Kenya",
	"titleCase": false,

	"fullDate": "EEEE, MMMM d, yyyy",
	"longDate": "MMMM d, yyyy",
	"mediumDate": "MMM d, yyyy",
	"defaultDate": "MMM d, yyyy",
	"shortDate": "M/d/yy",
	"dateFieldOrder": "mdy",
	"timeFieldOrder": "hma",

	"fullTime24": "H:mm:ss",
	"fullTime12": "h:mm:ss a",
	"longTime24": "H:mm:ss zzz",
	"longTime12": "h:mm:ss a zzz",
	"mediumTime24": "H:mm:ss",
	"mediumTime12": "h:mm:ss a",
	"defaultTime24": "H:mm:ss",
	"defaultTime12": "h:mm:ss a",
	"shortTime24": "H:mm",
	"shortTime12": "h:mm a",
	"dateTimeFormat": "DATE TIME",

	"is12HourDefault": true,
	"firstDayOfWeek": 1,
	
	"isMetric": true,

	"shortDMDate": "M/d",
	"mediumDMDate": "MMM d",
	"longDMDate": "MMMM d",
	"shortMYDate": "M/yy",
	"mediumMYDate": "MMM yyyy",
	"longMYDate": "MMMM yyyy",
	"shortDDate": "d",
	"mediumDDate": "d",
	"longDDate": "d",	

	"shortWeekday": "EE",
	"mediumWeekday": "EEE",
	"longWeekday": "EEEE",

	"weekDateFormat": "WEEK, DATE",
	"timeAFormat": "TIME AM",
	"timeZFormat": "TIME ZONE",
	"timeAZFormat": "TIME AM ZONE",

	"smallTime12": "h:mm",
	"bigTime12": "h:mm:ss",

	"smallTime24": "H:mm",
	"bigTime24": "H:mm:ss",

	"timeH12": "h",
	"timeH24": "H",
	
	"currency": {
		"name": "KES",
		"iso": "#{sign} #{amt}",
		"common": "#{sign}#{amt}"
	},
	"defaultTimeZone": "Africa/Nairobi"
}
