{
	"localeName": "Republic of Korea",

	"asianScript": true,

	"numberDivider": ",",
	"numberDecimal": ".",
	"percentageSpace": false,
	"titleCase": false,

	"fullDate": "yyyy년 M월 d일 EEEE",
	"longDate": "yyyy년 M월 d일",
	"mediumDate": "yyyy. M. d.",
	"defaultDate": "yyyy. M. d.",
	"shortDate": "yy. M. d.",
	"dateFieldOrder": "ymd",

	"fullTime24": "HH시 mm분 ss초",
	"fullTime12": "a hh시 mm분 ss초",
	"longTime24": "HH시 mm분 ss초 z",
	"longTime12": "a hh시 mm분 ss초 z",
	"mediumTime24": "H:mm:ss",
	"mediumTime12": "a h:mm:ss",
	"defaultTime24": "H:mm:ss",
	"defaultTime12": "a h:mm:ss",
	"shortTime24": "H:mm",
	"shortTime12": "a h:mm",
	"dateTimeFormat" : "DATE TIME",

	"is12HourDefault": true,
	"firstDayOfWeek": 0,
	
	"isMetric": true,
	
	"shortDMDate": " M. d.",
    "mediumDMDate": " M. d.",
    "longDMDate": "M월 d일",
    "shortMYDate": "yy. M.",
    "mediumMYDate": "yyyy. M.",
    "longMYDate": "yyyy년 M월",
	"shortDDate": "d.",
	"mediumDDate": "d.",
	"longDDate": "d일",	

    "shortWeekday": "EE",
    "mediumWeekday": "EEE",
    "longWeekday": "EEEE",

    "weekDateFormat": "WEEK DATE",
    "timeAFormat": "TIME AM",
    "timeZFormat": "TIME ZONE",
    "timeAZFormat": "TIME AM ZONE",

    "smallTime12": "a h:mm",
    "bigTime12": "a h:mm:ss",

    "smallTime24": "H:mm",
    "bigTime24": "H:mm:ss",
	
	"timeH12": "h",
	"timeH24": "H",
	
	"defaultPhotoSize": "4x6",
	"currency": {
		"name": "KRW",
		"iso": "#{sign} #{amt}",
		"common": "#{sign}#{amt}"
	},
	"defaultTimeZone": "Asia/Seoul"
}
