{
	"numberDivider": ".",
	"numberDecimal": ",",
	"percentageSpace": true,
	"localeName": "Lithuania",
	"titleCase": false,

	"fullDate": "yyyy 'm'. MMMM d 'd'.,EEEE",
	"longDate": "yyyy 'm'. MMMM d 'd'.",
	"mediumDate": "yyyy.MM.dd",
	"defaultDate": "yyyy.MM.dd",
	"shortDate": "yyyy-MM-dd",
	"dateFieldOrder": "ymd",

	"fullTime24": "HH:mm:ss",
	"fullTime12": "hh:mm:ss a",
	"longTime24": "HH:mm:ss z",
	"longTime12": "hh:mm:ss a z",
	"mediumTime24": "HH:mm:ss",
	"mediumTime12": "hh:mm:ss a",
	"defaultTime24": "HH:mm:ss",
	"defaultTime12": "hh:mm:ss a",
	"shortTime24": "HH:mm",
	"shortTime12": "hh:mm",
	"dateTimeFormat" : "DATE TIME",

	"is12HourDefault": false,
	"firstDayOfWeek": 0,
	
	"isMetric": true,
	
	"shortDMDate": "MM.dd",
    "mediumDMDate": "MM.dd",
    "longDMDate": "MMMM d 'd'.",
    "shortMYDate": "yy.MM",
    "mediumMYDate": "yyyy.MM",
    "longMYDate": "yyyy 'm'. MMMM",
	"shortDDate": "dd",
	"mediumDDate": "dd",
	"longDDate": "d",	

    "shortWeekday": "EE",
    "mediumWeekday": "EEE",
    "longWeekday": "EEEE",

    "weekDateFormat": "WEEK DATE",
    "timeAFormat": "TIME AM",
    "timeZFormat": "TIME ZONE",
    "timeAZFormat": "TIME AM ZONE",

    "smallTime12": "hh:mm",
    "bigTime12": "hh:mm:ss",

    "smallTime24": "HH:mm",
    "bigTime24": "HH:mm:ss",
	
	"timeH12": "hh",
	"timeH24": "HH",
	
	"currency": {
		"name": "LTL",
		"iso": "#{sign} #{amt}",
		"common": "#{sign}#{amt}"
	},
	"defaultTimeZone": "Europe/Vilnius"
}
