{
	"numberDivider": " ",
	"numberDecimal": ",",
	"percentageSpace": false,
	"localeName": "Latvia",
	"titleCase": false,

	"fullDate": "EEEE, yyyy. 'gada' d. MMMM",
	"longDate": "yyyy. 'gada' d. MMMM",
	"mediumDate": "yyyy.d.M",
	"defaultDate": "yyyy.d.M",
	"shortDate": "yy.d.M",
	"dateFieldOrder": "ydm",
	"timeFieldOrder": "hma",

	"fullTime24": "HH:mm:ss",
	"fullTime12": "hh:mm:ss a",
	"longTime24": "HH:mm:ss zzz",
	"longTime12": "hh:mm:ss a zzz",
	"mediumTime24": "HH:mm:ss",
	"mediumTime12": "hh:mm:ss a",
	"defaultTime24": "HH:mm:ss",
	"defaultTime12": "hh:mm:ss a",
	"shortTime24": "HH:mm",
	"shortTime12": "hh:mm a",
	"dateTimeFormat": "DATE TIME",

	"is12HourDefault": false,
	"firstDayOfWeek": 0,
	
	"isMetric": true,

	"shortDMDate": "d.M",
	"mediumDMDate": "d.M",
	"longDMDate": "d. MMMM",
	"shortMYDate": "yy.M",
	"mediumMYDate": "yyyy.M",
	"longMYDate": "yyyy. 'gada' MMMM",
	"shortDDate": "d",
	"mediumDDate": "d",
	"longDDate": "d.",	

	"shortWeekday": "EE",
	"mediumWeekday": "EEE",
	"longWeekday": "EEEE",

	"weekDateFormat": "WEEK, DATE",
	"timeAFormat": "TIME AM",
	"timeZFormat": "TIME ZONE",
	"timeAZFormat": "TIME AM ZONE",

	"smallTime12": "hh:mm",
	"bigTime12": "hh:mm:ss",

	"smallTime24": "HH:mm",
	"bigTime24": "HH:mm:ss",
	
	"timeH12": "hh",
	"timeH24": "HH",
	
	"currency": {
		"name": "LVL",
		"iso": "#{sign} #{amt}",
		"common": "#{sign} #{amt}"
	},
	"defaultTimeZone": "Europe/Riga"
}
