{
	"numberDivider": " ",
	"numberDecimal": ",",
	"currencyPrepend": "€",
	"currencyAppend": "",
	"percentageSpace": false,
	"localeName": "Montenegro",
	"titleCase": false,

	"fullDate": "EEEE, d MMMM yyyy",
	"longDate": "d.MM.yyyy.",
	"mediumDate": "d MMM yyyy",
	"defaultDate": "d MMM yyyy",
	"shortDate": "dd.MM.yy",
	"dateFieldOrder": "dmy",
	"timeFieldOrder": "hma",

	"fullTime24": "HH.mm.ss",
	"fullTime12": "hh.mm.ss a",
	"longTime24": "HH.mm.ss zzz",
	"longTime12": "hh.mm.ss a zzz",
	"mediumTime24": "HH.mm.ss",
	"mediumTime12": "hh.mm.ss a",
	"defaultTime24": "HH.mm.ss",
	"defaultTime12": "hh.mm.ss a",
	"shortTime24": "HH.mm",
	"shortTime12": "hh.mm a",
	"dateTimeFormat": "DATE TIME",

	"is12HourDefault": false,
	"firstDayOfWeek": 1,
	
	"isMetric": true,

	"shortDMDate": "dd.MM",
	"mediumDMDate": "d MMM",
	"longDMDate": "d.MM",
	"shortMYDate": "MM.yy",
	"mediumMYDate": "MMM yyyy",
	"longMYDate": "MM.yyyy.",
	"shortDDate": "dd",
	"mediumDDate": "d",
	"longDDate": "d",	

	"shortWeekday": "EE",
	"mediumWeekday": "EEE",
	"longWeekday": "EEEE",

	"weekDateFormat": "WEEK, DATE",
	"timeAFormat": "TIME AM",
	"timeZFormat": "TIME ZONE",
	"timeAZFormat": "TIME AM ZONE",

	"smallTime12": "hh.mm",
	"bigTime12": "hh.mm.ss",

	"smallTime24": "HH.mm",
	"bigTime24": "HH.mm.ss",
	
	"timeH12": "hh",
	"timeH24": "HH",
	
	"currency": {
		"name": "EUR",
		"iso": "#{sign} #{amt}",
		"common": "#{sign}#{amt}"
	},
	"defaultTimeZone": "Europe/Podgorica"
}
