{
	"numberDivider": ".",
	"numberDecimal": ",",
	"percentageSpace": true,
	"localeName": "The Former Yugoslav Republic of Macedonia",
	"titleCase": false,

	"fullDate": "EEEE, dd MMMM yyyy",
	"longDate": "dd MMMM yyyy",
	"mediumDate": "dd.M.yyyy",
	"defaultDate": "dd.M.yyyy",
	"shortDate": "dd.M.yy",
	"dateFieldOrder": "dmy",
	"timeFieldOrder": "hma",

	"fullTime24": "HH:mm:ss",
	"fullTime12": "hh:mm:ss a",
	"longTime24": "HH:mm:ss zzz",
	"longTime12": "hh:mm:ss a zzz",
	"mediumTime24": "HH:mm:ss",
	"mediumTime12": "hh:mm:ss a",
	"defaultTime24": "HH:mm:ss",
	"defaultTime12": "hh:mm:ss a",
	"shortTime24": "HH:mm",
	"shortTime12": "hh:mm a",
	"dateTimeFormat": "DATE TIME",

	"is12HourDefault": false,
	"firstDayOfWeek": 0,
	
	"isMetric": true,

	"shortDMDate": "dd.M",
	"mediumDMDate": "dd.M",
	"longDMDate": "dd MMMM",
	"shortMYDate": "M.yy",
	"mediumMYDate": "M.yyyy",
	"longMYDate": "MMMM yyyy",
	"shortDDate": "dd",
	"mediumDDate": "dd",
	"longDDate": "dd",	

	"shortWeekday": "EE",
	"mediumWeekday": "EEE",
	"longWeekday": "EEEE",

	"weekDateFormat": "WEEK, DATE",
	"timeAFormat": "TIME AM",
	"timeZFormat": "TIME ZONE",
	"timeAZFormat": "TIME AM ZONE",

	"smallTime12": "hh:mm",
	"bigTime12": "hh:mm:ss",

	"smallTime24": "HH:mm",
	"bigTime24": "HH:mm:ss",
	
	"timeH12": "hh",
	"timeH24": "HH",
	
	"currency": {
		"name": "MKD",
		"iso": "#{amt} #{sign}",
		"common": "#{amt} #{sign}"
	},
	"defaultTimeZone": "Europe/Skopje"
}
