{
	"numberDivider": ",",
	"numberDecimal": ".",
	"percentageSpace": "",
	"localeName": "Malaysia",
	"titleCase": false,

	"fullDate": "yyyy, MMMM d, EEEE",
	"longDate": "yyyy, MMMM d",
	"mediumDate": "yyyy, MMM d",
	"defaultDate": "yyyy, MMM d",
	"shortDate": "dd-MM-yy",
	"dateFieldOrder": "dmy",
	"timeFieldOrder": "hma",

	"fullTime24": "H:mm:ss",
	"fullTime12": "h:mm:ss a",
	"longTime24": "H:mm:ss zzz",
	"longTime12": "h:mm:ss a zzz",
	"mediumTime24": "H:mm:ss",
	"mediumTime12": "h:mm:ss a",
	"defaultTime24": "H:mm:ss",
	"defaultTime12": "h:mm:ss a",
	"shortTime24": "H:mm",
	"shortTime12": "h:mm a",
	"dateTimeFormat": "DATE TIME",

	"is12HourDefault": true,
	"firstDayOfWeek": 1,
	
	"isMetric": true,

	"shortDMDate": "dd-MM",
	"mediumDMDate": "MMM d",
	"longDMDate": "MMMM d",
	"shortMYDate": "MM-yy",
	"mediumMYDate": "yyyy, MMM",
	"longMYDate": "yyyy, MMMM",
	"shortDDate": "dd",
	"mediumDDate": "d",
	"longDDate": "d",	

	"shortWeekday": "EE",
	"mediumWeekday": "EEE",
	"longWeekday": "EEEE",

	"weekDateFormat": "DATE, WEEK",
	"timeAFormat": "TIME AM",
	"timeZFormat": "TIME ZONE",
	"timeAZFormat": "TIME AM ZONE",

	"smallTime12": "h:mm",
	"bigTime12": "h:mm:ss",

	"smallTime24": "H:mm",
	"bigTime24": "H:mm:ss",
	
	"timeH12": "h",
	"timeH24": "H",
	
	"defaultPhotoSize": "4x6",
	"currency": {
		"name": "MYR",
		"iso": "#{amt} #{sign}",
		"common": "#{amt}#{sign}"
	},
	"defaultTimeZone": "Asia/Kuala_Lumpur"
}
