{
	"localeName": "Pakistan",

	"scriptDirection": "rtl",
	
	"numberDivider": ",",
	"numberDecimal": ".",
	"percentageSpace": false,
	"titleCase": false,

	"fullDate": "EEEE d MMMM yyyy",
	"longDate": "d MMMM yyyy",
	"mediumDate": "dd-MMM-yyyy",
	"defaultDate": "dd-MMM-yyyy",
	"shortDate": "dd/MM/yy",
	"dateFieldOrder": "dmy",
	"timeFieldOrder": "hma",

	"fullTime24": "H:mm:ss",
	"fullTime12": "h:mm:ss a",
	"longTime24": "H:mm:ss zzz",
	"longTime12": "h:mm:ss a zzz",
	"mediumTime24": "H:mm:ss",
	"mediumTime12": "h:mm:ss a",
	"defaultTime24": "H:mm:ss",
	"defaultTime12": "h:mm:ss a",
	"shortTime24": "H:mm",
	"shortTime12": "h:mm a",
	"dateTimeFormat": "DATE TIME",

	"is12HourDefault": false,
	"firstDayOfWeek": 0,
	
	"isMetric": true,

	"shortDMDate": "dd/MM",
	"mediumDMDate": "dd-MMM",
	"longDMDate": "d MMMM",
	"shortMYDate": "MM/yy",
	"mediumMYDate": "MMM-yyyy",
	"longMYDate": "MMMM yyyy",
	"shortDDate": "dd",
	"mediumDDate": "dd",
	"longDDate": "d",	

	"shortWeekday": "EE",
	"mediumWeekday": "EEE",
	"longWeekday": "EEEE",

	"weekDateFormat": "WEEK DATE",
	"timeAFormat": "TIME AM",
	"timeZFormat": "TIME ZONE",
	"timeAZFormat": "TIME AM ZONE",

	"smallTime12": "h:mm",
	"bigTime12": "h:mm:ss",

	"smallTime24": "H:mm",
	"bigTime24": "H:mm:ss",
	
	"timeH12": "h",
	"timeH24": "H",
	
	"defaultPhotoSize": "4x6",
	"currency": {
		"name": "PKR",
		"iso": "#{sign} #{amt}",
		"common": "#{sign} #{amt}"
	},
	"defaultTimeZone": "Asia/Karachi"
}
