{
	"numberDivider": ".",
	"numberDecimal": ",",
	"percentageSpace": false,
	"localeName": "Republic of Serbia",
	"titleCase": false,

	"fullDate": "EEEE, dd. MMMM yyyy.",
	"longDate": "dd. MMMM yyyy.",
	"mediumDate": "dd.MM.yyyy.",
	"defaultDate": "dd.MM.yyyy.",
	"shortDate": "d.M.yy.",
	"dateFieldOrder": "dmy",
	"timeFieldOrder": "hma",

	"fullTime24": "HH.mm.ss",
	"fullTime12": "hh.mm.ss a",
	"longTime24": "HH.mm.ss zzz",
	"longTime12": "hh.mm.ss a zzz",
	"mediumTime24": "HH.mm.ss",
	"mediumTime12": "hh.mm.ss a",
	"defaultTime24": "HH.mm.ss",
	"defaultTime12": "hh.mm.ss a",
	"shortTime24": "HH.mm",
	"shortTime12": "hh.mm a",
	"dateTimeFormat": "DATE TIME",

	"is12HourDefault": false,
	"firstDayOfWeek": 1,
	
	"isMetric": true,

	"shortDMDate": "d.M",
	"mediumDMDate": "dd.MM.",
	"longDMDate": "dd. MMMM",
	"shortMYDate": "M.yy.",
	"mediumMYDate": "MM.yyyy.",
	"longMYDate": "MMMM yyyy.",
	"shortDDate": "d",
	"mediumDDate": "dd",
	"longDDate": "dd.",	

	"shortWeekday": "EE",
	"mediumWeekday": "EEE",
	"longWeekday": "EEEE",

	"weekDateFormat": "WEEK, DATE",
	"timeAFormat": "TIME AM",
	"timeZFormat": "TIME ZONE",
	"timeAZFormat": "TIME AM ZONE",

	"smallTime12": "hh.mm",
	"bigTime12": "hh.mm.ss",

	"smallTime24": "HH.mm",
	"bigTime24": "HH.mm.ss",
	
	"timeH12": "hh",
	"timeH24": "HH",
	
	"currency": {
		"name": "RSD",
		"iso": "#{amt} #{sign}",
		"common": "#{amt} #{sign}"
	},
	"defaultTimeZone": "Europe/Belgrade"
}
