{
	"is12HourDefault": false,

	"numberDivider": " ",
	"numberDecimal": ",",
	"percentageSpace": true,
	"localeName": "Sweden",
	"titleCase": false,

	"defaultDate": "d MMM yyyy",
	"shortDate": "yyyy-MM-dd",
	"mediumDate": "d MMM yyyy",
	"longDate": "d MMMM yyyy",
	"fullDate": "EEEE 'den' d MMMM yyyy",
	"dateFieldOrder": "ymd",
	"timeFieldOrder": "hma",

	"dateTimeFormat": "DATE TIME",

	"defaultTime12": "hh.mm.ss a",
	"shortTime12": "hh.mm a",
	"mediumTime12": "hh.mm.ss a",
	"longTime12": "hh.mm.ss a zzz",
	"fullTime12": "'kl'. hh.mm.ss a zzz",

	"defaultTime24": "HH.mm.ss",
	"shortTime24": "HH.mm",
	"mediumTime24": "HH.mm.ss",
	"longTime24": "HH.mm.ss zzz",
	"fullTime24": "'kl'. HH.mm.ss zzz",

	"firstDayOfWeek": 1,
	
	"isMetric": true,

	"shortDMDate": "MM-dd",
	"mediumDMDate": "d MMM",
	"longDMDate": "d MMMM",
	"shortMYDate": "yyyy-MM",
	"mediumMYDate": "MMM yyyy",
	"longMYDate": "MMMM yyyy",
	"shortDDate": "dd",
	"mediumDDate": "d",
	"longDDate": "d",	

	"shortWeekday": "EE",
	"mediumWeekday": "EEE",
	"longWeekday": "EEEE",

	"weekDateFormat": "WEEK 'den' DATE",
	"timeAFormat": "TIME AM",
	"timeZFormat": "TIME ZONE",
	"timeAZFormat": "TIME AM ZONE",

	"smallTime12": "hh.mm",
	"bigTime12": "hh.mm.ss",

	"smallTime24": "HH.mm",
	"bigTime24": "HH.mm.ss",
	
	"timeH12": "hh",
	"timeH24": "HH",
	
	"currency": {
		"name": "SEK",
		"iso": "#{amt} #{sign}",
		"common": "#{amt} #{sign}"
	},
	"defaultTimeZone": "Europe/Stockholm"
}
