{
	"localeName": "Singapore",

	"asianScript": false,
	"scriptStyle": "latin",

	"numberDivider": ",",
	"numberDecimal": ".",
	"currency": {
		"name": "SGD",
		"iso": "#{sign} #{amt}",
		"common": "#{sign}#{amt}"
	},
	"percentageSpace": false,
	"titleCase": false,

	"fullDate": "EEEE, d MMMM yyyy",
	"longDate": "d MMMM yyyy",
	"mediumDate": "d MMM yyyy",
	"defaultDate": "d MMM yyyy",
	"shortDate": "dd/MM/yyyy",
	"dateFieldOrder": "dmy",
	"timeFieldOrder": "hma",
	
	"isMetric": true,

	"fullTime24": "H:mm:ss",
	"fullTime12": "h:mm:ss a",
	"longTime24": "H:mm:ss zzz",
	"longTime12": "h:mm:ss a zzz",
	"mediumTime24": "H:mm:ss",
	"mediumTime12": "h:mm:ss a",
	"defaultTime24": "H:mm:ss",
	"defaultTime12": "h:mm:ss a",
	"shortTime24": "H:mm",
	"shortTime12": "h:mm a",
	"dateTimeFormat": "DATE TIME",

	"is12HourDefault": true,
	"firstDayOfWeek": 1,

	"shortDMDate": "dd/MM",
	"mediumDMDate": "d MMM",
	"longDMDate": "d MMMM",
	"shortMYDate": "MM/yyyy",
	"mediumMYDate": "MMM yyyy",
	"longMYDate": "MMMM yyyy",
	"shortDDate": "dd",
	"mediumDDate": "d",
	"longDDate": "d",	

	"shortWeekday": "EE",
	"mediumWeekday": "EEE",
	"longWeekday": "EEEE",

	"weekDateFormat": "WEEK, DATE",
	"timeAFormat": "TIME AM",
	"timeZFormat": "TIME ZONE",
	"timeAZFormat": "TIME AM ZONE",

	"smallTime12": "h:mm",
	"bigTime12": "h:mm:ss",

	"smallTime24": "H:mm",
	"bigTime24": "H:mm:ss",
	
	"timeH12": "h",
	"timeH24": "H",
	
	"defaultPhotoSize": "4x6",
	"defaultTimeZone": "Asia/Singapore"
}
