{
    "is12HourDefault": false,
    
	"numberDivider": " ",
	"numberDecimal": ",",
	"percentageSpace": true,
	"localeName": "Slovakia",
	"titleCase": false,

	"fullDate": "EEEE, d. MMMM yyyy",
	"longDate": "d. MMMM yyyy",
	"mediumDate": "d.M.yyyy",
	"defaultDate": "d.M.yyyy",
	"shortDate": "d.M.yyyy",
	"dateFieldOrder": "dmy",
	"timeFieldOrder": "hma",
	
	"isMetric": true,

	"fullTime24": "H:mm:ss",
	"fullTime12": "h:mm:ss a",
	"longTime24": "H:mm:ss zzz",
	"longTime12": "h:mm:ss a zzz",
	"mediumTime24": "H:mm:ss",
	"mediumTime12": "h:mm:ss a",
	"defaultTime24": "H:mm:ss",
	"defaultTime12": "h:mm:ss a",
	"shortTime24": "H:mm",
	"shortTime12": "h:mm a",
	"dateTimeFormat": "DATE TIME",

	"firstDayOfWeek": 1,

	"shortDMDate": "d.M",
	"mediumDMDate": "d.M",
	"longDMDate": "d. MMMM",
	"shortMYDate": "M.yyyy",
	"mediumMYDate": "M.yyyy",
	"longMYDate": "MMMM yyyy",
	"shortDDate": "d",
	"mediumDDate": "d",
	"longDDate": "d.",	

	"shortWeekday": "EE",
	"mediumWeekday": "EEE",
	"longWeekday": "EEEE",

	"weekDateFormat": "WEEK, DATE",
	"timeAFormat": "TIME AM",
	"timeZFormat": "TIME ZONE",
	"timeAZFormat": "TIME AM ZONE",

	"smallTime12": "h:mm",
	"bigTime12": "h:mm:ss",

	"smallTime24": "H:mm",
	"bigTime24": "H:mm:ss",

	"timeH12": "h",
	"timeH24": "H",
	
	"currency": {
		"name": "EUR",
		"iso": "#{sign} #{amt}",
		"common": "#{sign}#{amt}"
	},
	"defaultTimeZone": "Europe/Bratislava"
}
