{
	"is12HourDefault": true,
	"numberDivider": ",",
	"numberDecimal": ".",
	"currency": {
		"name": "USD",
		"iso": "#{sign} #{amt}",
		"common": "#{sign}#{amt}"
	},
	"percentageSpace": false,
	"localeName": "The United States of America",
	"titleCase": true,
	
	"isMetric": false,

	"defaultDate": "MMM d, yyyy",
	"shortDate": "M/d/yy",
	"mediumDate": "MMM d, yyyy",
	"longDate": "MMMM d, yyyy",
	"fullDate": "EEEE, MMMM d, yyyy",
	"dateTimeFormat": "DATE TIME",
	"dateFieldOrder": "mdy",
	"timeFieldOrder": "hma",

	"defaultTime12": "h:mm:ss a",
	"shortTime12": "h:mm a",
	"mediumTime12": "h:mm:ss a",
	"longTime12": "h:mm:ss a zzz",
	"fullTime12": "h:mm:ss a zzz",

	"defaultTime24": "H:mm:ss",
	"shortTime24": "H:mm",
	"mediumTime24": "H:mm:ss",
	"longTime24": "H:mm:ss zzz",
	"fullTime24": "H:mm:ss zzz",

	"firstDayOfWeek": 0,
	"shortDMDate": "M/d",
	"mediumDMDate": "MMM d",
	"longDMDate": "MMMM d",
	"shortMYDate": "M/yy",
	"mediumMYDate": "MMM yyyy",
	"longMYDate": "MMMM yyyy",
	"shortDDate": "d",
	"mediumDDate": "d",
	"longDDate": "d",

	"shortWeekday": "EE",
	"mediumWeekday": "EEE",
	"longWeekday": "EEEE",
	"weekDateFormat": "WEEK DATE",
	"timeAFormat": "TIME AM",
	"timeZFormat": "TIME ZONE",
	"timeAZFormat": "TIME AM ZONE",
	"smallTime12": "h:mm",
	"bigTime12": "h:mm:ss",
	"smallTime24": "H:mm",
	"bigTime24": "H:mm:ss",
	
	"timeH12": "h",
	"timeH24": "H",
	
	"defaultPaperSize": "letter",
	"defaultPhotoSize": "4x6",
	"measurementSystem": "uscustomary",
	"defaultTimeZone": "America/Los_Angeles"
}
