{
	"numberDivider": " ",
	"numberDecimal": ",",
	"percentageSpace": true,
	"localeName": "South Africa",
	"titleCase": true,

	"fullDate": "EEEE dd MMMM yyyy",
	"longDate": "dd MMMM yyyy",
	"mediumDate": "dd MMM yyyy",
	"defaultDate": "dd MMM yyyy",
	"shortDate": "yyyy/MM/dd",
	"dateFieldOrder": "ymd",
	"timeFieldOrder": "hma",

	
	"isMetric": true,
	
	"fullTime24": "H:mm:ss",
	"fullTime12": "h:mm:ss a",
	"longTime24": "H:mm:ss zzz",
	"longTime12": "h:mm:ss a zzz",
	"mediumTime24": "H:mm:ss",
	"mediumTime12": "h:mm:ss a",
	"defaultTime24": "H:mm:ss",
	"defaultTime12": "h:mm:ss a",
	"shortTime24": "H:mm",
	"shortTime12": "h:mm a",
	"dateTimeFormat": "DATE TIME",

	"is12HourDefault": true,
	"firstDayOfWeek": 1,

	"shortDMDate": "MM/dd",
	"mediumDMDate": "dd MMM",
	"longDMDate": "dd MMMM",
	"shortMYDate": "yyyy/MM",
	"mediumMYDate": "MMM yyyy",
	"longMYDate": "MMMM yyyy",
	"shortDDate": "dd",
	"mediumDDate": "dd",
	"longDDate": "dd",	

	"shortWeekday": "EE",
	"mediumWeekday": "EEE",
	"longWeekday": "EEEE",

	"weekDateFormat": "WEEK DATE",
	"timeAFormat": "TIME AM",
	"timeZFormat": "TIME ZONE",
	"timeAZFormat": "TIME AM ZONE",

	"smallTime12": "h:mm",
	"bigTime12": "h:mm:ss",

	"smallTime24": "H:mm",
	"bigTime24": "H:mm:ss",
	
	"timeH12": "h",
	"timeH24": "H",
	
	"currency": {
		"name": "ZAR",
		"iso": "#{sign} #{amt}",
		"common": "#{sign}#{amt}"
	},
	"defaultTimeZone": "Africa/Johannesburg"
}
