{
	" New Voicemails": "6BIÑèw Vòïçèmàïls01",
	" ended": "O0Qèñdèd",
	" retries remaining": "H8Mrètrïès rèmàïñïñg012",
	" retries remaining.": "5derètrïès rèmàïñïñg.012",
	" retry remaining": "dxArètrÿ rèmàïñïñg012",
	" retry remaining.": "neerètrÿ rèmàïñïñg.012",
	" tries remaining.": "Noltrïès rèmàïñïñg.012",
	"#{contact} - #{label}": "4CZ#{contact} - #{label}0123",
	"#{count} messages #{high}": "kOr#{count} mèssàgès #{high}01234",
	"#{n} calls": "IjL#{n} çàlls",
	"(activated)": "Id5(àçtïvàtèd)01",
	"(not activated)": "Akn(ñòt àçtïvàtèd)012",
	"- URGENT": "8a6- ÙRGÈÑT",
	"1 New Voicemail": "MpS1 Ñèw Vòïçèmàïl012",
	"1 message #{high}": "dhl1 mèssàgè #{high}012",
	"A": "wD1À",
	"A new security policy has been implemented for your Exchange ActiveSync account.  When you end the call, you will be able to change your password.": "NFVÀ ñèw sèçùrïtÿ þòlïçÿ hàs ßèèñ ïmþlèmèñtèd fòr ÿòùr Èxçhàñgè ÀçtïvèSÿñç àççòùñt. Whèñ ÿòù èñd thè çàll, ÿòù wïll ßè àßlè tò çhàñgè ÿòùr þàsswòrd.01234567890123456789012345678",
	"A security policy has been implemented for your Exchange ActiveSync account. You must set a password or PIN to continue using it.": "tuaÀ sèçùrïtÿ þòlïçÿ hàs ßèèñ ïmþlèmèñtèd fòr ÿòùr Èxçhàñgè ÀçtïvèSÿñç àççòùñt. Ýòù mùst sèt à þàsswòrd òr PÌÑ tò çòñtïñùè ùsïñg ït.0123456789012345678901234",
	"A security policy has been implemented for your Exchange ActiveSync account. You must set a password to continue using it.": "pvWÀ sèçùrïtÿ þòlïçÿ hàs ßèèñ ïmþlèmèñtèd fòr ÿòùr Èxçhàñgè ÀçtïvèSÿñç àççòùñt. Ýòù mùst sèt à þàsswòrd tò çòñtïñùè ùsïñg ït.012345678901234567890123",
	"ACCOUNTS": "bmNÀÇÇÒÙÑTS",
	"ADD FIXED NUMBER": "vGSÀÐÐ FÌXÈÐ ÑÙMBÈR012",
	"AM": "bBeÀM",
	"Add Call": "zxnÀdd Çàll",
	"Add Favorite ...": "mPdÀdd Fàvòrïtè ...012",
	"Add To Favorites": "ZXvÀdd Tò Fàvòrïtès012",
	"Add to Contacts": "feqÀdd tò Çòñtàçts012",
	"Afghanistan": "9sHÀfghàñïstàñ01",
	"Airplane Mode Is On": "qOZÀïrþlàñè Mòdè Ìs Òñ012",
	"Airplane mode is on.": "1bxÀïrþlàñè mòdè ïs òñ.0123",
	"Akey and checksum are not correct.": "18wÀkèÿ àñd çhèçksùm àrè ñòt çòrrèçt.012345",
	"Akey set failed.": "SnEÀkèÿ sèt fàïlèd.012",
	"Albania": "aHXÀlßàñïà",
	"Algeria": "CjnÀlgèrïà",
	"American Samoa (US)": "I9FÀmèrïçàñ Sàmòà (ÙS)012",
	"Andorra": "WQVÀñdòrrà",
	"Angola": "uG6Àñgòlà",
	"Anguilla": "AFnÀñgùïllà",
	"Answer": "5zaÀñswèr",
	"Answer failed.": "FsEÀñswèr fàïlèd.01",
	"Answer failed: invalid call id": "oqhÀñswèr fàïlèd: ïñvàlïd çàll ïd012345",
	"Antigua and Barbuda": "RkAÀñtïgùà àñd Bàrßùdà012",
	"Are you sure you want to clear all of the calls in your call history?": "2tmÀrè ÿòù sùrè ÿòù wàñt tò çlèàr àll òf thè çàlls ïñ ÿòùr çàll hïstòrÿ¿0123456789012",
	"Are you sure you want to delete voicemail message?": "GNQÀrè ÿòù sùrè ÿòù wàñt tò dèlètè vòïçèmàïl mèssàgè¿0123456789",
	"Argentina": "ZRqÀrgèñtïñà",
	"Armenia": "27KÀrmèñïà",
	"Aruba": "D75Àrùßà",
	"Assistant": "runÀssïstàñt",
	"Audio": "y7gÀùdïò",
	"Australia": "motÀùstràlïà",
	"Austria": "cNsÀùstrïà",
	"Authorization failed.": "fbSÀùthòrïzàtïòñ fàïlèd.0123",
	"Automatic": "OIUÀùtòmàtïç",
	"Automatic - A": "6DXÀùtòmàtïç - À01",
	"Automatic - B": "sLsÀùtòmàtïç - B01",
	"Available networks: ": "MZeÀvàïlàßlè ñètwòrks:012",
	"Azerbaijani Republic": "0AhÀzèrßàïjàñï Rèþùßlïç0123",
	"Bahamas": "sq4Bàhàmàs",
	"Bahrain": "QpzBàhràïñ",
	"Bangladesh": "6MGBàñglàdèsh",
	"Barbados": "OWSBàrßàdòs",
	"Baseband crashed.": "Tn2Bàsèßàñd çràshèd.012",
	"Belarus": "PIZBèlàrùs",
	"Belgium": "VYfBèlgïùm",
	"Belize": "8JtBèlïzè",
	"Benin": "7EJBèñïñ",
	"Bermuda (UK)": "G0cBèrmùdà (ÙK)01",
	"Bhutan": "CzFBhùtàñ",
	"Blocked number": "SObBlòçkèd ñùmßèr01",
	"Bluetooth": "fOrBlùètòòth",
	"Bolivia": "vY9Bòlïvïà",
	"Bosnia and Herzegovina": "5pTBòsñïà àñd Hèrzègòvïñà0123",
	"Botswana": "kdRBòtswàñà",
	"Brazil": "WJPBràzïl",
	"British Virgin Islands (UK)": "BPyBrïtïsh Vïrgïñ Ìslàñds (ÙK)01234",
	"Brunei Darussalam": "QzzBrùñèï Ðàrùssàlàm012",
	"Bulgaria": "NkiBùlgàrïà",
	"Burkina Faso": "yTNBùrkïñà Fàsò01",
	"Burundi": "NNEBùrùñdï",
	"C": "94fÇ",
	"CNAP disabled.": "5MaÇÑÀP dïsàßlèd.01",
	"CNAP enabled.": "uUCÇÑÀP èñàßlèd.01",
	"CNAP not provisioned.": "HH7ÇÑÀP ñòt þròvïsïòñèd.0123",
	"CNAP query failed.": "3TaÇÑÀP qùèrÿ fàïlèd.012",
	"Ca": "EvBÇà",
	"Call #{value}": "oBRÇàll #{value}01",
	"Call Emergency": "MNOÇàll Èmèrgèñçÿ01",
	"Call My Voicemail": "QOhÇàll Mÿ Vòïçèmàïl012",
	"Call barred by network": "FOCÇàll ßàrrèd ßÿ ñètwòrk0123",
	"Call barring (bar all barring) disabled for #{ic.2}.": "AduÇàll ßàrrïñg (ßàr àll ßàrrïñg) dïsàßlèd fòr #{ic.2}.0123456789",
	"Call barring (bar all barring) enabled for #{ic.2}.": "ZyXÇàll ßàrrïñg (ßàr àll ßàrrïñg) èñàßlèd fòr #{ic.2}.0123456789",
	"Call barring (bar all barring) is disabled for #{ic.2}.": "2CMÇàll ßàrrïñg (ßàr àll ßàrrïñg) ïs dïsàßlèd fòr #{ic.2}.01234567890",
	"Call barring (bar all barring) is enabled for #{ic.2}.": "EvXÇàll ßàrrïñg (ßàr àll ßàrrïñg) ïs èñàßlèd fòr #{ic.2}.0123456789",
	"Call barring (bar all incoming) disabled for #{ic.2}.": "QIeÇàll ßàrrïñg (ßàr àll ïñçòmïñg) dïsàßlèd fòr #{ic.2}.0123456789",
	"Call barring (bar all incoming) enabled for #{ic.2}.": "whYÇàll ßàrrïñg (ßàr àll ïñçòmïñg) èñàßlèd fòr #{ic.2}.0123456789",
	"Call barring (bar all incoming) is disabled for #{ic.2}.": "bd2Çàll ßàrrïñg (ßàr àll ïñçòmïñg) ïs dïsàßlèd fòr #{ic.2}.01234567890",
	"Call barring (bar all incoming) is enabled for #{ic.2}.": "9GZÇàll ßàrrïñg (ßàr àll ïñçòmïñg) ïs èñàßlèd fòr #{ic.2}.01234567890",
	"Call barring (bar all outgoing) disabled for #{ic.2}.": "2iaÇàll ßàrrïñg (ßàr àll òùtgòïñg) dïsàßlèd fòr #{ic.2}.0123456789",
	"Call barring (bar all outgoing) enabled for #{ic.2}.": "iPiÇàll ßàrrïñg (ßàr àll òùtgòïñg) èñàßlèd fòr #{ic.2}.0123456789",
	"Call barring (bar all outgoing) is disabled for #{ic.2}.": "LObÇàll ßàrrïñg (ßàr àll òùtgòïñg) ïs dïsàßlèd fòr #{ic.2}.01234567890",
	"Call barring (bar all outgoing) is enabled for #{ic.2}.": "LSrÇàll ßàrrïñg (ßàr àll òùtgòïñg) ïs èñàßlèd fòr #{ic.2}.01234567890",
	"Call barring (bar incoming roaming) disabled for #{ic.2}.": "1C5Çàll ßàrrïñg (ßàr ïñçòmïñg ròàmïñg) dïsàßlèd fòr #{ic.2}.01234567890",
	"Call barring (bar incoming roaming) enabled for #{ic.2}.": "xPkÇàll ßàrrïñg (ßàr ïñçòmïñg ròàmïñg) èñàßlèd fòr #{ic.2}.01234567890",
	"Call barring (bar incoming roaming) is disabled for #{ic.2}.": "lDZÇàll ßàrrïñg (ßàr ïñçòmïñg ròàmïñg) ïs dïsàßlèd fòr #{ic.2}.012345678901",
	"Call barring (bar incoming roaming) is enabled for #{ic.2}.": "TuLÇàll ßàrrïñg (ßàr ïñçòmïñg ròàmïñg) ïs èñàßlèd fòr #{ic.2}.01234567890",
	"Call barring (bar incoming) disabled for #{ic.2}.": "9a5Çàll ßàrrïñg (ßàr ïñçòmïñg) dïsàßlèd fòr #{ic.2}.012345678",
	"Call barring (bar incoming) enabled for #{ic.2}.": "sTTÇàll ßàrrïñg (ßàr ïñçòmïñg) èñàßlèd fòr #{ic.2}.012345678",
	"Call barring (bar incoming) is disabled for #{ic.2}.": "OwvÇàll ßàrrïñg (ßàr ïñçòmïñg) ïs dïsàßlèd fòr #{ic.2}.0123456789",
	"Call barring (bar incoming) is enabled for #{ic.2}.": "eEiÇàll ßàrrïñg (ßàr ïñçòmïñg) ïs èñàßlèd fòr #{ic.2}.0123456789",
	"Call barring (bar outgoing international except to home country) disabled for #{ic.2}.": "MHLÇàll ßàrrïñg (ßàr òùtgòïñg ïñtèrñàtïòñàl èxçèþt tò hòmè çòùñtrÿ) dïsàßlèd fòr #{ic.2}.01234567890123456",
	"Call barring (bar outgoing international except to home country) enabled for #{ic.2}.": "xEaÇàll ßàrrïñg (ßàr òùtgòïñg ïñtèrñàtïòñàl èxçèþt tò hòmè çòùñtrÿ) èñàßlèd fòr #{ic.2}.01234567890123456",
	"Call barring (bar outgoing international except to home) is disabled for #{ic.2}.": "vhvÇàll ßàrrïñg (ßàr òùtgòïñg ïñtèrñàtïòñàl èxçèþt tò hòmè) ïs dïsàßlèd fòr #{ic.2}.0123456789012345",
	"Call barring (bar outgoing international except to home) is enabled for #{ic.2}.": "PhwÇàll ßàrrïñg (ßàr òùtgòïñg ïñtèrñàtïòñàl èxçèþt tò hòmè) ïs èñàßlèd fòr #{ic.2}.0123456789012345",
	"Call barring (bar outgoing international) disabled for #{ic.2}.": "NbpÇàll ßàrrïñg (ßàr òùtgòïñg ïñtèrñàtïòñàl) dïsàßlèd fòr #{ic.2}.012345678901",
	"Call barring (bar outgoing international) enabled for #{ic.2}.": "pjQÇàll ßàrrïñg (ßàr òùtgòïñg ïñtèrñàtïòñàl) èñàßlèd fòr #{ic.2}.012345678901",
	"Call barring (bar outgoing international) is disabled for #{ic.2}.": "WygÇàll ßàrrïñg (ßàr òùtgòïñg ïñtèrñàtïòñàl) ïs dïsàßlèd fòr #{ic.2}.0123456789012",
	"Call barring (bar outgoing international) is enabled for #{ic.2}.": "YtLÇàll ßàrrïñg (ßàr òùtgòïñg ïñtèrñàtïòñàl) ïs èñàßlèd fòr #{ic.2}.0123456789012",
	"Call barring (bar outgoing) disabled for #{ic.2}.": "VHiÇàll ßàrrïñg (ßàr òùtgòïñg) dïsàßlèd fòr #{ic.2}.012345678",
	"Call barring (bar outgoing) enabled for #{ic.2}.": "5CQÇàll ßàrrïñg (ßàr òùtgòïñg) èñàßlèd fòr #{ic.2}.012345678",
	"Call barring (bar outgoing) is disabled for #{ic.2}.": "qI4Çàll ßàrrïñg (ßàr òùtgòïñg) ïs dïsàßlèd fòr #{ic.2}.0123456789",
	"Call barring (bar outgoing) is enabled for #{ic.2}.": "DsiÇàll ßàrrïñg (ßàr òùtgòïñg) ïs èñàßlèd fòr #{ic.2}.0123456789",
	"Call barring activation failed for #{ic.2}. #{errorText}": "sf6Çàll ßàrrïñg àçtïvàtïòñ fàïlèd fòr #{ic.2}. #{errorText}01234567890",
	"Call barring deactivation failed for #{ic.2}. #{errorText}": "HbVÇàll ßàrrïñg dèàçtïvàtïòñ fàïlèd fòr #{ic.2}. #{errorText}01234567890",
	"Call barring password change failed. #{errorText}": "SWGÇàll ßàrrïñg þàsswòrd çhàñgè fàïlèd. #{errorText}012345678",
	"Call barring password change was successful.": "079Çàll ßàrrïñg þàsswòrd çhàñgè wàs sùççèssfùl.01234567",
	"Call barring registration failed for #{ic.2}. #{errorText}": "sICÇàll ßàrrïñg règïstràtïòñ fàïlèd fòr #{ic.2}. #{errorText}01234567890",
	"Call barring unregistration failed for #{ic.2}. #{errorText}": "oO5Çàll ßàrrïñg ùñrègïstràtïòñ fàïlèd fòr #{ic.2}. #{errorText}012345678901",
	"Call carrier voicemail": "dAZÇàll çàrrïèr vòïçèmàïl0123",
	"Call customer service": "L7lÇàll çùstòmèr sèrvïçè0123",
	"Call dropped": "mY8Çàll dròþþèd01",
	"Call dropped.": "JC4Çàll dròþþèd.01",
	"Call dropped: baseband crashed.": "4PyÇàll dròþþèd: ßàsèßàñd çràshèd.012345",
	"Call dropped: out-of-range.": "QvcÇàll dròþþèd: òùt-òf-ràñgè.01234",
	"Call dropped: signal faded": "sTPÇàll dròþþèd: sïgñàl fàdèd01234",
	"Call dropped: signal faded.": "b9YÇàll dròþþèd: sïgñàl fàdèd.01234",
	"Call ended": "LvkÇàll èñdèd",
	"Call failed.": "8UoÇàll fàïlèd.01",
	"Call failed: No free lines.": "yFFÇàll fàïlèd: Ñò frèè lïñès.01234",
	"Call failed: No service.": "ggIÇàll fàïlèd: Ñò sèrvïçè.0123",
	"Call failed: Not an emergency call.": "scgÇàll fàïlèd: Ñòt àñ èmèrgèñçÿ çàll.0123456",
	"Call failed: Not on fixed dialing list.": "EiOÇàll fàïlèd: Ñòt òñ fïxèd dïàlïñg lïst.0123456",
	"Call failed: Phone is PIN locked.": "iolÇàll fàïlèd: Phòñè ïs PÌÑ lòçkèd.012345",
	"Call failed: Phone is PUK locked.": "SjsÇàll fàïlèd: Phòñè ïs PÙK lòçkèd.012345",
	"Call failed: Phone is locked.": "ZLtÇàll fàïlèd: Phòñè ïs lòçkèd.01234",
	"Call failed: Phone is off.": "U7zÇàll fàïlèd: Phòñè ïs òff.01234",
	"Call failed: network busy": "pGxÇàll fàïlèd: ñètwòrk ßùsÿ01234",
	"Call failed: no service": "DKhÇàll fàïlèd: ñò sèrvïçè0123",
	"Call forwarding (all-conditional) status: #{status}": "dkHÇàll fòrwàrdïñg (àll-çòñdïtïòñàl) stàtùs: #{status}0123456789",
	"Call forwarding (all-forwarding) status: #{status}": "tPpÇàll fòrwàrdïñg (àll-fòrwàrdïñg) stàtùs: #{status}0123456789",
	"Call forwarding (mobile busy) status: #{status}": "Ol2Çàll fòrwàrdïñg (mòßïlè ßùsÿ) stàtùs: #{status}012345678",
	"Call forwarding (no reply) status: #{status}": "0lKÇàll fòrwàrdïñg (ñò rèþlÿ) stàtùs: #{status}01234567",
	"Call forwarding (unconditional) status: #{status}": "g3PÇàll fòrwàrdïñg (ùñçòñdïtïòñàl) stàtùs: #{status}012345678",
	"Call forwarding (unreachable) status: #{status}": "1DxÇàll fòrwàrdïñg (ùñrèàçhàßlè) stàtùs: #{status}012345678",
	"Call forwarding activated for all-conditional: #{ic.2}.": "4tKÇàll fòrwàrdïñg àçtïvàtèd fòr àll-çòñdïtïòñàl: #{ic.2}.01234567890",
	"Call forwarding activated for all-forwarding: #{ic.2}.": "LTHÇàll fòrwàrdïñg àçtïvàtèd fòr àll-fòrwàrdïñg: #{ic.2}.0123456789",
	"Call forwarding activated for mobile busy: #{ic.2}.": "H6EÇàll fòrwàrdïñg àçtïvàtèd fòr mòßïlè ßùsÿ: #{ic.2}.0123456789",
	"Call forwarding activated for no reply: #{ic.2}.": "nZCÇàll fòrwàrdïñg àçtïvàtèd fòr ñò rèþlÿ: #{ic.2}.012345678",
	"Call forwarding activated for unconditional: #{ic.2}.": "WpWÇàll fòrwàrdïñg àçtïvàtèd fòr ùñçòñdïtïòñàl: #{ic.2}.0123456789",
	"Call forwarding activated for unreachable: #{ic.2}.": "72BÇàll fòrwàrdïñg àçtïvàtèd fòr ùñrèàçhàßlè: #{ic.2}.0123456789",
	"Call forwarding activation failed. #{errorText}": "pp8Çàll fòrwàrdïñg àçtïvàtïòñ fàïlèd. #{errorText}012345678",
	"Call forwarding deactivated for all-conditional: #{ic.2}.": "IAMÇàll fòrwàrdïñg dèàçtïvàtèd fòr àll-çòñdïtïòñàl: #{ic.2}.01234567890",
	"Call forwarding deactivated for all-forwarding: #{ic.2}.": "DlJÇàll fòrwàrdïñg dèàçtïvàtèd fòr àll-fòrwàrdïñg: #{ic.2}.01234567890",
	"Call forwarding deactivated for mobile busy: #{ic.2}.": "hVpÇàll fòrwàrdïñg dèàçtïvàtèd fòr mòßïlè ßùsÿ: #{ic.2}.0123456789",
	"Call forwarding deactivated for no reply: #{ic.2}.": "XATÇàll fòrwàrdïñg dèàçtïvàtèd fòr ñò rèþlÿ: #{ic.2}.0123456789",
	"Call forwarding deactivated for unconditional: #{ic.2}.": "LTVÇàll fòrwàrdïñg dèàçtïvàtèd fòr ùñçòñdïtïòñàl: #{ic.2}.01234567890",
	"Call forwarding deactivated for unreachable: #{ic.2}.": "HRfÇàll fòrwàrdïñg dèàçtïvàtèd fòr ùñrèàçhàßlè: #{ic.2}.0123456789",
	"Call forwarding deactivation failed. #{errorText}": "atlÇàll fòrwàrdïñg dèàçtïvàtïòñ fàïlèd. #{errorText}012345678",
	"Call forwarding registered for #{si.1} for all-conditional: #{ic.2}.": "MYYÇàll fòrwàrdïñg règïstèrèd fòr #{si.1} fòr àll-çòñdïtïòñàl: #{ic.2}.0123456789012",
	"Call forwarding registered for #{si.1} for all-forwarding: #{ic.2}.": "zMlÇàll fòrwàrdïñg règïstèrèd fòr #{si.1} fòr àll-fòrwàrdïñg: #{ic.2}.0123456789012",
	"Call forwarding registered for #{si.1} for mobilebusy: #{ic.2}.": "ldoÇàll fòrwàrdïñg règïstèrèd fòr #{si.1} fòr mòßïlèßùsÿ: #{ic.2}.012345678901",
	"Call forwarding registered for #{si.1} for no reply: #{ic.2}.": "CQbÇàll fòrwàrdïñg règïstèrèd fòr #{si.1} fòr ñò rèþlÿ: #{ic.2}.012345678901",
	"Call forwarding registered for #{si.1} for unconditional: #{ic.2}.": "QkqÇàll fòrwàrdïñg règïstèrèd fòr #{si.1} fòr ùñçòñdïtïòñàl: #{ic.2}.0123456789012",
	"Call forwarding registered for #{si.1} for unreachable: #{ic.2}.": "v7CÇàll fòrwàrdïñg règïstèrèd fòr #{si.1} fòr ùñrèàçhàßlè: #{ic.2}.012345678901",
	"Call forwarding registration failed. #{errorText}": "AyGÇàll fòrwàrdïñg règïstràtïòñ fàïlèd. #{errorText}012345678",
	"Call forwarding unregistered for all-conditional: #{ic.2}.": "6wyÇàll fòrwàrdïñg ùñrègïstèrèd fòr àll-çòñdïtïòñàl: #{ic.2}.01234567890",
	"Call forwarding unregistered for all-forwarding: #{ic.2}.": "CV0Çàll fòrwàrdïñg ùñrègïstèrèd fòr àll-fòrwàrdïñg: #{ic.2}.01234567890",
	"Call forwarding unregistered for mobile busy: #{ic.2}.": "9wDÇàll fòrwàrdïñg ùñrègïstèrèd fòr mòßïlè ßùsÿ: #{ic.2}.0123456789",
	"Call forwarding unregistered for no reply: #{ic.2}.": "ZhbÇàll fòrwàrdïñg ùñrègïstèrèd fòr ñò rèþlÿ: #{ic.2}.0123456789",
	"Call forwarding unregistered for unconditional: #{ic.2}.": "Fc2Çàll fòrwàrdïñg ùñrègïstèrèd fòr ùñçòñdïtïòñàl: #{ic.2}.01234567890",
	"Call forwarding unregistered for unreachable: #{ic.2}.": "zstÇàll fòrwàrdïñg ùñrègïstèrèd fòr ùñrèàçhàßlè: #{ic.2}.0123456789",
	"Call forwarding unregistration failed. #{errorText}": "OtTÇàll fòrwàrdïñg ùñrègïstràtïòñ fàïlèd. #{errorText}0123456789",
	"Call service provider for PUK code.": "45gÇàll sèrvïçè þròvïdèr fòr PÙK çòdè.0123456",
	"Call to this address cannot be placed without authorization": "BFsÇàll tò thïs àddrèss çàññòt ßè þlàçèd wïthòùt àùthòrïzàtïòñ01234567890",
	"Call waiting activation failed. #{errorText}": "XMtÇàll wàïtïñg àçtïvàtïòñ fàïlèd. #{errorText}01234567",
	"Call waiting deactivation failed. #{errorText}": "hT8Çàll wàïtïñg dèàçtïvàtïòñ fàïlèd. #{errorText}012345678",
	"Call waiting for #{ic.1} is active.": "AUTÇàll wàïtïñg fòr #{ic.1} ïs àçtïvè.0123456",
	"Call waiting is disabled for #{ic.1}.": "oAkÇàll wàïtïñg ïs dïsàßlèd fòr #{ic.1}.0123456",
	"Call waiting is enabled for #{ic.1}.": "WjBÇàll wàïtïñg ïs èñàßlèd fòr #{ic.1}.0123456",
	"Call waiting is not active.": "1IJÇàll wàïtïñg ïs ñòt àçtïvè.01234",
	"Call waiting query failed. #{errorText}": "jVaÇàll wàïtïñg qùèrÿ fàïlèd. #{errorText}0123456",
	"Call waiting registration failed. #{errorText}": "HYtÇàll wàïtïñg règïstràtïòñ fàïlèd. #{errorText}012345678",
	"Call waiting unregistration failed. #{errorText}": "wqMÇàll wàïtïñg ùñrègïstràtïòñ fàïlèd. #{errorText}012345678",
	"Call with #{contact} ended": "2hRÇàll wïth #{contact} èñdèd01234",
	"Cambodia": "SGXÇàmßòdïà",
	"Cameroon": "AxSÇàmèròòñ",
	"Canada": "lkmÇàñàdà",
	"Cancel": "OFUÇàñçèl",
	"Cancel update": "ETSÇàñçèl ùþdàtè01",
	"Cape Verde": "XIHÇàþè Vèrdè",
	"Car": "duGÇàr",
	"Carrier Only": "bgwÇàrrïèr Òñlÿ01",
	"Carrier Voicemail": "XfXÇàrrïèr Vòïçèmàïl012",
	"Cayman Islands (UK)": "sf8Çàÿmàñ Ìslàñds (ÙK)012",
	"Central African Republic": "dtlÇèñtràl Àfrïçàñ Rèþùßlïç0123",
	"Chad": "DenÇhàd",
	"Change Default Number": "V4MÇhàñgè Ðèfàùlt Ñùmßèr0123",
	"Change Settings": "LDEÇhàñgè Sèttïñgs012",
	"Changing Settings": "QzoÇhàñgïñg Sèttïñgs012",
	"Check Skype Credit": "KTRÇhèçk Skÿþè Çrèdït012",
	"Chile": "MuEÇhïlè",
	"China": "ZuuÇhïñà",
	"Choose a default number": "7wJÇhòòsè à dèfàùlt ñùmßèr0123",
	"Clear Call History": "BqHÇlèàr Çàll Hïstòrÿ012",
	"Colombia": "SyBÇòlòmßïà",
	"Command timed out.": "FypÇòmmàñd tïmèd òùt.012",
	"Commit succeeded": "PjQÇòmmït sùççèèdèd012",
	"Comoros": "0aXÇòmòròs",
	"Company": "nu0Çòmþàñÿ",
	"Conference Call": "uVLÇòñfèrèñçè Çàll012",
	"Conference call": "ZBXÇòñfèrèñçè çàll012",
	"Conference call ended": "hiQÇòñfèrèñçè çàll èñdèd0123",
	"Conference failed.": "UDdÇòñfèrèñçè fàïlèd.012",
	"Conference failed: need at least 2 calls.": "54oÇòñfèrèñçè fàïlèd: ñèèd àt lèàst 2 çàlls.01234567",
	"Confirm new PIN": "pWTÇòñfïrm ñèw PÌÑ012",
	"Confirm new PIN2": "ePNÇòñfïrm ñèw PÌÑ2012",
	"Congo, The Democratic Republic of the": "VbWÇòñgò, Thè Ðèmòçràtïç Rèþùßlïç òf thè0123456",
	"Connecting": "3h7Çòññèçtïñg",
	"Connecting to network to dial...": "J6wÇòññèçtïñg tò ñètwòrk tò dïàl...012345",
	"Contact carrier for PUK code": "PQ6Çòñtàçt çàrrïèr fòr PÙK çòdè01234",
	"Contact carrier for PUK2 code": "AqLÇòñtàçt çàrrïèr fòr PÙK2 çòdè01234",
	"Contact carrier for new SIM": "r2ZÇòñtàçt çàrrïèr fòr ñèw SÌM01234",
	"Contact your carrier for the unblock code": "TEOÇòñtàçt ÿòùr çàrrïèr fòr thè ùñßlòçk çòdè01234567",
	"Contact your carrier for the unlock code": "pD4Çòñtàçt ÿòùr çàrrïèr fòr thè ùñlòçk çòdè01234567",
	"Cook Islands (NZ)": "kUUÇòòk Ìslàñds (ÑZ)012",
	"Costa Rica": "nmTÇòstà Rïçà",
	"Cote d'Ivoire": "l9yÇòtè d'Ìvòïrè01",
	"Croatia": "kIqÇròàtïà",
	"Cuba": "zMYÇùßà",
	"Cyprus": "GzyÇÿþrùs",
	"Czech Republic": "OxWÇzèçh Rèþùßlïç01",
	"Delete": "Fm4Ðèlètè",
	"Delete Voicemail": "WyoÐèlètè Vòïçèmàïl012",
	"Denmark": "vkMÐèñmàrk",
	"Device Password Required": "yMCÐèvïçè Pàsswòrd Rèqùïrèd0123",
	"Device Password Upgrade Required": "1n6Ðèvïçè Pàsswòrd Ùþgràdè Rèqùïrèd012345",
	"Dial": "hvuÐïàl",
	"Dial ": "hvuÐïàl",
	"Dialing": "8gSÐïàlïñg",
	"Djibouti": "U8KÐjïßòùtï",
	"Do you wish to delete your recording and start again?": "EpFÐò ÿòù wïsh tò dèlètè ÿòùr rèçòrdïñg àñd stàrt àgàïñ¿0123456789",
	"Dominica": "5smÐòmïñïçà",
	"Dominican Republic": "3XMÐòmïñïçàñ Rèþùßlïç012",
	"Done": "dMSÐòñè",
	"EDIT FIXED NUMBER": "C4ZÈÐÌT FÌXÈÐ ÑÙMBÈR012",
	"ENTER PASSWORD": "WsqÈÑTÈR PÀSSWÒRÐ01",
	"East Timor": "SnlÈàst Tïmòr",
	"Ecuador": "kyoÈçùàdòr",
	"Egypt": "1fIÈgÿþt",
	"Eight": "5UvÈïght",
	"El Salvador": "RgJÈl Sàlvàdòr01",
	"Emergency Call": "gVfÈmèrgèñçÿ Çàll01",
	"Emergency Number": "cTRÈmèrgèñçÿ Ñùmßèr012",
	"Emergency call": "1qTÈmèrgèñçÿ çàll01",
	"Emergency call failed.": "zREÈmèrgèñçÿ çàll fàïlèd.0123",
	"Emergency calls only.": "NJVÈmèrgèñçÿ çàlls òñlÿ.0123",
	"End all calls": "EEVÈñd àll çàlls01",
	"Ended": "QbEÈñdèd",
	"Ending": "jR8Èñdïñg",
	"Enter 4-8 numbers for new PIN": "P8uÈñtèr 4-8 ñùmßèrs fòr ñèw PÌÑ01234",
	"Enter 4-8 numbers for new PIN2": "lvwÈñtèr 4-8 ñùmßèrs fòr ñèw PÌÑ2012345",
	"Enter MSL then tap Done.": "kGKÈñtèr MSL thèñ tàþ Ðòñè.0123",
	"Enter Network Unlock Code": "auJÈñtèr Ñètwòrk Ùñlòçk Çòdè01234",
	"Enter New PIN2": "vXlÈñtèr Ñèw PÌÑ201",
	"Enter PIN": "jSKÈñtèr PÌÑ",
	"Enter PIN again": "fxuÈñtèr PÌÑ àgàïñ012",
	"Enter PIN2": "wugÈñtèr PÌÑ2",
	"Enter PUK": "hvCÈñtèr PÙK",
	"Enter PUK to reset PIN": "xDwÈñtèr PÙK tò rèsèt PÌÑ0123",
	"Enter PUK2": "2hYÈñtèr PÙK2",
	"Enter PUK2 to reset PIN2": "ExiÈñtèr PÙK2 tò rèsèt PÌÑ20123",
	"Enter Unblock Code": "qSjÈñtèr Ùñßlòçk Çòdè012",
	"Enter name or number...": "YfCÈñtèr ñàmè òr ñùmßèr...0123",
	"Enter new PIN": "aOTÈñtèr ñèw PÌÑ01",
	"Enter new PIN2": "y7DÈñtèr ñèw PÌÑ201",
	"Enter number...": "CYxÈñtèr ñùmßèr...012",
	"Enter old PIN": "sBRÈñtèr òld PÌÑ01",
	"Enter old PIN2": "K6oÈñtèr òld PÌÑ201",
	"Entering an incorrect PIN will erase your phone": "EMKÈñtèrïñg àñ ïñçòrrèçt PÌÑ wïll èràsè ÿòùr þhòñè012345678",
	"Entry is too long to fit on SIM card.": "Kz4Èñtrÿ ïs tòò lòñg tò fït òñ SÌM çàrd.0123456",
	"Equatorial Guinea": "YS5Èqùàtòrïàl Gùïñèà012",
	"Eritrea": "eOpÈrïtrèà",
	"Error Switching Network Mode": "f9yÈrròr Swïtçhïñg Ñètwòrk Mòdè01234",
	"Error occurred.": "ZVdÈrròr òççùrrèd.012",
	"Error retrieving network list. Please try again": "Ke4Èrròr rètrïèvïñg ñètwòrk lïst. Plèàsè trÿ àgàïñ012345678",
	"Error: MSL value is empty.": "a7tÈrròr: MSL vàlùè ïs èmþtÿ.01234",
	"Estonia": "bqwÈstòñïà",
	"Ethiopia": "uVvÈthïòþïà",
	"Exit Emergency Mode": "g2HÈxït Èmèrgèñçÿ Mòdè012",
	"Extract failed.": "jM1Èxtràçt fàïlèd.012",
	"Extract failed: no conference.": "F57Èxtràçt fàïlèd: ñò çòñfèrèñçè.012345",
	"Extract failed: no free lines.": "dFoÈxtràçt fàïlèd: ñò frèè lïñès.012345",
	"Failed to register for TelephonyService status.": "DSlFàïlèd tò règïstèr fòr TèlèþhòñÿSèrvïçè stàtùs.012345678",
	"Failed to save voicemail greeting": "qgRFàïlèd tò sàvè vòïçèmàïl grèètïñg012345",
	"Failure. ": "e0nFàïlùrè.",
	"Failure. Tries left : ": "b84Fàïlùrè. Trïès lèft :0123",
	"Faroe Islands (Denmark)": "Jj6Fàròè Ìslàñds (Ðèñmàrk)0123",
	"Fax": "NTJFàx",
	"Federated States of Micronesia": "fYIFèdèràtèd Stàtès òf Mïçròñèsïà012345",
	"Fiji": "3NKFïjï",
	"Finland": "xuwFïñlàñd",
	"Five": "lI6Fïvè",
	"Fixed Dialing Number": "cDpFïxèd Ðïàlïñg Ñùmßèr0123",
	"Fixed dialing is enabled": "ihMFïxèd dïàlïñg ïs èñàßlèd0123",
	"Fixed dialing-restricted.": "6b2Fïxèd dïàlïñg-rèstrïçtèd.01234",
	"Four": "HI2Fòùr",
	"France": "aMPFràñçè",
	"French Guiana (France)": "t0ZFrèñçh Gùïàñà (Fràñçè)0123",
	"French Polynesia (France)": "5yJFrèñçh Pòlÿñèsïà (Fràñçè)01234",
	"Fw: Voicemail from ": "xc2Fw: Vòïçèmàïl fròm012",
	"Gabonese Republic": "gAGGàßòñèsè Rèþùßlïç012",
	"Gambia": "EQSGàmßïà",
	"General error.": "wpvGèñèràl èrròr.01",
	"Georgia": "BpVGèòrgïà",
	"Germany": "qxIGèrmàñÿ",
	"Getting activation info...": "WGSGèttïñg àçtïvàtïòñ ïñfò...01234",
	"Ghana": "u0SGhàñà",
	"Gibraltar (UK)": "KqNGïßràltàr (ÙK)01",
	"Greece": "HilGrèèçè",
	"Greenland (Denmark)": "W4FGrèèñlàñd (Ðèñmàrk)012",
	"Grenada": "SLlGrèñàdà",
	"Guadeloupe (France)": "b6JGùàdèlòùþè (Fràñçè)012",
	"Guam (US)": "27IGùàm (ÙS)",
	"Guatemala": "ZakGùàtèmàlà",
	"Guinea": "NbHGùïñèà",
	"Guinea-Bissau": "XAXGùïñèà-Bïssàù01",
	"Guyana": "uqMGùÿàñà",
	"Haiti": "awPHàïtï",
	"Hold": "2LrHòld",
	"Home": "EHCHòmè",
	"Home 2": "7bsHòmè 2",
	"Honduras": "NZwHòñdùràs",
	"Hong Kong (PRC)": "N9kHòñg Kòñg (PRÇ)012",
	"Hungary": "BUbHùñgàrÿ",
	"IMEI query failed.": "nwzÌMÈÌ qùèrÿ fàïlèd.012",
	"IMEI: #{value}": "C7bÌMÈÌ: #{value}01",
	"Iceland": "uPsÌçèlàñd",
	"If these settings are invalid, you will not be able to send or receive an MMS.  Are you sure you want to use these settings?": "w0OÌf thèsè sèttïñgs àrè ïñvàlïd, ÿòù wïll ñòt ßè àßlè tò sèñd òr rèçèïvè àñ MMS. Àrè ÿòù sùrè ÿòù wàñt tò ùsè thèsè sèttïñgs¿012345678901234567890123",
	"If these settings are invalid, you will not have a data connection.  Are you sure you want to use these settings?": "nLNÌf thèsè sèttïñgs àrè ïñvàlïd, ÿòù wïll ñòt hàvè à dàtà çòññèçtïòñ. Àrè ÿòù sùrè ÿòù wàñt tò ùsè thèsè sèttïñgs¿0123456789012345678901",
	"If you enter an incorrect PIN now your phone will be erased.": "ygvÌf ÿòù èñtèr àñ ïñçòrrèçt PÌÑ ñòw ÿòùr þhòñè wïll ßè èràsèd.012345678901",
	"Ignore": "JNSÌgñòrè",
	"Ignored call from #{contact}": "Nd3Ìgñòrèd çàll fròm #{contact}01234",
	"Incoming Call": "6ygÌñçòmïñg Çàll01",
	"Incoming call": "R3NÌñçòmïñg çàll01",
	"Incoming caller ID presentation disabled.": "NU2Ìñçòmïñg çàllèr ÌÐ þrèsèñtàtïòñ dïsàßlèd.01234567",
	"Incoming caller ID presentation enabled.": "fwWÌñçòmïñg çàllèr ÌÐ þrèsèñtàtïòñ èñàßlèd.01234567",
	"Incoming caller ID presentation not provisioned.": "pP6Ìñçòmïñg çàllèr ÌÐ þrèsèñtàtïòñ ñòt þròvïsïòñèd.012345678",
	"Incoming caller ID presentation query failed. #{errorText}": "KLlÌñçòmïñg çàllèr ÌÐ þrèsèñtàtïòñ qùèrÿ fàïlèd. #{errorText}01234567890",
	"Incorrect passcode. \"+ response.retriesLeft + \" retries left.": "RVRÌñçòrrèçt þàssçòdè. \"+ rèsþòñsè.rètrïèsLèft + \" rètrïès lèft.012345678901",
	"India": "SaCÌñdïà",
	"Indonesia": "Hl4Ìñdòñèsïà",
	"Initial programming required": "fJZÌñïtïàl þrògràmmïñg rèqùïrèd01234",
	"Initializing...": "3QcÌñïtïàlïzïñg...012",
	"International Call": "fXiÌñtèrñàtïòñàl Çàll012",
	"Internet APN settings changed": "5opÌñtèrñèt ÀPÑ sèttïñgs çhàñgèd01234",
	"Invalid Internet APN Settings..": "B4BÌñvàlïd Ìñtèrñèt ÀPÑ Sèttïñgs..012345",
	"Invalid MMS APN Settings..": "UcFÌñvàlïd MMS ÀPÑ Sèttïñgs..01234",
	"Invalid PIN": "lpfÌñvàlïd PÌÑ01",
	"Invalid parameter.": "m3OÌñvàlïd þàràmètèr.012",
	"Iran": "YFkÌràñ",
	"Iraq": "uW2Ìràq",
	"Ireland": "Yl3Ìrèlàñd",
	"Israel": "PwpÌsràèl",
	"Italy": "imXÌtàlÿ",
	"Jamaica": "QGWJàmàïçà",
	"Japan": "GMWJàþàñ",
	"Jordan": "uEKJòrdàñ",
	"Kazakhstan": "rvAKàzàkhstàñ",
	"Keep Existing Recording": "18OKèèþ Èxïstïñg Rèçòrdïñg0123",
	"Keep the current mode": "acAKèèþ thè çùrrèñt mòdè0123",
	"Kenya": "suQKèñÿà",
	"Key pad": "zKOKèÿ þàd",
	"Kiribati": "zi6Kïrïßàtï",
	"Korea, North": "yc6Kòrèà, Ñòrth01",
	"Korea, South": "LAuKòrèà, Sòùth01",
	"Kuwait": "nloKùwàït",
	"Kyrgyz Republic": "zRKKÿrgÿz Rèþùßlïç012",
	"Laos": "z4rLàòs",
	"Latvia": "38LLàtvïà",
	"Lebanon": "mbDLèßàñòñ",
	"Lesotho": "WtzLèsòthò",
	"Liberia": "eoULïßèrïà",
	"Libya": "NsmLïßÿà",
	"Liechtenstein": "a9dLïèçhtèñstèïñ01",
	"Line is busy": "MPALïñè ïs ßùsÿ01",
	"Listening...": "7svLïstèñïñg...01",
	"Lithuania": "cPhLïthùàñïà",
	"Lock SIM Card": "UJWLòçk SÌM Çàrd01",
	"Luxembourg": "lsxLùxèmßòùrg",
	"MDN downloaded": "AfyMÐÑ dòwñlòàdèd01",
	"MMS APN settings changed": "HfJMMS ÀPÑ sèttïñgs çhàñgèd0123",
	"MUTE": "kIoMÙTÈ",
	"Macao (PRC)": "o7bMàçàò (PRÇ)01",
	"Macedonia, The Former Yugoslav Republic Of": "7vPMàçèdòñïà, Thè Fòrmèr Ýùgòslàv Rèþùßlïç Òf01234567",
	"Madagascar": "2avMàdàgàsçàr",
	"Main": "KDoMàïñ",
	"Malawi": "Cv7Màlàwï",
	"Malaysia": "KJoMàlàÿsïà",
	"Maldives": "UMKMàldïvès",
	"Mali": "VuQMàlï",
	"Malta": "FUDMàltà",
	"Maritime": "iSnMàrïtïmè",
	"Marshall Islands": "R9wMàrshàll Ìslàñds012",
	"Martinique (France)": "FhYMàrtïñïqùè (Fràñçè)012",
	"Mauritania": "W0hMàùrïtàñïà",
	"Mauritius": "4NIMàùrïtïùs",
	"Mexico": "WfzMèxïçò",
	"Missed Call": "MUBMïssèd Çàll01",
	"Missed call": "xqfMïssèd çàll01",
	"Missed call ": "xqfMïssèd çàll01",
	"Missed call at ": "wKaMïssèd çàll àt01",
	"Mobile": "zg9Mòßïlè",
	"Modem error": "64rMòdèm èrròr01",
	"Moldova": "0RwMòldòvà",
	"Monaco": "a0XMòñàçò",
	"Mongolia": "hKjMòñgòlïà",
	"Montserrat (UK)": "qsbMòñtsèrràt (ÙK)012",
	"Morocco": "U9tMòròççò",
	"Mozambique": "iEnMòzàmßïqùè",
	"Mute": "EUVMùtè",
	"Myanmar": "tFwMÿàñmàr",
	"NAM downloaded": "thhÑÀM dòwñlòàdèd01",
	"NETWORK": "XPxÑÈTWÒRK",
	"Namibia": "IkrÑàmïßïà",
	"Nauru": "5r2Ñàùrù",
	"Nepal": "6JDÑèþàl",
	"Netherlands": "CtaÑèthèrlàñds01",
	"Netherlands Antilles (Netherlands)": "QuSÑèthèrlàñds Àñtïllès (Ñèthèrlàñds)012345",
	"Network failure.": "XlKÑètwòrk fàïlùrè.012",
	"Network message": "nkLÑètwòrk mèssàgè012",
	"Network update": "YRGÑètwòrk ùþdàtè01",
	"New Caledonia (France)": "VKlÑèw Çàlèdòñïà (Fràñçè)0123",
	"New Zealand": "GmeÑèw Zèàlàñd01",
	"New message #{high}": "llWÑèw mèssàgè #{high}012",
	"Nicaragua": "dgTÑïçàràgùà",
	"Niger": "tNkÑïgèr",
	"Nigeria": "q4EÑïgèrïà",
	"Nine": "ZOhÑïñè",
	"No answer": "mdAÑò àñswèr",
	"No free lines.": "4XxÑò frèè lïñès.01",
	"No networks available": "7k3Ñò ñètwòrks àvàïlàßlè0123",
	"No service.": "hvhÑò sèrvïçè.01",
	"No telephony server": "Hr4Ñò tèlèþhòñÿ sèrvèr012",
	"No, continue": "pWSÑò, çòñtïñùè01",
	"Normal": "F3DÑòrmàl",
	"Northern Mariana Islands": "xocÑòrthèrñ Màrïàñà Ìslàñds0123",
	"Norway": "rIrÑòrwàÿ",
	"Not supported by this network type.": "FLkÑòt sùþþòrtèd ßÿ thïs ñètwòrk tÿþè.0123456",
	"Number not on fixed dialing list.": "tWnÑùmßèr ñòt òñ fïxèd dïàlïñg lïst.012345",
	"O": "pbvÒ",
	"OK": "JhtÒK",
	"Ok": "QIiÒk",
	"Oman": "7uTÒmàñ",
	"On hold": "YB9Òñ hòld",
	"One": "OdoÒñè",
	"Operation failed: Call barring (bar all barring) query for #{ic.2}. #{errorText}": "4bxÒþèràtïòñ fàïlèd: Çàll ßàrrïñg (ßàr àll ßàrrïñg) qùèrÿ fòr #{ic.2}. #{errorText}0123456789012345",
	"Operation failed: Call barring (bar all incoming) query for #{ic.2}. #{errorText}": "JKkÒþèràtïòñ fàïlèd: Çàll ßàrrïñg (ßàr àll ïñçòmïñg) qùèrÿ fòr #{ic.2}. #{errorText}0123456789012345",
	"Operation failed: Call barring (bar all outgoing) query for #{ic.2}. #{errorText}": "SoaÒþèràtïòñ fàïlèd: Çàll ßàrrïñg (ßàr àll òùtgòïñg) qùèrÿ fòr #{ic.2}. #{errorText}0123456789012345",
	"Operation failed: Call barring (bar incoming roaming) query for #{ic.2}. #{errorText}": "ZviÒþèràtïòñ fàïlèd: Çàll ßàrrïñg (ßàr ïñçòmïñg ròàmïñg) qùèrÿ fòr #{ic.2}. #{errorText}01234567890123456",
	"Operation failed: Call barring (bar outgoing international except to home country) query for #{ic.2}. #{errorText}": "2ZeÒþèràtïòñ fàïlèd: Çàll ßàrrïñg (ßàr òùtgòïñg ïñtèrñàtïòñàl èxçèþt tò hòmè çòùñtrÿ) qùèrÿ fòr #{ic.2}. #{errorText}0123456789012345678901",
	"Operation failed: Call barring (bar outgoing international) query for #{ic.2}. #{errorText}": "MuaÒþèràtïòñ fàïlèd: Çàll ßàrrïñg (ßàr òùtgòïñg ïñtèrñàtïòñàl) qùèrÿ fòr #{ic.2}. #{errorText}012345678901234567",
	"Operation failed: Call barring (bar outgoing) query for #{ic.2}. #{errorText}": "LByÒþèràtïòñ fàïlèd: Çàll ßàrrïñg (ßàr òùtgòïñg) qùèrÿ fòr #{ic.2}. #{errorText}012345678901234",
	"Operation failed: Call barring query (bar incoming) for #{ic.2}. #{errorText}": "qwNÒþèràtïòñ fàïlèd: Çàll ßàrrïñg qùèrÿ (ßàr ïñçòmïñg) fòr #{ic.2}. #{errorText}012345678901234",
	"Operation failed: Call forwarding (all-conditional). #{errorText}": "ZQ2Òþèràtïòñ fàïlèd: Çàll fòrwàrdïñg (àll-çòñdïtïòñàl). #{errorText}0123456789012",
	"Operation failed: Call forwarding (all-forwarding) query. #{errorText}": "00oÒþèràtïòñ fàïlèd: Çàll fòrwàrdïñg (àll-fòrwàrdïñg) qùèrÿ. #{errorText}01234567890123",
	"Operation failed: Call forwarding (mobile busy) query. #{errorText}": "BWGÒþèràtïòñ fàïlèd: Çàll fòrwàrdïñg (mòßïlè ßùsÿ) qùèrÿ. #{errorText}0123456789012",
	"Operation failed: Call forwarding (no reply). #{errorText}": "eoZÒþèràtïòñ fàïlèd: Çàll fòrwàrdïñg (ñò rèþlÿ). #{errorText}01234567890",
	"Operation failed: Call forwarding (unconditional) #{errorText}": "566Òþèràtïòñ fàïlèd: Çàll fòrwàrdïñg (ùñçòñdïtïòñàl) #{errorText}012345678901",
	"Operation failed: Call forwarding (unreachable) query. #{errorText}": "3sVÒþèràtïòñ fàïlèd: Çàll fòrwàrdïñg (ùñrèàçhàßlè) qùèrÿ. #{errorText}0123456789012",
	"Other": "ed6Òthèr",
	"Outgoing Caller ID restriction not provisioned.": "LDoÒùtgòïñg Çàllèr ÌÐ rèstrïçtïòñ ñòt þròvïsïòñèd.012345678",
	"Outgoing Caller ID restriction query failed.": "CcLÒùtgòïñg Çàllèr ÌÐ rèstrïçtïòñ qùèrÿ fàïlèd.01234567",
	"Outgoing caller ID enable failed.": "EGXÒùtgòïñg çàllèr ÌÐ èñàßlè fàïlèd.012345",
	"Outgoing caller ID enabled.": "dFQÒùtgòïñg çàllèr ÌÐ èñàßlèd.01234",
	"Outgoing caller ID restricted failed.": "4BPÒùtgòïñg çàllèr ÌÐ rèstrïçtèd fàïlèd.0123456",
	"Outgoing caller ID restricted.": "9rtÒùtgòïñg çàllèr ÌÐ rèstrïçtèd.012345",
	"P": "BC5P",
	"PAD access": "3pPPÀÐ àççèss",
	"PCS Vision Services could not be prepared. If the problem persists, call Sprint Customer Service.": "W1PPÇS Vïsïòñ Sèrvïçès çòùld ñòt ßè þrèþàrèd. Ìf thè þròßlèm þèrsïsts, çàll Sþrïñt Çùstòmèr Sèrvïçè.0123456789012345678",
	"PIN Changed": "R4GPÌÑ Çhàñgèd01",
	"PIN Disabled": "ILfPÌÑ Ðïsàßlèd01",
	"PIN change successful.": "SZRPÌÑ çhàñgè sùççèssfùl.0123",
	"PIN doesn't match": "UWjPÌÑ dòèsñ't màtçh012",
	"PIN incorrect": "3CGPÌÑ ïñçòrrèçt01",
	"PIN must be enabled before change is allowed.": "SObPÌÑ mùst ßè èñàßlèd ßèfòrè çhàñgè ïs àllòwèd.012345678",
	"PIN numbers don't match": "CIBPÌÑ ñùmßèrs dòñ't màtçh0123",
	"PIN required.": "WPpPÌÑ rèqùïrèd.01",
	"PIN reset failed. #{attemptsRemaining} attempts remaining.": "2q6PÌÑ rèsèt fàïlèd. #{attemptsRemaining} àttèmþts rèmàïñïñg.01234567890",
	"PIN reset successful.": "WFCPÌÑ rèsèt sùççèssfùl.0123",
	"PIN2 Changed": "zfWPÌÑ2 Çhàñgèd01",
	"PIN2 blocked": "v6ZPÌÑ2 ßlòçkèd01",
	"PIN2 change successful.": "rXdPÌÑ2 çhàñgè sùççèssfùl.0123",
	"PIN2 incorrect": "oOFPÌÑ2 ïñçòrrèçt01",
	"PIN2 must be enabled before change is allowed.": "xeuPÌÑ2 mùst ßè èñàßlèd ßèfòrè çhàñgè ïs àllòwèd.012345678",
	"PIN2 reset successful.": "PbBPÌÑ2 rèsèt sùççèssfùl.0123",
	"PM": "2lVPM",
	"PRL downloaded": "AsuPRL dòwñlòàdèd01",
	"PRL update could not be prepared. If the problem persists, call Sprint Customer Service.": "mlQPRL ùþdàtè çòùld ñòt ßè þrèþàrèd. Ìf thè þròßlèm þèrsïsts, çàll Sþrïñt Çùstòmèr Sèrvïçè.01234567890123456",
	"PUK Required": "Du8PÙK Rèqùïrèd01",
	"PUK incorrect": "PdDPÙK ïñçòrrèçt01",
	"PUK2 incorrect": "Ga6PÙK2 ïñçòrrèçt01",
	"Pager": "S2TPàgèr",
	"Pakistan": "rBAPàkïstàñ",
	"Palau": "UI0Pàlàù",
	"Palm, Inc.": "QkuPàlm, Ìñç.",
	"Panama": "TjEPàñàmà",
	"Papua New Guinea": "3uWPàþùà Ñèw Gùïñèà012",
	"Paraguay": "h61Pàràgùàÿ",
	"Passcode does not match security requirements.": "JMnPàssçòdè dòès ñòt màtçh sèçùrïtÿ rèqùïrèmèñts.012345678",
	"Password does not match security requirements.": "zh8Pàsswòrd dòès ñòt màtçh sèçùrïtÿ rèqùïrèmèñts.012345678",
	"Password must be \"+this.policy.minLength+\" or more characters long and contain both numbers and letters.": "9V2Pàsswòrd mùst ßè \"+thïs.þòlïçÿ.mïñLèñgth+\" òr mòrè çhàràçtèrs lòñg àñd çòñtàïñ ßòth ñùmßèrs àñd lèttèrs.01234567890123456789",
	"Password must be \"+this.policy.minLength+\" or more characters long.": "ad3Pàsswòrd mùst ßè \"+thïs.þòlïçÿ.mïñLèñgth+\" òr mòrè çhàràçtèrs lòñg.0123456789012",
	"Password must contain both numbers and letters.": "hBjPàsswòrd mùst çòñtàïñ ßòth ñùmßèrs àñd lèttèrs.012345678",
	"Passwords do not match.": "D3nPàsswòrds dò ñòt màtçh.0123",
	"Pe": "kUWPè",
	"Personal": "wULPèrsòñàl",
	"Peru": "BBHPèrù",
	"Philippines": "kAjPhïlïþþïñès01",
	"Phone": "ONnPhòñè",
	"Phone Locked": "vnIPhòñè Lòçkèd01",
	"Phone is locked.": "IhIPhòñè ïs lòçkèd.012",
	"Phone is off.": "KC8Phòñè ïs òff.01",
	"Phone number must be 10 digits": "y35Phòñè ñùmßèr mùst ßè 10 dïgïts012345",
	"Placed call": "rjCPlàçèd çàll01",
	"Please try again": "0MtPlèàsè trÿ àgàïñ012",
	"Please try again.": "d7FPlèàsè trÿ àgàïñ.012",
	"Poland": "lDHPòlàñd",
	"Portugal": "Q3rPòrtùgàl",
	"Press and hold either of the volume keys or the button on your headset to initiate Voice Dialing.": "Tv2Prèss àñd hòld èïthèr òf thè vòlùmè kèÿs òr thè ßùttòñ òñ ÿòùr hèàdsèt tò ïñïtïàtè Vòïçè Ðïàlïñg.0123456789012345678",
	"Processing...": "QIzPròçèssïñg...01",
	"Programming in progress": "wWrPrògràmmïñg ïñ þrògrèss0123",
	"Programming succeeded": "bg4Prògràmmïñg sùççèèdèd0123",
	"Programming unsuccessful": "KCAPrògràmmïñg ùñsùççèssfùl0123",
	"Programming unsuccessful.  Call #{value}": "lBfPrògràmmïñg ùñsùççèssfùl. Çàll #{value}0123456",
	"Programming unsuccessful. Call customer service.": "eloPrògràmmïñg ùñsùççèssfùl. Çàll çùstòmèr sèrvïçè.012345678",
	"Programming...": "6HgPrògràmmïñg...01",
	"Provisioning service is not available, please try later": "l1uPròvïsïòñïñg sèrvïçè ïs ñòt àvàïlàßlè, þlèàsè trÿ làtèr01234567890",
	"Puerto Rico (US)": "7cvPùèrtò Rïçò (ÙS)012",
	"Qatar": "C3BQàtàr",
	"R": "Vs6R",
	"Radio": "rmmRàdïò",
	"Re-Record": "ikfRè-Rèçòrd",
	"Re: Voicemail from ": "KPzRè: Vòïçèmàïl fròm012",
	"Record New Greeting": "dOARèçòrd Ñèw Grèètïñg012",
	"Remove": "hmJRèmòvè",
	"Request failed to complete before timeout.": "YTRRèqùèst fàïlèd tò çòmþlètè ßèfòrè tïmèòùt.01234567",
	"Restricted Dialing": "x15Rèstrïçtèd Ðïàlïñg012",
	"Reunion (France)": "7RyRèùñïòñ (Fràñçè)012",
	"Romania": "iCCRòmàñïà",
	"Russian Federation": "ul0Rùssïàñ Fèdèràtïòñ012",
	"Rwandese Republic": "p1CRwàñdèsè Rèþùßlïç012",
	"SIM": "4sgSÌM",
	"SIM Card Locked": "4UxSÌM Çàrd Lòçkèd012",
	"SIM Card PUK Locked": "sjnSÌM Çàrd PÙK Lòçkèd012",
	"SIM card is full.  Can't add more entries.": "LcfSÌM çàrd ïs fùll. Çàñ't àdd mòrè èñtrïès.01234567",
	"SIM has bad file.": "ZdJSÌM hàs ßàd fïlè.012",
	"SIM permanently blocked": "QaPSÌM þèrmàñèñtlÿ ßlòçkèd0123",
	"SIM phonebook not ready.": "Rs8SÌM þhòñèßòòk ñòt rèàdÿ.0123",
	"SPL unlocked": "8n7SPL ùñlòçkèd01",
	"Saint Kitts and Nevis": "r9lSàïñt Kïtts àñd Ñèvïs0123",
	"Saint Lucia": "HVOSàïñt Lùçïà01",
	"Saint Pierre and Miquelon (France)": "SOqSàïñt Pïèrrè àñd Mïqùèlòñ (Fràñçè)012345",
	"Saint Vincent and the Grenadines": "S8FSàïñt Vïñçèñt àñd thè Grèñàdïñès012345",
	"Samoa": "pEzSàmòà",
	"San Marino": "uidSàñ Màrïñò",
	"Sao Tome and Principe": "CeqSàò Tòmè àñd Prïñçïþè0123",
	"Saudi Arabia": "kp3Sàùdï Àràßïà01",
	"Searching for networks ...": "c62Sèàrçhïñg fòr ñètwòrks ...01234",
	"Select an email to reply": "HEUSèlèçt àñ èmàïl tò rèþlÿ0123",
	"Selecting network": "uCDSèlèçtïñg ñètwòrk012",
	"Sending your request...": "6jESèñdïñg ÿòùr rèqùèst...0123",
	"Senegal": "9kpSèñègàl",
	"Serbia and Montenegro": "z0hSèrßïà àñd Mòñtèñègrò0123",
	"Service Provider": "diLSèrvïçè Pròvïdèr012",
	"Set Password": "4uwSèt Pàsswòrd01",
	"Set Pin": "UYxSèt Pïñ",
	"Set Up Anyway?": "9EISèt Ùþ Àñÿwàÿ¿01",
	"Seven": "VMjSèvèñ",
	"Seychelles": "X89Sèÿçhèllès",
	"Sierra Leone": "gnHSïèrrà Lèòñè01",
	"Sign up": "so2Sïgñ ùþ",
	"Singapore": "ZzESïñgàþòrè",
	"Six": "GweSïx",
	"Skype": "MO6Skÿþè",
	"Skype mobile": "K6oSkÿþè mòßïlè01",
	"Slovakia": "xmGSlòvàkïà",
	"Slovenia": "PhfSlòvèñïà",
	"Solomon Islands": "kXRSòlòmòñ Ìslàñds012",
	"Somalia": "8ugSòmàlïà",
	"South Africa": "b3bSòùth Àfrïçà01",
	"Spain": "Aa7Sþàïñ",
	"Speaker": "B4uSþèàkèr",
	"Sri Lanka": "6c9Srï Làñkà",
	"Starting Video...": "TNlStàrtïñg Vïdèò...012",
	"Success": "EMKSùççèss",
	"Sudan": "bxLSùdàñ",
	"Suriname": "45xSùrïñàmè",
	"Swaziland": "mzgSwàzïlàñd",
	"Sweden": "7emSwèdèñ",
	"Switch Network": "OAzSwïtçh Ñètwòrk01",
	"Switch to CDMA mode": "v6tSwïtçh tò ÇÐMÀ mòdè012",
	"Switch to GSM/UMTS mode": "Qx6Swïtçh tò GSM/ÙMTS mòdè0123",
	"Switch to world(auto) mode": "ehoSwïtçh tò wòrld(àùtò) mòdè01234",
	"Switzerland": "EiPSwïtzèrlàñd01",
	"Syria": "rPpSÿrïà",
	"TODAY": "18oTÒÐÀÝ",
	"TOMORROW": "kcDTÒMÒRRÒW",
	"TTY/TDD": "eGwTTÝ/TÐÐ",
	"Taiwan": "UBeTàïwàñ",
	"Tajikistan": "ZHZTàjïkïstàñ",
	"Tanzania": "zlyTàñzàñïà",
	"Tap to Call": "GQ2Tàþ tò Çàll01",
	"Tap to add default": "SGFTàþ tò àdd dèfàùlt012",
	"Tap to add number": "O0QTàþ tò àdd ñùmßèr012",
	"Tap to complete setup": "k8rTàþ tò çòmþlètè sètùþ0123",
	"TelephonyService not connected to radio.": "ttYTèlèþhòñÿSèrvïçè ñòt çòññèçtèd tò ràdïò.01234567",
	"Thailand": "PkYThàïlàñd",
	"The PRL update could not be completed. Try again later. If the problem persists, call #{carrier} Customer Service.": "Vs5Thè PRL ùþdàtè çòùld ñòt ßè çòmþlètèd. Trÿ àgàïñ làtèr. Ìf thè þròßlèm þèrsïsts, çàll #{carrier} Çùstòmèr Sèrvïçè.0123456789012345678901",
	"The contact list is empty.": "DN5Thè çòñtàçt lïst ïs èmþtÿ.01234",
	"The network is unavailable.": "HK9Thè ñètwòrk ïs ùñàvàïlàßlè.01234",
	"The network settings could not be updated. Try again later. If the problem persists, call #{carrier} Customer Service.": "KMiThè ñètwòrk sèttïñgs çòùld ñòt ßè ùþdàtèd. Trÿ àgàïñ làtèr. Ìf thè þròßlèm þèrsïsts, çàll #{carrier} Çùstòmèr Sèrvïçè.01234567890123456789012",
	"The number you are trying to call cannot be tried again until you restart your phone.": "BCaThè ñùmßèr ÿòù àrè trÿïñg tò çàll çàññòt ßè trïèd àgàïñ ùñtïl ÿòù rèstàrt ÿòùr þhòñè.01234567890123456",
	"Three": "kTyThrèè",
	"To hear this tutorial again, you can say \"Tutorial\"or \:Help\"": "gMhTò hèàr thïs tùtòrïàl àgàïñ, ÿòù çàñ sàÿ \"Tùtòrïàl\"òr \:Hèlþ\"012345678901",
	"Togolese Republic": "NL9Tògòlèsè Rèþùßlïç012",
	"Tonga": "kHcTòñgà",
	"Trinidad and Tobago": "ea1Trïñïdàd àñd Tòßàgò012",
	"Try Again": "8bsTrÿ Àgàïñ",
	"Tunisia": "C4bTùñïsïà",
	"Turkey": "OhXTùrkèÿ",
	"Turkmenistan": "xO9Tùrkmèñïstàñ01",
	"Turks and Caicos Islands (UK)": "EExTùrks àñd Çàïçòs Ìslàñds (ÙK)01234",
	"Turn off Airplane Mode for network access?": "eUMTùrñ òff Àïrþlàñè Mòdè fòr ñètwòrk àççèss¿01234567",
	"Two": "GZUTwò",
	"USSD request failed.": "r7GÙSSÐ rèqùèst fàïlèd.0123",
	"USSD request successful": "qniÙSSÐ rèqùèst sùççèssfùl0123",
	"Uganda": "fIIÙgàñdà",
	"Ukraine": "aKdÙkràïñè",
	"Unable to Change PIN2": "MKTÙñàßlè tò Çhàñgè PÌÑ20123",
	"Unable to Set Up Internet APN": "5yvÙñàßlè tò Sèt Ùþ Ìñtèrñèt ÀPÑ01234",
	"Unable to Set Up Internet APN..": "2FrÙñàßlè tò Sèt Ùþ Ìñtèrñèt ÀPÑ..012345",
	"Unable to Write Internet APN Settings.": "fKUÙñàßlè tò Wrïtè Ìñtèrñèt ÀPÑ Sèttïñgs.0123456",
	"Unable to access voicemail number.": "gfDÙñàßlè tò àççèss vòïçèmàïl ñùmßèr.012345",
	"Unable to change FDN status.": "zfWÙñàßlè tò çhàñgè FÐÑ stàtùs.01234",
	"Unable to change FDN status: bad or incorrect pin.": "eoaÙñàßlè tò çhàñgè FÐÑ stàtùs: ßàd òr ïñçòrrèçt þïñ.0123456789",
	"Unable to change PIN status.": "asbÙñàßlè tò çhàñgè PÌÑ stàtùs.01234",
	"Unable to change PIN status: PUK locked.": "IWqÙñàßlè tò çhàñgè PÌÑ stàtùs: PÙK lòçkèd.01234567",
	"Unable to change PIN status: SIM locked.": "J5IÙñàßlè tò çhàñgè PÌÑ stàtùs: SÌM lòçkèd.01234567",
	"Unable to change PIN status: bad format.": "AXPÙñàßlè tò çhàñgè PÌÑ stàtùs: ßàd fòrmàt.01234567",
	"Unable to change PIN.": "2xlÙñàßlè tò çhàñgè PÌÑ.0123",
	"Unable to change PIN. #{attemptsRemaining} attempts remaining.": "4ATÙñàßlè tò çhàñgè PÌÑ. #{attemptsRemaining} àttèmþts rèmàïñïñg.012345678901",
	"Unable to change PIN2.": "HeXÙñàßlè tò çhàñgè PÌÑ2.0123",
	"Unable to change PIN2. #{attemptsRemaining} attempts remaining.": "iKZÙñàßlè tò çhàñgè PÌÑ2. #{attemptsRemaining} àttèmþts rèmàïñïñg.012345678901",
	"Unable to change PIN2: enable PIN2 first.": "yWhÙñàßlè tò çhàñgè PÌÑ2: èñàßlè PÌÑ2 fïrst.01234567",
	"Unable to change PIN: PIN not correct.": "MKrÙñàßlè tò çhàñgè PÌÑ: PÌÑ ñòt çòrrèçt.0123456",
	"Unable to change PIN: PINs don't match.": "F2jÙñàßlè tò çhàñgè PÌÑ: PÌÑs dòñ't màtçh.0123456",
	"Unable to change PIN: PUK locked.": "JWGÙñàßlè tò çhàñgè PÌÑ: PÙK lòçkèd.012345",
	"Unable to change PIN: SIM locked.": "DzMÙñàßlè tò çhàñgè PÌÑ: SÌM lòçkèd.012345",
	"Unable to change PIN: enable PIN first.": "TqAÙñàßlè tò çhàñgè PÌÑ: èñàßlè PÌÑ fïrst.0123456",
	"Unable to complete call.": "DlDÙñàßlè tò çòmþlètè çàll.0123",
	"Unable to connect": "cc6Ùñàßlè tò çòññèçt012",
	"Unable to find voicemail greeting number.": "EzvÙñàßlè tò fïñd vòïçèmàïl grèètïñg ñùmßèr.01234567",
	"Unable to find voicemail number.": "1FNÙñàßlè tò fïñd vòïçèmàïl ñùmßèr.012345",
	"Unable to reset PIN.": "7nsÙñàßlè tò rèsèt PÌÑ.0123",
	"Unable to reset PIN2.": "fwbÙñàßlè tò rèsèt PÌÑ2.0123",
	"Unable to reset PIN2. #{attemptsRemaining} attempts remaining.": "IO9Ùñàßlè tò rèsèt PÌÑ2. #{attemptsRemaining} àttèmþts rèmàïñïñg.012345678901",
	"Unable to select network": "4xKÙñàßlè tò sèlèçt ñètwòrk0123",
	"Unable to unlock PUK.": "DWbÙñàßlè tò ùñlòçk PÙK.0123",
	"Unable to unlock PUK2: bad or incorrect PUK2.": "QtCÙñàßlè tò ùñlòçk PÙK2: ßàd òr ïñçòrrèçt PÙK2.012345678",
	"Unable to unlock PUK: PINs don't match.": "H7nÙñàßlè tò ùñlòçk PÙK: PÌÑs dòñ't màtçh.0123456",
	"Unable to unlock PUK: SIM locked.": "4JOÙñàßlè tò ùñlòçk PÙK: SÌM lòçkèd.012345",
	"Unable to unlock PUK: bad or incorrect PUK.": "rfPÙñàßlè tò ùñlòçk PÙK: ßàd òr ïñçòrrèçt PÙK.01234567",
	"Unable to unlock PUK: new PIN not valid.": "qk8Ùñàßlè tò ùñlòçk PÙK: ñèw PÌÑ ñòt vàlïd.01234567",
	"Unable to unlock.": "B2MÙñàßlè tò ùñlòçk.012",
	"Unable to unlock: PUK locked.": "DwBÙñàßlè tò ùñlòçk: PÙK lòçkèd.01234",
	"Unable to unlock: bad format.": "TwLÙñàßlè tò ùñlòçk: ßàd fòrmàt.01234",
	"Unable to verify PIN2.": "rhbÙñàßlè tò vèrïfÿ PÌÑ2.0123",
	"Unable to verify PIN2: PUK locked.": "SFmÙñàßlè tò vèrïfÿ PÌÑ2: PÙK lòçkèd.012345",
	"Unable to verify PIN2: bad format.": "TMDÙñàßlè tò vèrïfÿ PÌÑ2: ßàd fòrmàt.012345",
	"Unable to verify PIN: bad format.": "ycdÙñàßlè tò vèrïfÿ PÌÑ: ßàd fòrmàt.012345",
	"United Arab Emirates": "lIIÙñïtèd Àràß Èmïràtès0123",
	"United Kingdom": "52mÙñïtèd Kïñgdòm01",
	"United States Virgin Islands (US)": "J9mÙñïtèd Stàtès Vïrgïñ Ìslàñds (ÙS)012345",
	"United States of America": "gdiÙñïtèd Stàtès òf Àmèrïçà0123",
	"Unknown": "777Ùñkñòwñ",
	"Unknown error.": "ADmÙñkñòwñ èrròr.01",
	"Unknown method.": "6tKÙñkñòwñ mèthòd.012",
	"Unknown number": "byCÙñkñòwñ ñùmßèr01",
	"Unlock": "lWYÙñlòçk",
	"Unlock SIM Card": "aFOÙñlòçk SÌM Çàrd012",
	"Update PRL": "Uo3Ùþdàtè PRL",
	"Update canceled": "UpcÙþdàtè çàñçèlèd012",
	"Update network settings": "2AjÙþdàtè ñètwòrk sèttïñgs0123",
	"Uruguay": "FaZÙrùgùàÿ",
	"User must get authorization code from network provider to proceed": "nU6Ùsèr mùst gèt àùthòrïzàtïòñ çòdè fròm ñètwòrk þròvïdèr tò þròçèèd0123456789012",
	"User must login/enter authorization code to proceed": "YI7Ùsèr mùst lògïñ/èñtèr àùthòrïzàtïòñ çòdè tò þròçèèd0123456789",
	"Uzbekistan": "bgAÙzßèkïstàñ",
	"Vanuatu": "tc5Vàñùàtù",
	"Vatican City State": "5xSVàtïçàñ Çïtÿ Stàtè012",
	"Venezuela": "YC4Vèñèzùèlà",
	"Vietnam": "vQnVïètñàm",
	"View Contact": "Jp3Vïèw Çòñtàçt01",
	"Voice privacy disabled.": "amBVòïçè þrïvàçÿ dïsàßlèd.0123",
	"Voice privacy enabled.": "A7YVòïçè þrïvàçÿ èñàßlèd.0123",
	"Voicemail": "GxcVòïçèmàïl",
	"Voicemail Greeting": "WgDVòïçèmàïl Grèètïñg012",
	"Vvm setup is not completed": "cjNVvm sètùþ ïs ñòt çòmþlètèd01234",
	"Waiting for active connect status..": "j5tWàïtïñg fòr àçtïvè çòññèçt stàtùs..0123456",
	"Waiting for network": "N1jWàïtïñg fòr ñètwòrk012",
	"Wallis and Futuna (France)": "sWRWàllïs àñd Fùtùñà (Fràñçè)01234",
	"Warning": "7lyWàrñïñg",
	"Welcome": "gBaWèlçòmè",
	"When you hear the tone you can say \"John Smith\", \"John Smith mobile\", or \"800-555-1234.\"": "UyWWhèñ ÿòù hèàr thè tòñè ÿòù çàñ sàÿ \"Jòhñ Smïth\", \"Jòhñ Smïth mòßïlè\", òr \"800-555-1234.\"012345678901234567",
	"Which service would you like to use?": "tkfWhïçh sèrvïçè wòùld ÿòù lïkè tò ùsè¿0123456",
	"While fixed dialing is enabled, call forwarding cannot be set.": "7o1Whïlè fïxèd dïàlïñg ïs èñàßlèd, çàll fòrwàrdïñg çàññòt ßè sèt.012345678901",
	"While fixed dialing is enabled, call waiting cannot be set.": "8g0Whïlè fïxèd dïàlïñg ïs èñàßlèd, çàll wàïtïñg çàññòt ßè sèt.01234567890",
	"While fixed dialing is enabled, caller ID cannot be set.": "RIFWhïlè fïxèd dïàlïñg ïs èñàßlèd, çàllèr ÌÐ çàññòt ßè sèt.01234567890",
	"Wired headset": "OPNWïrèd hèàdsèt01",
	"Work": "bguWòrk",
	"Work 2": "LsyWòrk 2",
	"Write Internet APN Settings....": "N4DWrïtè Ìñtèrñèt ÀPÑ Sèttïñgs....012345",
	"Write MMS APN Settings....": "g0EWrïtè MMS ÀPÑ Sèttïñgs....01234",
	"Writing data settings..": "5qNWrïtïñg dàtà sèttïñgs..0123",
	"YESTERDAY": "XGHÝÈSTÈRÐÀÝ",
	"Yemen": "sWKÝèmèñ",
	"You are currently using a default greeting.": "aWiÝòù àrè çùrrèñtlÿ ùsïñg à dèfàùlt grèètïñg.01234567",
	"You can try \"John Smith\",\"John Smith mobile\", or \"800-555-1234\"": "a3jÝòù çàñ trÿ \"Jòhñ Smïth\",\"Jòhñ Smïth mòßïlè\", òr \"800-555-1234\"0123456789012",
	"You need a network connection to your wireless service provider to see Phone Preferences.": "2SbÝòù ñèèd à ñètwòrk çòññèçtïòñ tò ÿòùr wïrèlèss sèrvïçè þròvïdèr tò sèè Phòñè Prèfèrèñçès.01234567890123456",
	"Your call history is empty": "92nÝòùr çàll hïstòrÿ ïs èmþtÿ01234",
	"Your missed call history is empty": "akfÝòùr mïssèd çàll hïstòrÿ ïs èmþtÿ012345",
	"Your settings could not be validated. If you believe these settings are correct, try again in a few minutes. For assistance, call your service provider.": "hwJÝòùr sèttïñgs çòùld ñòt ßè vàlïdàtèd. Ìf ÿòù ßèlïèvè thèsè sèttïñgs àrè çòrrèçt, trÿ àgàïñ ïñ à fèw mïñùtès. Fòr àssïstàñçè, çàll ÿòùr sèrvïçè þròvïdèr.012345678901234567890123456789",
	"Your voicemail list is empty": "miZÝòùr vòïçèmàïl lïst ïs èmþtÿ01234",
	"Zambia": "zwUZàmßïà",
	"Zero": "1LjZèrò",
	"Zimbabwe": "IRQZïmßàßwè",
	"[No Name Available]": "7dC[Ñò Ñàmè Àvàïlàßlè]012",
	"all asynchronous services": "p2kàll àsÿñçhròñòùs sèrvïçès01234",
	"all basic services": "YFPàll ßàsïç sèrvïçès012",
	"all synchronous services": "FjNàll sÿñçhròñòùs sèrvïçès0123",
	"asynchronous circuit data": "l1Tàsÿñçhròñòùs çïrçùït dàtà01234",
	"asynchronous circuit data switch": "j6yàsÿñçhròñòùs çïrçùït dàtà swïtçh012345",
	"auxiliary telephony": "VnNàùxïlïàrÿ tèlèþhòñÿ012",
	"confirm password...": "LkHçòñfïrm þàsswòrd...012",
	"data": "yTydàtà",
	"emails": "pF8èmàïls",
	"enter password...": "r9eèñtèr þàsswòrd...012",
	"fax": "fK0fàx",
	"packet access": "Simþàçkèt àççèss01",
	"synchronous circuit data": "hFGsÿñçhròñòùs çïrçùït dàtà0123",
	"synchronous circuit data switch": "DFrsÿñçhròñòùs çïrçùït dàtà swïtçh012345",
	"todo": "0xZtòdò",
	"transport/account on transport is permanently blocked": "5dItràñsþòrt/àççòùñt òñ tràñsþòrt ïs þèrmàñèñtlÿ ßlòçkèd0123456789",
	"voice": "Pdjvòïçè"
}
