{
	"\u0041": 1,
	"\u0042": 1,
	"\u0043": 1,
	"\u0044": 1,
	"\u0045": 1,
	"\u0046": 1,
	"\u0047": 1,
	"\u0048": 1,
	"\u0049": 1,
	"\u004A": 1,
	"\u004B": 1,
	"\u004C": 1,
	"\u004D": 1,
	"\u004E": 1,
	"\u004F": 1,
	"\u0050": 1,
	"\u0051": 1,
	"\u0052": 1,
	"\u0053": 1,
	"\u0054": 1,
	"\u0055": 1,
	"\u0056": 1,
	"\u0057": 1,
	"\u0058": 1,
	"\u0059": 1,
	"\u005A": 1,
	"\u00C0": 1,
	"\u00C1": 1,
	"\u00C2": 1,
	"\u00C3": 1,
	"\u00C4": 1,
	"\u00C5": 1,
	"\u00C6": 1,
	"\u00C7": 1,
	"\u00C8": 1,
	"\u00C9": 1,
	"\u00CA": 1,
	"\u00CB": 1,
	"\u00CC": 1,
	"\u00CD": 1,
	"\u00CE": 1,
	"\u00CF": 1,
	"\u00D0": 1,
	"\u00D1": 1,
	"\u00D2": 1,
	"\u00D3": 1,
	"\u00D4": 1,
	"\u00D5": 1,
	"\u00D6": 1,
	"\u00D8": 1,
	"\u00D9": 1,
	"\u00DA": 1,
	"\u00DB": 1,
	"\u00DC": 1,
	"\u00DD": 1,
	"\u00DE": 1,
	"\u0100": 1,
	"\u0102": 1,
	"\u0104": 1,
	"\u0106": 1,
	"\u0108": 1,
	"\u010A": 1,
	"\u010C": 1,
	"\u010E": 1,
	"\u0110": 1,
	"\u0112": 1,
	"\u0114": 1,
	"\u0116": 1,
	"\u0118": 1,
	"\u011A": 1,
	"\u011C": 1,
	"\u011E": 1,
	"\u0120": 1,
	"\u0122": 1,
	"\u0124": 1,
	"\u0126": 1,
	"\u0128": 1,
	"\u012A": 1,
	"\u012C": 1,
	"\u012E": 1,
	"\u0130": 1,
	"\u0132": 1,
	"\u0134": 1,
	"\u0136": 1,
	"\u0139": 1,
	"\u013B": 1,
	"\u013D": 1,
	"\u013F": 1,
	"\u0141": 1,
	"\u0143": 1,
	"\u0145": 1,
	"\u0147": 1,
	"\u014A": 1,
	"\u014C": 1,
	"\u014E": 1,
	"\u0150": 1,
	"\u0152": 1,
	"\u0154": 1,
	"\u0156": 1,
	"\u0158": 1,
	"\u015A": 1,
	"\u015C": 1,
	"\u015E": 1,
	"\u0160": 1,
	"\u0162": 1,
	"\u0164": 1,
	"\u0166": 1,
	"\u0168": 1,
	"\u016A": 1,
	"\u016C": 1,
	"\u016E": 1,
	"\u0170": 1,
	"\u0172": 1,
	"\u0174": 1,
	"\u0176": 1,
	"\u0178": 1,
	"\u0179": 1,
	"\u017B": 1,
	"\u017D": 1,
	"\u0181": 1,
	"\u0182": 1,
	"\u0184": 1,
	"\u0186": 1,
	"\u0187": 1,
	"\u0189": 1,
	"\u018A": 1,
	"\u018B": 1,
	"\u018E": 1,
	"\u018F": 1,
	"\u0190": 1,
	"\u0191": 1,
	"\u0193": 1,
	"\u0194": 1,
	"\u0196": 1,
	"\u0197": 1,
	"\u0198": 1,
	"\u019C": 1,
	"\u019D": 1,
	"\u019F": 1,
	"\u01A0": 1,
	"\u01A2": 1,
	"\u01A4": 1,
	"\u01A6": 1,
	"\u01A7": 1,
	"\u01A9": 1,
	"\u01AC": 1,
	"\u01AE": 1,
	"\u01AF": 1,
	"\u01B1": 1,
	"\u01B2": 1,
	"\u01B3": 1,
	"\u01B5": 1,
	"\u01B7": 1,
	"\u01B8": 1,
	"\u01BC": 1,
	"\u01C4": 1,
	"\u01C7": 1,
	"\u01CA": 1,
	"\u01CD": 1,
	"\u01CF": 1,
	"\u01D1": 1,
	"\u01D3": 1,
	"\u01D5": 1,
	"\u01D7": 1,
	"\u01D9": 1,
	"\u01DB": 1,
	"\u01DE": 1,
	"\u01E0": 1,
	"\u01E2": 1,
	"\u01E4": 1,
	"\u01E6": 1,
	"\u01E8": 1,
	"\u01EA": 1,
	"\u01EC": 1,
	"\u01EE": 1,
	"\u01F1": 1,
	"\u01F4": 1,
	"\u01F6": 1,
	"\u01F7": 1,
	"\u01F8": 1,
	"\u01FA": 1,
	"\u01FC": 1,
	"\u01FE": 1,
	"\u0200": 1,
	"\u0202": 1,
	"\u0204": 1,
	"\u0206": 1,
	"\u0208": 1,
	"\u020A": 1,
	"\u020C": 1,
	"\u020E": 1,
	"\u0210": 1,
	"\u0212": 1,
	"\u0214": 1,
	"\u0216": 1,
	"\u0218": 1,
	"\u021A": 1,
	"\u021C": 1,
	"\u021E": 1,
	"\u0220": 1,
	"\u0222": 1,
	"\u0224": 1,
	"\u0226": 1,
	"\u0228": 1,
	"\u022A": 1,
	"\u022C": 1,
	"\u022E": 1,
	"\u0230": 1,
	"\u0232": 1,
	"\u023A": 1,
	"\u023B": 1,
	"\u023D": 1,
	"\u023E": 1,
	"\u0241": 1,
	"\u0243": 1,
	"\u0244": 1,
	"\u0245": 1,
	"\u0246": 1,
	"\u0248": 1,
	"\u024A": 1,
	"\u024C": 1,
	"\u024E": 1,
	"\u0370": 1,
	"\u0372": 1,
	"\u0376": 1,
	"\u0386": 1,
	"\u0388": 1,
	"\u0389": 1,
	"\u038A": 1,
	"\u038C": 1,
	"\u038E": 1,
	"\u038F": 1,
	"\u0391": 1,
	"\u0392": 1,
	"\u0393": 1,
	"\u0394": 1,
	"\u0395": 1,
	"\u0396": 1,
	"\u0397": 1,
	"\u0398": 1,
	"\u0399": 1,
	"\u039A": 1,
	"\u039B": 1,
	"\u039C": 1,
	"\u039D": 1,
	"\u039E": 1,
	"\u039F": 1,
	"\u03A0": 1,
	"\u03A1": 1,
	"\u03A3": 1,
	"\u03A4": 1,
	"\u03A5": 1,
	"\u03A6": 1,
	"\u03A7": 1,
	"\u03A8": 1,
	"\u03A9": 1,
	"\u03AA": 1,
	"\u03AB": 1,
	"\u03CF": 1,
	"\u03D2": 1,
	"\u03D3": 1,
	"\u03D4": 1,
	"\u03D8": 1,
	"\u03DA": 1,
	"\u03DC": 1,
	"\u03DE": 1,
	"\u03E0": 1,
	"\u03E2": 1,
	"\u03E4": 1,
	"\u03E6": 1,
	"\u03E8": 1,
	"\u03EA": 1,
	"\u03EC": 1,
	"\u03EE": 1,
	"\u03F4": 1,
	"\u03F7": 1,
	"\u03F9": 1,
	"\u03FA": 1,
	"\u03FD": 1,
	"\u03FE": 1,
	"\u03FF": 1,
	"\u0400": 1,
	"\u0401": 1,
	"\u0402": 1,
	"\u0403": 1,
	"\u0404": 1,
	"\u0405": 1,
	"\u0406": 1,
	"\u0407": 1,
	"\u0408": 1,
	"\u0409": 1,
	"\u040A": 1,
	"\u040B": 1,
	"\u040C": 1,
	"\u040D": 1,
	"\u040E": 1,
	"\u040F": 1,
	"\u0410": 1,
	"\u0411": 1,
	"\u0412": 1,
	"\u0413": 1,
	"\u0414": 1,
	"\u0415": 1,
	"\u0416": 1,
	"\u0417": 1,
	"\u0418": 1,
	"\u0419": 1,
	"\u041A": 1,
	"\u041B": 1,
	"\u041C": 1,
	"\u041D": 1,
	"\u041E": 1,
	"\u041F": 1,
	"\u0420": 1,
	"\u0421": 1,
	"\u0422": 1,
	"\u0423": 1,
	"\u0424": 1,
	"\u0425": 1,
	"\u0426": 1,
	"\u0427": 1,
	"\u0428": 1,
	"\u0429": 1,
	"\u042A": 1,
	"\u042B": 1,
	"\u042C": 1,
	"\u042D": 1,
	"\u042E": 1,
	"\u042F": 1,
	"\u0460": 1,
	"\u0462": 1,
	"\u0464": 1,
	"\u0466": 1,
	"\u0468": 1,
	"\u046A": 1,
	"\u046C": 1,
	"\u046E": 1,
	"\u0470": 1,
	"\u0472": 1,
	"\u0474": 1,
	"\u0476": 1,
	"\u0478": 1,
	"\u047A": 1,
	"\u047C": 1,
	"\u047E": 1,
	"\u0480": 1,
	"\u048A": 1,
	"\u048C": 1,
	"\u048E": 1,
	"\u0490": 1,
	"\u0492": 1,
	"\u0494": 1,
	"\u0496": 1,
	"\u0498": 1,
	"\u049A": 1,
	"\u049C": 1,
	"\u049E": 1,
	"\u04A0": 1,
	"\u04A2": 1,
	"\u04A4": 1,
	"\u04A6": 1,
	"\u04A8": 1,
	"\u04AA": 1,
	"\u04AC": 1,
	"\u04AE": 1,
	"\u04B0": 1,
	"\u04B2": 1,
	"\u04B4": 1,
	"\u04B6": 1,
	"\u04B8": 1,
	"\u04BA": 1,
	"\u04BC": 1,
	"\u04BE": 1,
	"\u04C0": 1,
	"\u04C1": 1,
	"\u04C3": 1,
	"\u04C5": 1,
	"\u04C7": 1,
	"\u04C9": 1,
	"\u04CB": 1,
	"\u04CD": 1,
	"\u04D0": 1,
	"\u04D2": 1,
	"\u04D4": 1,
	"\u04D6": 1,
	"\u04D8": 1,
	"\u04DA": 1,
	"\u04DC": 1,
	"\u04DE": 1,
	"\u04E0": 1,
	"\u04E2": 1,
	"\u04E4": 1,
	"\u04E6": 1,
	"\u04E8": 1,
	"\u04EA": 1,
	"\u04EC": 1,
	"\u04EE": 1,
	"\u04F0": 1,
	"\u04F2": 1,
	"\u04F4": 1,
	"\u04F6": 1,
	"\u04F8": 1,
	"\u04FA": 1,
	"\u04FC": 1,
	"\u04FE": 1,
	"\u0500": 1,
	"\u0502": 1,
	"\u0504": 1,
	"\u0506": 1,
	"\u0508": 1,
	"\u050A": 1,
	"\u050C": 1,
	"\u050E": 1,
	"\u0510": 1,
	"\u0512": 1,
	"\u0514": 1,
	"\u0516": 1,
	"\u0518": 1,
	"\u051A": 1,
	"\u051C": 1,
	"\u051E": 1,
	"\u0520": 1,
	"\u0522": 1,
	"\u0524": 1,
	"\u0531": 1,
	"\u0532": 1,
	"\u0533": 1,
	"\u0534": 1,
	"\u0535": 1,
	"\u0536": 1,
	"\u0537": 1,
	"\u0538": 1,
	"\u0539": 1,
	"\u053A": 1,
	"\u053B": 1,
	"\u053C": 1,
	"\u053D": 1,
	"\u053E": 1,
	"\u053F": 1,
	"\u0540": 1,
	"\u0541": 1,
	"\u0542": 1,
	"\u0543": 1,
	"\u0544": 1,
	"\u0545": 1,
	"\u0546": 1,
	"\u0547": 1,
	"\u0548": 1,
	"\u0549": 1,
	"\u054A": 1,
	"\u054B": 1,
	"\u054C": 1,
	"\u054D": 1,
	"\u054E": 1,
	"\u054F": 1,
	"\u0550": 1,
	"\u0551": 1,
	"\u0552": 1,
	"\u0553": 1,
	"\u0554": 1,
	"\u0555": 1,
	"\u0556": 1,
	"\u10A0": 1,
	"\u10A1": 1,
	"\u10A2": 1,
	"\u10A3": 1,
	"\u10A4": 1,
	"\u10A5": 1,
	"\u10A6": 1,
	"\u10A7": 1,
	"\u10A8": 1,
	"\u10A9": 1,
	"\u10AA": 1,
	"\u10AB": 1,
	"\u10AC": 1,
	"\u10AD": 1,
	"\u10AE": 1,
	"\u10AF": 1,
	"\u10B0": 1,
	"\u10B1": 1,
	"\u10B2": 1,
	"\u10B3": 1,
	"\u10B4": 1,
	"\u10B5": 1,
	"\u10B6": 1,
	"\u10B7": 1,
	"\u10B8": 1,
	"\u10B9": 1,
	"\u10BA": 1,
	"\u10BB": 1,
	"\u10BC": 1,
	"\u10BD": 1,
	"\u10BE": 1,
	"\u10BF": 1,
	"\u10C0": 1,
	"\u10C1": 1,
	"\u10C2": 1,
	"\u10C3": 1,
	"\u10C4": 1,
	"\u10C5": 1,
	"\u1E00": 1,
	"\u1E02": 1,
	"\u1E04": 1,
	"\u1E06": 1,
	"\u1E08": 1,
	"\u1E0A": 1,
	"\u1E0C": 1,
	"\u1E0E": 1,
	"\u1E10": 1,
	"\u1E12": 1,
	"\u1E14": 1,
	"\u1E16": 1,
	"\u1E18": 1,
	"\u1E1A": 1,
	"\u1E1C": 1,
	"\u1E1E": 1,
	"\u1E20": 1,
	"\u1E22": 1,
	"\u1E24": 1,
	"\u1E26": 1,
	"\u1E28": 1,
	"\u1E2A": 1,
	"\u1E2C": 1,
	"\u1E2E": 1,
	"\u1E30": 1,
	"\u1E32": 1,
	"\u1E34": 1,
	"\u1E36": 1,
	"\u1E38": 1,
	"\u1E3A": 1,
	"\u1E3C": 1,
	"\u1E3E": 1,
	"\u1E40": 1,
	"\u1E42": 1,
	"\u1E44": 1,
	"\u1E46": 1,
	"\u1E48": 1,
	"\u1E4A": 1,
	"\u1E4C": 1,
	"\u1E4E": 1,
	"\u1E50": 1,
	"\u1E52": 1,
	"\u1E54": 1,
	"\u1E56": 1,
	"\u1E58": 1,
	"\u1E5A": 1,
	"\u1E5C": 1,
	"\u1E5E": 1,
	"\u1E60": 1,
	"\u1E62": 1,
	"\u1E64": 1,
	"\u1E66": 1,
	"\u1E68": 1,
	"\u1E6A": 1,
	"\u1E6C": 1,
	"\u1E6E": 1,
	"\u1E70": 1,
	"\u1E72": 1,
	"\u1E74": 1,
	"\u1E76": 1,
	"\u1E78": 1,
	"\u1E7A": 1,
	"\u1E7C": 1,
	"\u1E7E": 1,
	"\u1E80": 1,
	"\u1E82": 1,
	"\u1E84": 1,
	"\u1E86": 1,
	"\u1E88": 1,
	"\u1E8A": 1,
	"\u1E8C": 1,
	"\u1E8E": 1,
	"\u1E90": 1,
	"\u1E92": 1,
	"\u1E94": 1,
	"\u1E9E": 1,
	"\u1EA0": 1,
	"\u1EA2": 1,
	"\u1EA4": 1,
	"\u1EA6": 1,
	"\u1EA8": 1,
	"\u1EAA": 1,
	"\u1EAC": 1,
	"\u1EAE": 1,
	"\u1EB0": 1,
	"\u1EB2": 1,
	"\u1EB4": 1,
	"\u1EB6": 1,
	"\u1EB8": 1,
	"\u1EBA": 1,
	"\u1EBC": 1,
	"\u1EBE": 1,
	"\u1EC0": 1,
	"\u1EC2": 1,
	"\u1EC4": 1,
	"\u1EC6": 1,
	"\u1EC8": 1,
	"\u1ECA": 1,
	"\u1ECC": 1,
	"\u1ECE": 1,
	"\u1ED0": 1,
	"\u1ED2": 1,
	"\u1ED4": 1,
	"\u1ED6": 1,
	"\u1ED8": 1,
	"\u1EDA": 1,
	"\u1EDC": 1,
	"\u1EDE": 1,
	"\u1EE0": 1,
	"\u1EE2": 1,
	"\u1EE4": 1,
	"\u1EE6": 1,
	"\u1EE8": 1,
	"\u1EEA": 1,
	"\u1EEC": 1,
	"\u1EEE": 1,
	"\u1EF0": 1,
	"\u1EF2": 1,
	"\u1EF4": 1,
	"\u1EF6": 1,
	"\u1EF8": 1,
	"\u1EFA": 1,
	"\u1EFC": 1,
	"\u1EFE": 1,
	"\u1F08": 1,
	"\u1F09": 1,
	"\u1F0A": 1,
	"\u1F0B": 1,
	"\u1F0C": 1,
	"\u1F0D": 1,
	"\u1F0E": 1,
	"\u1F0F": 1,
	"\u1F18": 1,
	"\u1F19": 1,
	"\u1F1A": 1,
	"\u1F1B": 1,
	"\u1F1C": 1,
	"\u1F1D": 1,
	"\u1F28": 1,
	"\u1F29": 1,
	"\u1F2A": 1,
	"\u1F2B": 1,
	"\u1F2C": 1,
	"\u1F2D": 1,
	"\u1F2E": 1,
	"\u1F2F": 1,
	"\u1F38": 1,
	"\u1F39": 1,
	"\u1F3A": 1,
	"\u1F3B": 1,
	"\u1F3C": 1,
	"\u1F3D": 1,
	"\u1F3E": 1,
	"\u1F3F": 1,
	"\u1F48": 1,
	"\u1F49": 1,
	"\u1F4A": 1,
	"\u1F4B": 1,
	"\u1F4C": 1,
	"\u1F4D": 1,
	"\u1F59": 1,
	"\u1F5B": 1,
	"\u1F5D": 1,
	"\u1F5F": 1,
	"\u1F68": 1,
	"\u1F69": 1,
	"\u1F6A": 1,
	"\u1F6B": 1,
	"\u1F6C": 1,
	"\u1F6D": 1,
	"\u1F6E": 1,
	"\u1F6F": 1,
	"\u1FB8": 1,
	"\u1FB9": 1,
	"\u1FBA": 1,
	"\u1FBB": 1,
	"\u1FC8": 1,
	"\u1FC9": 1,
	"\u1FCA": 1,
	"\u1FCB": 1,
	"\u1FD8": 1,
	"\u1FD9": 1,
	"\u1FDA": 1,
	"\u1FDB": 1,
	"\u1FE8": 1,
	"\u1FE9": 1,
	"\u1FEA": 1,
	"\u1FEB": 1,
	"\u1FEC": 1,
	"\u1FF8": 1,
	"\u1FF9": 1,
	"\u1FFA": 1,
	"\u1FFB": 1,
	"\u2102": 1,
	"\u2107": 1,
	"\u210B": 1,
	"\u210C": 1,
	"\u210D": 1,
	"\u2110": 1,
	"\u2111": 1,
	"\u2112": 1,
	"\u2115": 1,
	"\u2119": 1,
	"\u211A": 1,
	"\u211B": 1,
	"\u211C": 1,
	"\u211D": 1,
	"\u2124": 1,
	"\u2126": 1,
	"\u2128": 1,
	"\u212A": 1,
	"\u212B": 1,
	"\u212C": 1,
	"\u212D": 1,
	"\u2130": 1,
	"\u2131": 1,
	"\u2132": 1,
	"\u2133": 1,
	"\u213E": 1,
	"\u213F": 1,
	"\u2145": 1,
	"\u2183": 1,
	"\u2C00": 1,
	"\u2C01": 1,
	"\u2C02": 1,
	"\u2C03": 1,
	"\u2C04": 1,
	"\u2C05": 1,
	"\u2C06": 1,
	"\u2C07": 1,
	"\u2C08": 1,
	"\u2C09": 1,
	"\u2C0A": 1,
	"\u2C0B": 1,
	"\u2C0C": 1,
	"\u2C0D": 1,
	"\u2C0E": 1,
	"\u2C0F": 1,
	"\u2C10": 1,
	"\u2C11": 1,
	"\u2C12": 1,
	"\u2C13": 1,
	"\u2C14": 1,
	"\u2C15": 1,
	"\u2C16": 1,
	"\u2C17": 1,
	"\u2C18": 1,
	"\u2C19": 1,
	"\u2C1A": 1,
	"\u2C1B": 1,
	"\u2C1C": 1,
	"\u2C1D": 1,
	"\u2C1E": 1,
	"\u2C1F": 1,
	"\u2C20": 1,
	"\u2C21": 1,
	"\u2C22": 1,
	"\u2C23": 1,
	"\u2C24": 1,
	"\u2C25": 1,
	"\u2C26": 1,
	"\u2C27": 1,
	"\u2C28": 1,
	"\u2C29": 1,
	"\u2C2A": 1,
	"\u2C2B": 1,
	"\u2C2C": 1,
	"\u2C2D": 1,
	"\u2C2E": 1,
	"\u2C60": 1,
	"\u2C62": 1,
	"\u2C63": 1,
	"\u2C64": 1,
	"\u2C67": 1,
	"\u2C69": 1,
	"\u2C6B": 1,
	"\u2C6D": 1,
	"\u2C6E": 1,
	"\u2C6F": 1,
	"\u2C70": 1,
	"\u2C72": 1,
	"\u2C75": 1,
	"\u2C7E": 1,
	"\u2C7F": 1,
	"\u2C80": 1,
	"\u2C82": 1,
	"\u2C84": 1,
	"\u2C86": 1,
	"\u2C88": 1,
	"\u2C8A": 1,
	"\u2C8C": 1,
	"\u2C8E": 1,
	"\u2C90": 1,
	"\u2C92": 1,
	"\u2C94": 1,
	"\u2C96": 1,
	"\u2C98": 1,
	"\u2C9A": 1,
	"\u2C9C": 1,
	"\u2C9E": 1,
	"\u2CA0": 1,
	"\u2CA2": 1,
	"\u2CA4": 1,
	"\u2CA6": 1,
	"\u2CA8": 1,
	"\u2CAA": 1,
	"\u2CAC": 1,
	"\u2CAE": 1,
	"\u2CB0": 1,
	"\u2CB2": 1,
	"\u2CB4": 1,
	"\u2CB6": 1,
	"\u2CB8": 1,
	"\u2CBA": 1,
	"\u2CBC": 1,
	"\u2CBE": 1,
	"\u2CC0": 1,
	"\u2CC2": 1,
	"\u2CC4": 1,
	"\u2CC6": 1,
	"\u2CC8": 1,
	"\u2CCA": 1,
	"\u2CCC": 1,
	"\u2CCE": 1,
	"\u2CD0": 1,
	"\u2CD2": 1,
	"\u2CD4": 1,
	"\u2CD6": 1,
	"\u2CD8": 1,
	"\u2CDA": 1,
	"\u2CDC": 1,
	"\u2CDE": 1,
	"\u2CE0": 1,
	"\u2CE2": 1,
	"\u2CEB": 1,
	"\u2CED": 1,
	"\uA640": 1,
	"\uA642": 1,
	"\uA644": 1,
	"\uA646": 1,
	"\uA648": 1,
	"\uA64A": 1,
	"\uA64C": 1,
	"\uA64E": 1,
	"\uA650": 1,
	"\uA652": 1,
	"\uA654": 1,
	"\uA656": 1,
	"\uA658": 1,
	"\uA65A": 1,
	"\uA65C": 1,
	"\uA65E": 1,
	"\uA662": 1,
	"\uA664": 1,
	"\uA666": 1,
	"\uA668": 1,
	"\uA66A": 1,
	"\uA66C": 1,
	"\uA680": 1,
	"\uA682": 1,
	"\uA684": 1,
	"\uA686": 1,
	"\uA688": 1,
	"\uA68A": 1,
	"\uA68C": 1,
	"\uA68E": 1,
	"\uA690": 1,
	"\uA692": 1,
	"\uA694": 1,
	"\uA696": 1,
	"\uA722": 1,
	"\uA724": 1,
	"\uA726": 1,
	"\uA728": 1,
	"\uA72A": 1,
	"\uA72C": 1,
	"\uA72E": 1,
	"\uA732": 1,
	"\uA734": 1,
	"\uA736": 1,
	"\uA738": 1,
	"\uA73A": 1,
	"\uA73C": 1,
	"\uA73E": 1,
	"\uA740": 1,
	"\uA742": 1,
	"\uA744": 1,
	"\uA746": 1,
	"\uA748": 1,
	"\uA74A": 1,
	"\uA74C": 1,
	"\uA74E": 1,
	"\uA750": 1,
	"\uA752": 1,
	"\uA754": 1,
	"\uA756": 1,
	"\uA758": 1,
	"\uA75A": 1,
	"\uA75C": 1,
	"\uA75E": 1,
	"\uA760": 1,
	"\uA762": 1,
	"\uA764": 1,
	"\uA766": 1,
	"\uA768": 1,
	"\uA76A": 1,
	"\uA76C": 1,
	"\uA76E": 1,
	"\uA779": 1,
	"\uA77B": 1,
	"\uA77D": 1,
	"\uA77E": 1,
	"\uA780": 1,
	"\uA782": 1,
	"\uA784": 1,
	"\uA786": 1,
	"\uA78B": 1,
	"\uFF21": 1,
	"\uFF22": 1,
	"\uFF23": 1,
	"\uFF24": 1,
	"\uFF25": 1,
	"\uFF26": 1,
	"\uFF27": 1,
	"\uFF28": 1,
	"\uFF29": 1,
	"\uFF2A": 1,
	"\uFF2B": 1,
	"\uFF2C": 1,
	"\uFF2D": 1,
	"\uFF2E": 1,
	"\uFF2F": 1,
	"\uFF30": 1,
	"\uFF31": 1,
	"\uFF32": 1,
	"\uFF33": 1,
	"\uFF34": 1,
	"\uFF35": 1,
	"\uFF36": 1,
	"\uFF37": 1,
	"\uFF38": 1,
	"\uFF39": 1,
	"\uFF3A": 1,
	"\u0061": 1,
	"\u0062": 1,
	"\u0063": 1,
	"\u0064": 1,
	"\u0065": 1,
	"\u0066": 1,
	"\u0067": 1,
	"\u0068": 1,
	"\u0069": 1,
	"\u006A": 1,
	"\u006B": 1,
	"\u006C": 1,
	"\u006D": 1,
	"\u006E": 1,
	"\u006F": 1,
	"\u0070": 1,
	"\u0071": 1,
	"\u0072": 1,
	"\u0073": 1,
	"\u0074": 1,
	"\u0075": 1,
	"\u0076": 1,
	"\u0077": 1,
	"\u0078": 1,
	"\u0079": 1,
	"\u007A": 1,
	"\u00AA": 1,
	"\u00B5": 1,
	"\u00BA": 1,
	"\u00DF": 1,
	"\u00E0": 1,
	"\u00E1": 1,
	"\u00E2": 1,
	"\u00E3": 1,
	"\u00E4": 1,
	"\u00E5": 1,
	"\u00E6": 1,
	"\u00E7": 1,
	"\u00E8": 1,
	"\u00E9": 1,
	"\u00EA": 1,
	"\u00EB": 1,
	"\u00EC": 1,
	"\u00ED": 1,
	"\u00EE": 1,
	"\u00EF": 1,
	"\u00F0": 1,
	"\u00F1": 1,
	"\u00F2": 1,
	"\u00F3": 1,
	"\u00F4": 1,
	"\u00F5": 1,
	"\u00F6": 1,
	"\u00F8": 1,
	"\u00F9": 1,
	"\u00FA": 1,
	"\u00FB": 1,
	"\u00FC": 1,
	"\u00FD": 1,
	"\u00FE": 1,
	"\u00FF": 1,
	"\u0101": 1,
	"\u0103": 1,
	"\u0105": 1,
	"\u0107": 1,
	"\u0109": 1,
	"\u010B": 1,
	"\u010D": 1,
	"\u010F": 1,
	"\u0111": 1,
	"\u0113": 1,
	"\u0115": 1,
	"\u0117": 1,
	"\u0119": 1,
	"\u011B": 1,
	"\u011D": 1,
	"\u011F": 1,
	"\u0121": 1,
	"\u0123": 1,
	"\u0125": 1,
	"\u0127": 1,
	"\u0129": 1,
	"\u012B": 1,
	"\u012D": 1,
	"\u012F": 1,
	"\u0131": 1,
	"\u0133": 1,
	"\u0135": 1,
	"\u0137": 1,
	"\u0138": 1,
	"\u013A": 1,
	"\u013C": 1,
	"\u013E": 1,
	"\u0140": 1,
	"\u0142": 1,
	"\u0144": 1,
	"\u0146": 1,
	"\u0148": 1,
	"\u0149": 1,
	"\u014B": 1,
	"\u014D": 1,
	"\u014F": 1,
	"\u0151": 1,
	"\u0153": 1,
	"\u0155": 1,
	"\u0157": 1,
	"\u0159": 1,
	"\u015B": 1,
	"\u015D": 1,
	"\u015F": 1,
	"\u0161": 1,
	"\u0163": 1,
	"\u0165": 1,
	"\u0167": 1,
	"\u0169": 1,
	"\u016B": 1,
	"\u016D": 1,
	"\u016F": 1,
	"\u0171": 1,
	"\u0173": 1,
	"\u0175": 1,
	"\u0177": 1,
	"\u017A": 1,
	"\u017C": 1,
	"\u017E": 1,
	"\u017F": 1,
	"\u0180": 1,
	"\u0183": 1,
	"\u0185": 1,
	"\u0188": 1,
	"\u018C": 1,
	"\u018D": 1,
	"\u0192": 1,
	"\u0195": 1,
	"\u0199": 1,
	"\u019A": 1,
	"\u019B": 1,
	"\u019E": 1,
	"\u01A1": 1,
	"\u01A3": 1,
	"\u01A5": 1,
	"\u01A8": 1,
	"\u01AA": 1,
	"\u01AB": 1,
	"\u01AD": 1,
	"\u01B0": 1,
	"\u01B4": 1,
	"\u01B6": 1,
	"\u01B9": 1,
	"\u01BA": 1,
	"\u01BD": 1,
	"\u01BE": 1,
	"\u01BF": 1,
	"\u01C6": 1,
	"\u01C9": 1,
	"\u01CC": 1,
	"\u01CE": 1,
	"\u01D0": 1,
	"\u01D2": 1,
	"\u01D4": 1,
	"\u01D6": 1,
	"\u01D8": 1,
	"\u01DA": 1,
	"\u01DC": 1,
	"\u01DD": 1,
	"\u01DF": 1,
	"\u01E1": 1,
	"\u01E3": 1,
	"\u01E5": 1,
	"\u01E7": 1,
	"\u01E9": 1,
	"\u01EB": 1,
	"\u01ED": 1,
	"\u01EF": 1,
	"\u01F0": 1,
	"\u01F3": 1,
	"\u01F5": 1,
	"\u01F9": 1,
	"\u01FB": 1,
	"\u01FD": 1,
	"\u01FF": 1,
	"\u0201": 1,
	"\u0203": 1,
	"\u0205": 1,
	"\u0207": 1,
	"\u0209": 1,
	"\u020B": 1,
	"\u020D": 1,
	"\u020F": 1,
	"\u0211": 1,
	"\u0213": 1,
	"\u0215": 1,
	"\u0217": 1,
	"\u0219": 1,
	"\u021B": 1,
	"\u021D": 1,
	"\u021F": 1,
	"\u0221": 1,
	"\u0223": 1,
	"\u0225": 1,
	"\u0227": 1,
	"\u0229": 1,
	"\u022B": 1,
	"\u022D": 1,
	"\u022F": 1,
	"\u0231": 1,
	"\u0233": 1,
	"\u0234": 1,
	"\u0235": 1,
	"\u0236": 1,
	"\u0237": 1,
	"\u0238": 1,
	"\u0239": 1,
	"\u023C": 1,
	"\u023F": 1,
	"\u0240": 1,
	"\u0242": 1,
	"\u0247": 1,
	"\u0249": 1,
	"\u024B": 1,
	"\u024D": 1,
	"\u024F": 1,
	"\u0250": 1,
	"\u0251": 1,
	"\u0252": 1,
	"\u0253": 1,
	"\u0254": 1,
	"\u0255": 1,
	"\u0256": 1,
	"\u0257": 1,
	"\u0258": 1,
	"\u0259": 1,
	"\u025A": 1,
	"\u025B": 1,
	"\u025C": 1,
	"\u025D": 1,
	"\u025E": 1,
	"\u025F": 1,
	"\u0260": 1,
	"\u0261": 1,
	"\u0262": 1,
	"\u0263": 1,
	"\u0264": 1,
	"\u0265": 1,
	"\u0266": 1,
	"\u0267": 1,
	"\u0268": 1,
	"\u0269": 1,
	"\u026A": 1,
	"\u026B": 1,
	"\u026C": 1,
	"\u026D": 1,
	"\u026E": 1,
	"\u026F": 1,
	"\u0270": 1,
	"\u0271": 1,
	"\u0272": 1,
	"\u0273": 1,
	"\u0274": 1,
	"\u0275": 1,
	"\u0276": 1,
	"\u0277": 1,
	"\u0278": 1,
	"\u0279": 1,
	"\u027A": 1,
	"\u027B": 1,
	"\u027C": 1,
	"\u027D": 1,
	"\u027E": 1,
	"\u027F": 1,
	"\u0280": 1,
	"\u0281": 1,
	"\u0282": 1,
	"\u0283": 1,
	"\u0284": 1,
	"\u0285": 1,
	"\u0286": 1,
	"\u0287": 1,
	"\u0288": 1,
	"\u0289": 1,
	"\u028A": 1,
	"\u028B": 1,
	"\u028C": 1,
	"\u028D": 1,
	"\u028E": 1,
	"\u028F": 1,
	"\u0290": 1,
	"\u0291": 1,
	"\u0292": 1,
	"\u0293": 1,
	"\u0295": 1,
	"\u0296": 1,
	"\u0297": 1,
	"\u0298": 1,
	"\u0299": 1,
	"\u029A": 1,
	"\u029B": 1,
	"\u029C": 1,
	"\u029D": 1,
	"\u029E": 1,
	"\u029F": 1,
	"\u02A0": 1,
	"\u02A1": 1,
	"\u02A2": 1,
	"\u02A3": 1,
	"\u02A4": 1,
	"\u02A5": 1,
	"\u02A6": 1,
	"\u02A7": 1,
	"\u02A8": 1,
	"\u02A9": 1,
	"\u02AA": 1,
	"\u02AB": 1,
	"\u02AC": 1,
	"\u02AD": 1,
	"\u02AE": 1,
	"\u02AF": 1,
	"\u0371": 1,
	"\u0373": 1,
	"\u0377": 1,
	"\u037B": 1,
	"\u037C": 1,
	"\u037D": 1,
	"\u0390": 1,
	"\u03AC": 1,
	"\u03AD": 1,
	"\u03AE": 1,
	"\u03AF": 1,
	"\u03B0": 1,
	"\u03B1": 1,
	"\u03B2": 1,
	"\u03B3": 1,
	"\u03B4": 1,
	"\u03B5": 1,
	"\u03B6": 1,
	"\u03B7": 1,
	"\u03B8": 1,
	"\u03B9": 1,
	"\u03BA": 1,
	"\u03BB": 1,
	"\u03BC": 1,
	"\u03BD": 1,
	"\u03BE": 1,
	"\u03BF": 1,
	"\u03C0": 1,
	"\u03C1": 1,
	"\u03C2": 1,
	"\u03C3": 1,
	"\u03C4": 1,
	"\u03C5": 1,
	"\u03C6": 1,
	"\u03C7": 1,
	"\u03C8": 1,
	"\u03C9": 1,
	"\u03CA": 1,
	"\u03CB": 1,
	"\u03CC": 1,
	"\u03CD": 1,
	"\u03CE": 1,
	"\u03D0": 1,
	"\u03D1": 1,
	"\u03D5": 1,
	"\u03D6": 1,
	"\u03D7": 1,
	"\u03D9": 1,
	"\u03DB": 1,
	"\u03DD": 1,
	"\u03DF": 1,
	"\u03E1": 1,
	"\u03E3": 1,
	"\u03E5": 1,
	"\u03E7": 1,
	"\u03E9": 1,
	"\u03EB": 1,
	"\u03ED": 1,
	"\u03EF": 1,
	"\u03F0": 1,
	"\u03F1": 1,
	"\u03F2": 1,
	"\u03F3": 1,
	"\u03F5": 1,
	"\u03F8": 1,
	"\u03FB": 1,
	"\u03FC": 1,
	"\u0430": 1,
	"\u0431": 1,
	"\u0432": 1,
	"\u0433": 1,
	"\u0434": 1,
	"\u0435": 1,
	"\u0436": 1,
	"\u0437": 1,
	"\u0438": 1,
	"\u0439": 1,
	"\u043A": 1,
	"\u043B": 1,
	"\u043C": 1,
	"\u043D": 1,
	"\u043E": 1,
	"\u043F": 1,
	"\u0440": 1,
	"\u0441": 1,
	"\u0442": 1,
	"\u0443": 1,
	"\u0444": 1,
	"\u0445": 1,
	"\u0446": 1,
	"\u0447": 1,
	"\u0448": 1,
	"\u0449": 1,
	"\u044A": 1,
	"\u044B": 1,
	"\u044C": 1,
	"\u044D": 1,
	"\u044E": 1,
	"\u044F": 1,
	"\u0450": 1,
	"\u0451": 1,
	"\u0452": 1,
	"\u0453": 1,
	"\u0454": 1,
	"\u0455": 1,
	"\u0456": 1,
	"\u0457": 1,
	"\u0458": 1,
	"\u0459": 1,
	"\u045A": 1,
	"\u045B": 1,
	"\u045C": 1,
	"\u045D": 1,
	"\u045E": 1,
	"\u045F": 1,
	"\u0461": 1,
	"\u0463": 1,
	"\u0465": 1,
	"\u0467": 1,
	"\u0469": 1,
	"\u046B": 1,
	"\u046D": 1,
	"\u046F": 1,
	"\u0471": 1,
	"\u0473": 1,
	"\u0475": 1,
	"\u0477": 1,
	"\u0479": 1,
	"\u047B": 1,
	"\u047D": 1,
	"\u047F": 1,
	"\u0481": 1,
	"\u048B": 1,
	"\u048D": 1,
	"\u048F": 1,
	"\u0491": 1,
	"\u0493": 1,
	"\u0495": 1,
	"\u0497": 1,
	"\u0499": 1,
	"\u049B": 1,
	"\u049D": 1,
	"\u049F": 1,
	"\u04A1": 1,
	"\u04A3": 1,
	"\u04A5": 1,
	"\u04A7": 1,
	"\u04A9": 1,
	"\u04AB": 1,
	"\u04AD": 1,
	"\u04AF": 1,
	"\u04B1": 1,
	"\u04B3": 1,
	"\u04B5": 1,
	"\u04B7": 1,
	"\u04B9": 1,
	"\u04BB": 1,
	"\u04BD": 1,
	"\u04BF": 1,
	"\u04C2": 1,
	"\u04C4": 1,
	"\u04C6": 1,
	"\u04C8": 1,
	"\u04CA": 1,
	"\u04CC": 1,
	"\u04CE": 1,
	"\u04CF": 1,
	"\u04D1": 1,
	"\u04D3": 1,
	"\u04D5": 1,
	"\u04D7": 1,
	"\u04D9": 1,
	"\u04DB": 1,
	"\u04DD": 1,
	"\u04DF": 1,
	"\u04E1": 1,
	"\u04E3": 1,
	"\u04E5": 1,
	"\u04E7": 1,
	"\u04E9": 1,
	"\u04EB": 1,
	"\u04ED": 1,
	"\u04EF": 1,
	"\u04F1": 1,
	"\u04F3": 1,
	"\u04F5": 1,
	"\u04F7": 1,
	"\u04F9": 1,
	"\u04FB": 1,
	"\u04FD": 1,
	"\u04FF": 1,
	"\u0501": 1,
	"\u0503": 1,
	"\u0505": 1,
	"\u0507": 1,
	"\u0509": 1,
	"\u050B": 1,
	"\u050D": 1,
	"\u050F": 1,
	"\u0511": 1,
	"\u0513": 1,
	"\u0515": 1,
	"\u0517": 1,
	"\u0519": 1,
	"\u051B": 1,
	"\u051D": 1,
	"\u051F": 1,
	"\u0521": 1,
	"\u0523": 1,
	"\u0525": 1,
	"\u0561": 1,
	"\u0562": 1,
	"\u0563": 1,
	"\u0564": 1,
	"\u0565": 1,
	"\u0566": 1,
	"\u0567": 1,
	"\u0568": 1,
	"\u0569": 1,
	"\u056A": 1,
	"\u056B": 1,
	"\u056C": 1,
	"\u056D": 1,
	"\u056E": 1,
	"\u056F": 1,
	"\u0570": 1,
	"\u0571": 1,
	"\u0572": 1,
	"\u0573": 1,
	"\u0574": 1,
	"\u0575": 1,
	"\u0576": 1,
	"\u0577": 1,
	"\u0578": 1,
	"\u0579": 1,
	"\u057A": 1,
	"\u057B": 1,
	"\u057C": 1,
	"\u057D": 1,
	"\u057E": 1,
	"\u057F": 1,
	"\u0580": 1,
	"\u0581": 1,
	"\u0582": 1,
	"\u0583": 1,
	"\u0584": 1,
	"\u0585": 1,
	"\u0586": 1,
	"\u0587": 1,
	"\u1D00": 1,
	"\u1D01": 1,
	"\u1D02": 1,
	"\u1D03": 1,
	"\u1D04": 1,
	"\u1D05": 1,
	"\u1D06": 1,
	"\u1D07": 1,
	"\u1D08": 1,
	"\u1D09": 1,
	"\u1D0A": 1,
	"\u1D0B": 1,
	"\u1D0C": 1,
	"\u1D0D": 1,
	"\u1D0E": 1,
	"\u1D0F": 1,
	"\u1D10": 1,
	"\u1D11": 1,
	"\u1D12": 1,
	"\u1D13": 1,
	"\u1D14": 1,
	"\u1D15": 1,
	"\u1D16": 1,
	"\u1D17": 1,
	"\u1D18": 1,
	"\u1D19": 1,
	"\u1D1A": 1,
	"\u1D1B": 1,
	"\u1D1C": 1,
	"\u1D1D": 1,
	"\u1D1E": 1,
	"\u1D1F": 1,
	"\u1D20": 1,
	"\u1D21": 1,
	"\u1D22": 1,
	"\u1D23": 1,
	"\u1D24": 1,
	"\u1D25": 1,
	"\u1D26": 1,
	"\u1D27": 1,
	"\u1D28": 1,
	"\u1D29": 1,
	"\u1D2A": 1,
	"\u1D2B": 1,
	"\u1D62": 1,
	"\u1D63": 1,
	"\u1D64": 1,
	"\u1D65": 1,
	"\u1D66": 1,
	"\u1D67": 1,
	"\u1D68": 1,
	"\u1D69": 1,
	"\u1D6A": 1,
	"\u1D6B": 1,
	"\u1D6C": 1,
	"\u1D6D": 1,
	"\u1D6E": 1,
	"\u1D6F": 1,
	"\u1D70": 1,
	"\u1D71": 1,
	"\u1D72": 1,
	"\u1D73": 1,
	"\u1D74": 1,
	"\u1D75": 1,
	"\u1D76": 1,
	"\u1D77": 1,
	"\u1D79": 1,
	"\u1D7A": 1,
	"\u1D7B": 1,
	"\u1D7C": 1,
	"\u1D7D": 1,
	"\u1D7E": 1,
	"\u1D7F": 1,
	"\u1D80": 1,
	"\u1D81": 1,
	"\u1D82": 1,
	"\u1D83": 1,
	"\u1D84": 1,
	"\u1D85": 1,
	"\u1D86": 1,
	"\u1D87": 1,
	"\u1D88": 1,
	"\u1D89": 1,
	"\u1D8A": 1,
	"\u1D8B": 1,
	"\u1D8C": 1,
	"\u1D8D": 1,
	"\u1D8E": 1,
	"\u1D8F": 1,
	"\u1D90": 1,
	"\u1D91": 1,
	"\u1D92": 1,
	"\u1D93": 1,
	"\u1D94": 1,
	"\u1D95": 1,
	"\u1D96": 1,
	"\u1D97": 1,
	"\u1D98": 1,
	"\u1D99": 1,
	"\u1D9A": 1,
	"\u1E01": 1,
	"\u1E03": 1,
	"\u1E05": 1,
	"\u1E07": 1,
	"\u1E09": 1,
	"\u1E0B": 1,
	"\u1E0D": 1,
	"\u1E0F": 1,
	"\u1E11": 1,
	"\u1E13": 1,
	"\u1E15": 1,
	"\u1E17": 1,
	"\u1E19": 1,
	"\u1E1B": 1,
	"\u1E1D": 1,
	"\u1E1F": 1,
	"\u1E21": 1,
	"\u1E23": 1,
	"\u1E25": 1,
	"\u1E27": 1,
	"\u1E29": 1,
	"\u1E2B": 1,
	"\u1E2D": 1,
	"\u1E2F": 1,
	"\u1E31": 1,
	"\u1E33": 1,
	"\u1E35": 1,
	"\u1E37": 1,
	"\u1E39": 1,
	"\u1E3B": 1,
	"\u1E3D": 1,
	"\u1E3F": 1,
	"\u1E41": 1,
	"\u1E43": 1,
	"\u1E45": 1,
	"\u1E47": 1,
	"\u1E49": 1,
	"\u1E4B": 1,
	"\u1E4D": 1,
	"\u1E4F": 1,
	"\u1E51": 1,
	"\u1E53": 1,
	"\u1E55": 1,
	"\u1E57": 1,
	"\u1E59": 1,
	"\u1E5B": 1,
	"\u1E5D": 1,
	"\u1E5F": 1,
	"\u1E61": 1,
	"\u1E63": 1,
	"\u1E65": 1,
	"\u1E67": 1,
	"\u1E69": 1,
	"\u1E6B": 1,
	"\u1E6D": 1,
	"\u1E6F": 1,
	"\u1E71": 1,
	"\u1E73": 1,
	"\u1E75": 1,
	"\u1E77": 1,
	"\u1E79": 1,
	"\u1E7B": 1,
	"\u1E7D": 1,
	"\u1E7F": 1,
	"\u1E81": 1,
	"\u1E83": 1,
	"\u1E85": 1,
	"\u1E87": 1,
	"\u1E89": 1,
	"\u1E8B": 1,
	"\u1E8D": 1,
	"\u1E8F": 1,
	"\u1E91": 1,
	"\u1E93": 1,
	"\u1E95": 1,
	"\u1E96": 1,
	"\u1E97": 1,
	"\u1E98": 1,
	"\u1E99": 1,
	"\u1E9A": 1,
	"\u1E9B": 1,
	"\u1E9C": 1,
	"\u1E9D": 1,
	"\u1E9F": 1,
	"\u1EA1": 1,
	"\u1EA3": 1,
	"\u1EA5": 1,
	"\u1EA7": 1,
	"\u1EA9": 1,
	"\u1EAB": 1,
	"\u1EAD": 1,
	"\u1EAF": 1,
	"\u1EB1": 1,
	"\u1EB3": 1,
	"\u1EB5": 1,
	"\u1EB7": 1,
	"\u1EB9": 1,
	"\u1EBB": 1,
	"\u1EBD": 1,
	"\u1EBF": 1,
	"\u1EC1": 1,
	"\u1EC3": 1,
	"\u1EC5": 1,
	"\u1EC7": 1,
	"\u1EC9": 1,
	"\u1ECB": 1,
	"\u1ECD": 1,
	"\u1ECF": 1,
	"\u1ED1": 1,
	"\u1ED3": 1,
	"\u1ED5": 1,
	"\u1ED7": 1,
	"\u1ED9": 1,
	"\u1EDB": 1,
	"\u1EDD": 1,
	"\u1EDF": 1,
	"\u1EE1": 1,
	"\u1EE3": 1,
	"\u1EE5": 1,
	"\u1EE7": 1,
	"\u1EE9": 1,
	"\u1EEB": 1,
	"\u1EED": 1,
	"\u1EEF": 1,
	"\u1EF1": 1,
	"\u1EF3": 1,
	"\u1EF5": 1,
	"\u1EF7": 1,
	"\u1EF9": 1,
	"\u1EFB": 1,
	"\u1EFD": 1,
	"\u1EFF": 1,
	"\u1F00": 1,
	"\u1F01": 1,
	"\u1F02": 1,
	"\u1F03": 1,
	"\u1F04": 1,
	"\u1F05": 1,
	"\u1F06": 1,
	"\u1F07": 1,
	"\u1F10": 1,
	"\u1F11": 1,
	"\u1F12": 1,
	"\u1F13": 1,
	"\u1F14": 1,
	"\u1F15": 1,
	"\u1F20": 1,
	"\u1F21": 1,
	"\u1F22": 1,
	"\u1F23": 1,
	"\u1F24": 1,
	"\u1F25": 1,
	"\u1F26": 1,
	"\u1F27": 1,
	"\u1F30": 1,
	"\u1F31": 1,
	"\u1F32": 1,
	"\u1F33": 1,
	"\u1F34": 1,
	"\u1F35": 1,
	"\u1F36": 1,
	"\u1F37": 1,
	"\u1F40": 1,
	"\u1F41": 1,
	"\u1F42": 1,
	"\u1F43": 1,
	"\u1F44": 1,
	"\u1F45": 1,
	"\u1F50": 1,
	"\u1F51": 1,
	"\u1F52": 1,
	"\u1F53": 1,
	"\u1F54": 1,
	"\u1F55": 1,
	"\u1F56": 1,
	"\u1F57": 1,
	"\u1F60": 1,
	"\u1F61": 1,
	"\u1F62": 1,
	"\u1F63": 1,
	"\u1F64": 1,
	"\u1F65": 1,
	"\u1F66": 1,
	"\u1F67": 1,
	"\u1F70": 1,
	"\u1F71": 1,
	"\u1F72": 1,
	"\u1F73": 1,
	"\u1F74": 1,
	"\u1F75": 1,
	"\u1F76": 1,
	"\u1F77": 1,
	"\u1F78": 1,
	"\u1F79": 1,
	"\u1F7A": 1,
	"\u1F7B": 1,
	"\u1F7C": 1,
	"\u1F7D": 1,
	"\u1F80": 1,
	"\u1F81": 1,
	"\u1F82": 1,
	"\u1F83": 1,
	"\u1F84": 1,
	"\u1F85": 1,
	"\u1F86": 1,
	"\u1F87": 1,
	"\u1F90": 1,
	"\u1F91": 1,
	"\u1F92": 1,
	"\u1F93": 1,
	"\u1F94": 1,
	"\u1F95": 1,
	"\u1F96": 1,
	"\u1F97": 1,
	"\u1FA0": 1,
	"\u1FA1": 1,
	"\u1FA2": 1,
	"\u1FA3": 1,
	"\u1FA4": 1,
	"\u1FA5": 1,
	"\u1FA6": 1,
	"\u1FA7": 1,
	"\u1FB0": 1,
	"\u1FB1": 1,
	"\u1FB2": 1,
	"\u1FB3": 1,
	"\u1FB4": 1,
	"\u1FB6": 1,
	"\u1FB7": 1,
	"\u1FBE": 1,
	"\u1FC2": 1,
	"\u1FC3": 1,
	"\u1FC4": 1,
	"\u1FC6": 1,
	"\u1FC7": 1,
	"\u1FD0": 1,
	"\u1FD1": 1,
	"\u1FD2": 1,
	"\u1FD3": 1,
	"\u1FD6": 1,
	"\u1FD7": 1,
	"\u1FE0": 1,
	"\u1FE1": 1,
	"\u1FE2": 1,
	"\u1FE3": 1,
	"\u1FE4": 1,
	"\u1FE5": 1,
	"\u1FE6": 1,
	"\u1FE7": 1,
	"\u1FF2": 1,
	"\u1FF3": 1,
	"\u1FF4": 1,
	"\u1FF6": 1,
	"\u1FF7": 1,
	"\u210A": 1,
	"\u210E": 1,
	"\u210F": 1,
	"\u2113": 1,
	"\u212F": 1,
	"\u2134": 1,
	"\u2139": 1,
	"\u213C": 1,
	"\u213D": 1,
	"\u2146": 1,
	"\u2147": 1,
	"\u2148": 1,
	"\u2149": 1,
	"\u214E": 1,
	"\u2184": 1,
	"\u2C30": 1,
	"\u2C31": 1,
	"\u2C32": 1,
	"\u2C33": 1,
	"\u2C34": 1,
	"\u2C35": 1,
	"\u2C36": 1,
	"\u2C37": 1,
	"\u2C38": 1,
	"\u2C39": 1,
	"\u2C3A": 1,
	"\u2C3B": 1,
	"\u2C3C": 1,
	"\u2C3D": 1,
	"\u2C3E": 1,
	"\u2C3F": 1,
	"\u2C40": 1,
	"\u2C41": 1,
	"\u2C42": 1,
	"\u2C43": 1,
	"\u2C44": 1,
	"\u2C45": 1,
	"\u2C46": 1,
	"\u2C47": 1,
	"\u2C48": 1,
	"\u2C49": 1,
	"\u2C4A": 1,
	"\u2C4B": 1,
	"\u2C4C": 1,
	"\u2C4D": 1,
	"\u2C4E": 1,
	"\u2C4F": 1,
	"\u2C50": 1,
	"\u2C51": 1,
	"\u2C52": 1,
	"\u2C53": 1,
	"\u2C54": 1,
	"\u2C55": 1,
	"\u2C56": 1,
	"\u2C57": 1,
	"\u2C58": 1,
	"\u2C59": 1,
	"\u2C5A": 1,
	"\u2C5B": 1,
	"\u2C5C": 1,
	"\u2C5D": 1,
	"\u2C5E": 1,
	"\u2C61": 1,
	"\u2C65": 1,
	"\u2C66": 1,
	"\u2C68": 1,
	"\u2C6A": 1,
	"\u2C6C": 1,
	"\u2C71": 1,
	"\u2C73": 1,
	"\u2C74": 1,
	"\u2C76": 1,
	"\u2C77": 1,
	"\u2C78": 1,
	"\u2C79": 1,
	"\u2C7A": 1,
	"\u2C7B": 1,
	"\u2C7C": 1,
	"\u2C81": 1,
	"\u2C83": 1,
	"\u2C85": 1,
	"\u2C87": 1,
	"\u2C89": 1,
	"\u2C8B": 1,
	"\u2C8D": 1,
	"\u2C8F": 1,
	"\u2C91": 1,
	"\u2C93": 1,
	"\u2C95": 1,
	"\u2C97": 1,
	"\u2C99": 1,
	"\u2C9B": 1,
	"\u2C9D": 1,
	"\u2C9F": 1,
	"\u2CA1": 1,
	"\u2CA3": 1,
	"\u2CA5": 1,
	"\u2CA7": 1,
	"\u2CA9": 1,
	"\u2CAB": 1,
	"\u2CAD": 1,
	"\u2CAF": 1,
	"\u2CB1": 1,
	"\u2CB3": 1,
	"\u2CB5": 1,
	"\u2CB7": 1,
	"\u2CB9": 1,
	"\u2CBB": 1,
	"\u2CBD": 1,
	"\u2CBF": 1,
	"\u2CC1": 1,
	"\u2CC3": 1,
	"\u2CC5": 1,
	"\u2CC7": 1,
	"\u2CC9": 1,
	"\u2CCB": 1,
	"\u2CCD": 1,
	"\u2CCF": 1,
	"\u2CD1": 1,
	"\u2CD3": 1,
	"\u2CD5": 1,
	"\u2CD7": 1,
	"\u2CD9": 1,
	"\u2CDB": 1,
	"\u2CDD": 1,
	"\u2CDF": 1,
	"\u2CE1": 1,
	"\u2CE3": 1,
	"\u2CE4": 1,
	"\u2CEC": 1,
	"\u2CEE": 1,
	"\u2D00": 1,
	"\u2D01": 1,
	"\u2D02": 1,
	"\u2D03": 1,
	"\u2D04": 1,
	"\u2D05": 1,
	"\u2D06": 1,
	"\u2D07": 1,
	"\u2D08": 1,
	"\u2D09": 1,
	"\u2D0A": 1,
	"\u2D0B": 1,
	"\u2D0C": 1,
	"\u2D0D": 1,
	"\u2D0E": 1,
	"\u2D0F": 1,
	"\u2D10": 1,
	"\u2D11": 1,
	"\u2D12": 1,
	"\u2D13": 1,
	"\u2D14": 1,
	"\u2D15": 1,
	"\u2D16": 1,
	"\u2D17": 1,
	"\u2D18": 1,
	"\u2D19": 1,
	"\u2D1A": 1,
	"\u2D1B": 1,
	"\u2D1C": 1,
	"\u2D1D": 1,
	"\u2D1E": 1,
	"\u2D1F": 1,
	"\u2D20": 1,
	"\u2D21": 1,
	"\u2D22": 1,
	"\u2D23": 1,
	"\u2D24": 1,
	"\u2D25": 1,
	"\uA641": 1,
	"\uA643": 1,
	"\uA645": 1,
	"\uA647": 1,
	"\uA649": 1,
	"\uA64B": 1,
	"\uA64D": 1,
	"\uA64F": 1,
	"\uA651": 1,
	"\uA653": 1,
	"\uA655": 1,
	"\uA657": 1,
	"\uA659": 1,
	"\uA65B": 1,
	"\uA65D": 1,
	"\uA65F": 1,
	"\uA663": 1,
	"\uA665": 1,
	"\uA667": 1,
	"\uA669": 1,
	"\uA66B": 1,
	"\uA66D": 1,
	"\uA681": 1,
	"\uA683": 1,
	"\uA685": 1,
	"\uA687": 1,
	"\uA689": 1,
	"\uA68B": 1,
	"\uA68D": 1,
	"\uA68F": 1,
	"\uA691": 1,
	"\uA693": 1,
	"\uA695": 1,
	"\uA697": 1,
	"\uA723": 1,
	"\uA725": 1,
	"\uA727": 1,
	"\uA729": 1,
	"\uA72B": 1,
	"\uA72D": 1,
	"\uA72F": 1,
	"\uA730": 1,
	"\uA731": 1,
	"\uA733": 1,
	"\uA735": 1,
	"\uA737": 1,
	"\uA739": 1,
	"\uA73B": 1,
	"\uA73D": 1,
	"\uA73F": 1,
	"\uA741": 1,
	"\uA743": 1,
	"\uA745": 1,
	"\uA747": 1,
	"\uA749": 1,
	"\uA74B": 1,
	"\uA74D": 1,
	"\uA74F": 1,
	"\uA751": 1,
	"\uA753": 1,
	"\uA755": 1,
	"\uA757": 1,
	"\uA759": 1,
	"\uA75B": 1,
	"\uA75D": 1,
	"\uA75F": 1,
	"\uA761": 1,
	"\uA763": 1,
	"\uA765": 1,
	"\uA767": 1,
	"\uA769": 1,
	"\uA76B": 1,
	"\uA76D": 1,
	"\uA76F": 1,
	"\uA771": 1,
	"\uA772": 1,
	"\uA773": 1,
	"\uA774": 1,
	"\uA775": 1,
	"\uA776": 1,
	"\uA777": 1,
	"\uA778": 1,
	"\uA77A": 1,
	"\uA77C": 1,
	"\uA77F": 1,
	"\uA781": 1,
	"\uA783": 1,
	"\uA785": 1,
	"\uA787": 1,
	"\uA78C": 1,
	"\uFB00": 1,
	"\uFB01": 1,
	"\uFB02": 1,
	"\uFB03": 1,
	"\uFB04": 1,
	"\uFB05": 1,
	"\uFB06": 1,
	"\uFB13": 1,
	"\uFB14": 1,
	"\uFB15": 1,
	"\uFB16": 1,
	"\uFB17": 1,
	"\uFF41": 1,
	"\uFF42": 1,
	"\uFF43": 1,
	"\uFF44": 1,
	"\uFF45": 1,
	"\uFF46": 1,
	"\uFF47": 1,
	"\uFF48": 1,
	"\uFF49": 1,
	"\uFF4A": 1,
	"\uFF4B": 1,
	"\uFF4C": 1,
	"\uFF4D": 1,
	"\uFF4E": 1,
	"\uFF4F": 1,
	"\uFF50": 1,
	"\uFF51": 1,
	"\uFF52": 1,
	"\uFF53": 1,
	"\uFF54": 1,
	"\uFF55": 1,
	"\uFF56": 1,
	"\uFF57": 1,
	"\uFF58": 1,
	"\uFF59": 1,
	"\uFF5A": 1,
	"\u01C5": 1,
	"\u01C8": 1,
	"\u01CB": 1,
	"\u01F2": 1,
	"\u1F88": 1,
	"\u1F89": 1,
	"\u1F8A": 1,
	"\u1F8B": 1,
	"\u1F8C": 1,
	"\u1F8D": 1,
	"\u1F8E": 1,
	"\u1F8F": 1,
	"\u1F98": 1,
	"\u1F99": 1,
	"\u1F9A": 1,
	"\u1F9B": 1,
	"\u1F9C": 1,
	"\u1F9D": 1,
	"\u1F9E": 1,
	"\u1F9F": 1,
	"\u1FA8": 1,
	"\u1FA9": 1,
	"\u1FAA": 1,
	"\u1FAB": 1,
	"\u1FAC": 1,
	"\u1FAD": 1,
	"\u1FAE": 1,
	"\u1FAF": 1,
	"\u1FBC": 1,
	"\u1FCC": 1,
	"\u1FFC": 1,
	"\u02B0": 1,
	"\u02B1": 1,
	"\u02B2": 1,
	"\u02B3": 1,
	"\u02B4": 1,
	"\u02B5": 1,
	"\u02B6": 1,
	"\u02B7": 1,
	"\u02B8": 1,
	"\u02B9": 1,
	"\u02BA": 1,
	"\u02BB": 1,
	"\u02BC": 1,
	"\u02BD": 1,
	"\u02BE": 1,
	"\u02BF": 1,
	"\u02C0": 1,
	"\u02C1": 1,
	"\u02C6": 1,
	"\u02C7": 1,
	"\u02C8": 1,
	"\u02C9": 1,
	"\u02CA": 1,
	"\u02CB": 1,
	"\u02CC": 1,
	"\u02CD": 1,
	"\u02CE": 1,
	"\u02CF": 1,
	"\u02D0": 1,
	"\u02D1": 1,
	"\u02E0": 1,
	"\u02E1": 1,
	"\u02E2": 1,
	"\u02E3": 1,
	"\u02E4": 1,
	"\u02EC": 1,
	"\u02EE": 1,
	"\u0374": 1,
	"\u037A": 1,
	"\u0559": 1,
	"\u0640": 1,
	"\u06E5": 1,
	"\u06E6": 1,
	"\u07F4": 1,
	"\u07F5": 1,
	"\u07FA": 1,
	"\u081A": 1,
	"\u0824": 1,
	"\u0828": 1,
	"\u0971": 1,
	"\u0E46": 1,
	"\u0EC6": 1,
	"\u10FC": 1,
	"\u17D7": 1,
	"\u1843": 1,
	"\u1AA7": 1,
	"\u1C78": 1,
	"\u1C79": 1,
	"\u1C7A": 1,
	"\u1C7B": 1,
	"\u1C7C": 1,
	"\u1C7D": 1,
	"\u1D2C": 1,
	"\u1D2D": 1,
	"\u1D2E": 1,
	"\u1D2F": 1,
	"\u1D30": 1,
	"\u1D31": 1,
	"\u1D32": 1,
	"\u1D33": 1,
	"\u1D34": 1,
	"\u1D35": 1,
	"\u1D36": 1,
	"\u1D37": 1,
	"\u1D38": 1,
	"\u1D39": 1,
	"\u1D3A": 1,
	"\u1D3B": 1,
	"\u1D3C": 1,
	"\u1D3D": 1,
	"\u1D3E": 1,
	"\u1D3F": 1,
	"\u1D40": 1,
	"\u1D41": 1,
	"\u1D42": 1,
	"\u1D43": 1,
	"\u1D44": 1,
	"\u1D45": 1,
	"\u1D46": 1,
	"\u1D47": 1,
	"\u1D48": 1,
	"\u1D49": 1,
	"\u1D4A": 1,
	"\u1D4B": 1,
	"\u1D4C": 1,
	"\u1D4D": 1,
	"\u1D4E": 1,
	"\u1D4F": 1,
	"\u1D50": 1,
	"\u1D51": 1,
	"\u1D52": 1,
	"\u1D53": 1,
	"\u1D54": 1,
	"\u1D55": 1,
	"\u1D56": 1,
	"\u1D57": 1,
	"\u1D58": 1,
	"\u1D59": 1,
	"\u1D5A": 1,
	"\u1D5B": 1,
	"\u1D5C": 1,
	"\u1D5D": 1,
	"\u1D5E": 1,
	"\u1D5F": 1,
	"\u1D60": 1,
	"\u1D61": 1,
	"\u1D78": 1,
	"\u1D9B": 1,
	"\u1D9C": 1,
	"\u1D9D": 1,
	"\u1D9E": 1,
	"\u1D9F": 1,
	"\u1DA0": 1,
	"\u1DA1": 1,
	"\u1DA2": 1,
	"\u1DA3": 1,
	"\u1DA4": 1,
	"\u1DA5": 1,
	"\u1DA6": 1,
	"\u1DA7": 1,
	"\u1DA8": 1,
	"\u1DA9": 1,
	"\u1DAA": 1,
	"\u1DAB": 1,
	"\u1DAC": 1,
	"\u1DAD": 1,
	"\u1DAE": 1,
	"\u1DAF": 1,
	"\u1DB0": 1,
	"\u1DB1": 1,
	"\u1DB2": 1,
	"\u1DB3": 1,
	"\u1DB4": 1,
	"\u1DB5": 1,
	"\u1DB6": 1,
	"\u1DB7": 1,
	"\u1DB8": 1,
	"\u1DB9": 1,
	"\u1DBA": 1,
	"\u1DBB": 1,
	"\u1DBC": 1,
	"\u1DBD": 1,
	"\u1DBE": 1,
	"\u1DBF": 1,
	"\u2071": 1,
	"\u207F": 1,
	"\u2090": 1,
	"\u2091": 1,
	"\u2092": 1,
	"\u2093": 1,
	"\u2094": 1,
	"\u2C7D": 1,
	"\u2D6F": 1,
	"\u2E2F": 1,
	"\u3005": 1,
	"\u3031": 1,
	"\u3032": 1,
	"\u3033": 1,
	"\u3034": 1,
	"\u3035": 1,
	"\u303B": 1,
	"\u309D": 1,
	"\u309E": 1,
	"\u30FC": 1,
	"\u30FD": 1,
	"\u30FE": 1,
	"\uA015": 1,
	"\uA4F8": 1,
	"\uA4F9": 1,
	"\uA4FA": 1,
	"\uA4FB": 1,
	"\uA4FC": 1,
	"\uA4FD": 1,
	"\uA60C": 1,
	"\uA67F": 1,
	"\uA717": 1,
	"\uA718": 1,
	"\uA719": 1,
	"\uA71A": 1,
	"\uA71B": 1,
	"\uA71C": 1,
	"\uA71D": 1,
	"\uA71E": 1,
	"\uA71F": 1,
	"\uA770": 1,
	"\uA788": 1,
	"\uA9CF": 1,
	"\uAA70": 1,
	"\uAADD": 1,
	"\uFF70": 1,
	"\uFF9E": 1,
	"\uFF9F": 1,
	"\u01BB": 1,
	"\u01C0": 1,
	"\u01C1": 1,
	"\u01C2": 1,
	"\u01C3": 1,
	"\u0294": 1,
	"\u05D0": 1,
	"\u05D1": 1,
	"\u05D2": 1,
	"\u05D3": 1,
	"\u05D4": 1,
	"\u05D5": 1,
	"\u05D6": 1,
	"\u05D7": 1,
	"\u05D8": 1,
	"\u05D9": 1,
	"\u05DA": 1,
	"\u05DB": 1,
	"\u05DC": 1,
	"\u05DD": 1,
	"\u05DE": 1,
	"\u05DF": 1,
	"\u05E0": 1,
	"\u05E1": 1,
	"\u05E2": 1,
	"\u05E3": 1,
	"\u05E4": 1,
	"\u05E5": 1,
	"\u05E6": 1,
	"\u05E7": 1,
	"\u05E8": 1,
	"\u05E9": 1,
	"\u05EA": 1,
	"\u05F0": 1,
	"\u05F1": 1,
	"\u05F2": 1,
	"\u0621": 1,
	"\u0622": 1,
	"\u0623": 1,
	"\u0624": 1,
	"\u0625": 1,
	"\u0626": 1,
	"\u0627": 1,
	"\u0628": 1,
	"\u0629": 1,
	"\u062A": 1,
	"\u062B": 1,
	"\u062C": 1,
	"\u062D": 1,
	"\u062E": 1,
	"\u062F": 1,
	"\u0630": 1,
	"\u0631": 1,
	"\u0632": 1,
	"\u0633": 1,
	"\u0634": 1,
	"\u0635": 1,
	"\u0636": 1,
	"\u0637": 1,
	"\u0638": 1,
	"\u0639": 1,
	"\u063A": 1,
	"\u063B": 1,
	"\u063C": 1,
	"\u063D": 1,
	"\u063E": 1,
	"\u063F": 1,
	"\u0641": 1,
	"\u0642": 1,
	"\u0643": 1,
	"\u0644": 1,
	"\u0645": 1,
	"\u0646": 1,
	"\u0647": 1,
	"\u0648": 1,
	"\u0649": 1,
	"\u064A": 1,
	"\u066E": 1,
	"\u066F": 1,
	"\u0671": 1,
	"\u0672": 1,
	"\u0673": 1,
	"\u0674": 1,
	"\u0675": 1,
	"\u0676": 1,
	"\u0677": 1,
	"\u0678": 1,
	"\u0679": 1,
	"\u067A": 1,
	"\u067B": 1,
	"\u067C": 1,
	"\u067D": 1,
	"\u067E": 1,
	"\u067F": 1,
	"\u0680": 1,
	"\u0681": 1,
	"\u0682": 1,
	"\u0683": 1,
	"\u0684": 1,
	"\u0685": 1,
	"\u0686": 1,
	"\u0687": 1,
	"\u0688": 1,
	"\u0689": 1,
	"\u068A": 1,
	"\u068B": 1,
	"\u068C": 1,
	"\u068D": 1,
	"\u068E": 1,
	"\u068F": 1,
	"\u0690": 1,
	"\u0691": 1,
	"\u0692": 1,
	"\u0693": 1,
	"\u0694": 1,
	"\u0695": 1,
	"\u0696": 1,
	"\u0697": 1,
	"\u0698": 1,
	"\u0699": 1,
	"\u069A": 1,
	"\u069B": 1,
	"\u069C": 1,
	"\u069D": 1,
	"\u069E": 1,
	"\u069F": 1,
	"\u06A0": 1,
	"\u06A1": 1,
	"\u06A2": 1,
	"\u06A3": 1,
	"\u06A4": 1,
	"\u06A5": 1,
	"\u06A6": 1,
	"\u06A7": 1,
	"\u06A8": 1,
	"\u06A9": 1,
	"\u06AA": 1,
	"\u06AB": 1,
	"\u06AC": 1,
	"\u06AD": 1,
	"\u06AE": 1,
	"\u06AF": 1,
	"\u06B0": 1,
	"\u06B1": 1,
	"\u06B2": 1,
	"\u06B3": 1,
	"\u06B4": 1,
	"\u06B5": 1,
	"\u06B6": 1,
	"\u06B7": 1,
	"\u06B8": 1,
	"\u06B9": 1,
	"\u06BA": 1,
	"\u06BB": 1,
	"\u06BC": 1,
	"\u06BD": 1,
	"\u06BE": 1,
	"\u06BF": 1,
	"\u06C0": 1,
	"\u06C1": 1,
	"\u06C2": 1,
	"\u06C3": 1,
	"\u06C4": 1,
	"\u06C5": 1,
	"\u06C6": 1,
	"\u06C7": 1,
	"\u06C8": 1,
	"\u06C9": 1,
	"\u06CA": 1,
	"\u06CB": 1,
	"\u06CC": 1,
	"\u06CD": 1,
	"\u06CE": 1,
	"\u06CF": 1,
	"\u06D0": 1,
	"\u06D1": 1,
	"\u06D2": 1,
	"\u06D3": 1,
	"\u06D5": 1,
	"\u06EE": 1,
	"\u06EF": 1,
	"\u06FA": 1,
	"\u06FB": 1,
	"\u06FC": 1,
	"\u06FF": 1,
	"\u0710": 1,
	"\u0712": 1,
	"\u0713": 1,
	"\u0714": 1,
	"\u0715": 1,
	"\u0716": 1,
	"\u0717": 1,
	"\u0718": 1,
	"\u0719": 1,
	"\u071A": 1,
	"\u071B": 1,
	"\u071C": 1,
	"\u071D": 1,
	"\u071E": 1,
	"\u071F": 1,
	"\u0720": 1,
	"\u0721": 1,
	"\u0722": 1,
	"\u0723": 1,
	"\u0724": 1,
	"\u0725": 1,
	"\u0726": 1,
	"\u0727": 1,
	"\u0728": 1,
	"\u0729": 1,
	"\u072A": 1,
	"\u072B": 1,
	"\u072C": 1,
	"\u072D": 1,
	"\u072E": 1,
	"\u072F": 1,
	"\u074D": 1,
	"\u074E": 1,
	"\u074F": 1,
	"\u0750": 1,
	"\u0751": 1,
	"\u0752": 1,
	"\u0753": 1,
	"\u0754": 1,
	"\u0755": 1,
	"\u0756": 1,
	"\u0757": 1,
	"\u0758": 1,
	"\u0759": 1,
	"\u075A": 1,
	"\u075B": 1,
	"\u075C": 1,
	"\u075D": 1,
	"\u075E": 1,
	"\u075F": 1,
	"\u0760": 1,
	"\u0761": 1,
	"\u0762": 1,
	"\u0763": 1,
	"\u0764": 1,
	"\u0765": 1,
	"\u0766": 1,
	"\u0767": 1,
	"\u0768": 1,
	"\u0769": 1,
	"\u076A": 1,
	"\u076B": 1,
	"\u076C": 1,
	"\u076D": 1,
	"\u076E": 1,
	"\u076F": 1,
	"\u0770": 1,
	"\u0771": 1,
	"\u0772": 1,
	"\u0773": 1,
	"\u0774": 1,
	"\u0775": 1,
	"\u0776": 1,
	"\u0777": 1,
	"\u0778": 1,
	"\u0779": 1,
	"\u077A": 1,
	"\u077B": 1,
	"\u077C": 1,
	"\u077D": 1,
	"\u077E": 1,
	"\u077F": 1,
	"\u0780": 1,
	"\u0781": 1,
	"\u0782": 1,
	"\u0783": 1,
	"\u0784": 1,
	"\u0785": 1,
	"\u0786": 1,
	"\u0787": 1,
	"\u0788": 1,
	"\u0789": 1,
	"\u078A": 1,
	"\u078B": 1,
	"\u078C": 1,
	"\u078D": 1,
	"\u078E": 1,
	"\u078F": 1,
	"\u0790": 1,
	"\u0791": 1,
	"\u0792": 1,
	"\u0793": 1,
	"\u0794": 1,
	"\u0795": 1,
	"\u0796": 1,
	"\u0797": 1,
	"\u0798": 1,
	"\u0799": 1,
	"\u079A": 1,
	"\u079B": 1,
	"\u079C": 1,
	"\u079D": 1,
	"\u079E": 1,
	"\u079F": 1,
	"\u07A0": 1,
	"\u07A1": 1,
	"\u07A2": 1,
	"\u07A3": 1,
	"\u07A4": 1,
	"\u07A5": 1,
	"\u07B1": 1,
	"\u07CA": 1,
	"\u07CB": 1,
	"\u07CC": 1,
	"\u07CD": 1,
	"\u07CE": 1,
	"\u07CF": 1,
	"\u07D0": 1,
	"\u07D1": 1,
	"\u07D2": 1,
	"\u07D3": 1,
	"\u07D4": 1,
	"\u07D5": 1,
	"\u07D6": 1,
	"\u07D7": 1,
	"\u07D8": 1,
	"\u07D9": 1,
	"\u07DA": 1,
	"\u07DB": 1,
	"\u07DC": 1,
	"\u07DD": 1,
	"\u07DE": 1,
	"\u07DF": 1,
	"\u07E0": 1,
	"\u07E1": 1,
	"\u07E2": 1,
	"\u07E3": 1,
	"\u07E4": 1,
	"\u07E5": 1,
	"\u07E6": 1,
	"\u07E7": 1,
	"\u07E8": 1,
	"\u07E9": 1,
	"\u07EA": 1,
	"\u0800": 1,
	"\u0801": 1,
	"\u0802": 1,
	"\u0803": 1,
	"\u0804": 1,
	"\u0805": 1,
	"\u0806": 1,
	"\u0807": 1,
	"\u0808": 1,
	"\u0809": 1,
	"\u080A": 1,
	"\u080B": 1,
	"\u080C": 1,
	"\u080D": 1,
	"\u080E": 1,
	"\u080F": 1,
	"\u0810": 1,
	"\u0811": 1,
	"\u0812": 1,
	"\u0813": 1,
	"\u0814": 1,
	"\u0815": 1,
	"\u0904": 1,
	"\u0905": 1,
	"\u0906": 1,
	"\u0907": 1,
	"\u0908": 1,
	"\u0909": 1,
	"\u090A": 1,
	"\u090B": 1,
	"\u090C": 1,
	"\u090D": 1,
	"\u090E": 1,
	"\u090F": 1,
	"\u0910": 1,
	"\u0911": 1,
	"\u0912": 1,
	"\u0913": 1,
	"\u0914": 1,
	"\u0915": 1,
	"\u0916": 1,
	"\u0917": 1,
	"\u0918": 1,
	"\u0919": 1,
	"\u091A": 1,
	"\u091B": 1,
	"\u091C": 1,
	"\u091D": 1,
	"\u091E": 1,
	"\u091F": 1,
	"\u0920": 1,
	"\u0921": 1,
	"\u0922": 1,
	"\u0923": 1,
	"\u0924": 1,
	"\u0925": 1,
	"\u0926": 1,
	"\u0927": 1,
	"\u0928": 1,
	"\u0929": 1,
	"\u092A": 1,
	"\u092B": 1,
	"\u092C": 1,
	"\u092D": 1,
	"\u092E": 1,
	"\u092F": 1,
	"\u0930": 1,
	"\u0931": 1,
	"\u0932": 1,
	"\u0933": 1,
	"\u0934": 1,
	"\u0935": 1,
	"\u0936": 1,
	"\u0937": 1,
	"\u0938": 1,
	"\u0939": 1,
	"\u093D": 1,
	"\u0950": 1,
	"\u0958": 1,
	"\u0959": 1,
	"\u095A": 1,
	"\u095B": 1,
	"\u095C": 1,
	"\u095D": 1,
	"\u095E": 1,
	"\u095F": 1,
	"\u0960": 1,
	"\u0961": 1,
	"\u0972": 1,
	"\u0979": 1,
	"\u097A": 1,
	"\u097B": 1,
	"\u097C": 1,
	"\u097D": 1,
	"\u097E": 1,
	"\u097F": 1,
	"\u0985": 1,
	"\u0986": 1,
	"\u0987": 1,
	"\u0988": 1,
	"\u0989": 1,
	"\u098A": 1,
	"\u098B": 1,
	"\u098C": 1,
	"\u098F": 1,
	"\u0990": 1,
	"\u0993": 1,
	"\u0994": 1,
	"\u0995": 1,
	"\u0996": 1,
	"\u0997": 1,
	"\u0998": 1,
	"\u0999": 1,
	"\u099A": 1,
	"\u099B": 1,
	"\u099C": 1,
	"\u099D": 1,
	"\u099E": 1,
	"\u099F": 1,
	"\u09A0": 1,
	"\u09A1": 1,
	"\u09A2": 1,
	"\u09A3": 1,
	"\u09A4": 1,
	"\u09A5": 1,
	"\u09A6": 1,
	"\u09A7": 1,
	"\u09A8": 1,
	"\u09AA": 1,
	"\u09AB": 1,
	"\u09AC": 1,
	"\u09AD": 1,
	"\u09AE": 1,
	"\u09AF": 1,
	"\u09B0": 1,
	"\u09B2": 1,
	"\u09B6": 1,
	"\u09B7": 1,
	"\u09B8": 1,
	"\u09B9": 1,
	"\u09BD": 1,
	"\u09CE": 1,
	"\u09DC": 1,
	"\u09DD": 1,
	"\u09DF": 1,
	"\u09E0": 1,
	"\u09E1": 1,
	"\u09F0": 1,
	"\u09F1": 1,
	"\u0A05": 1,
	"\u0A06": 1,
	"\u0A07": 1,
	"\u0A08": 1,
	"\u0A09": 1,
	"\u0A0A": 1,
	"\u0A0F": 1,
	"\u0A10": 1,
	"\u0A13": 1,
	"\u0A14": 1,
	"\u0A15": 1,
	"\u0A16": 1,
	"\u0A17": 1,
	"\u0A18": 1,
	"\u0A19": 1,
	"\u0A1A": 1,
	"\u0A1B": 1,
	"\u0A1C": 1,
	"\u0A1D": 1,
	"\u0A1E": 1,
	"\u0A1F": 1,
	"\u0A20": 1,
	"\u0A21": 1,
	"\u0A22": 1,
	"\u0A23": 1,
	"\u0A24": 1,
	"\u0A25": 1,
	"\u0A26": 1,
	"\u0A27": 1,
	"\u0A28": 1,
	"\u0A2A": 1,
	"\u0A2B": 1,
	"\u0A2C": 1,
	"\u0A2D": 1,
	"\u0A2E": 1,
	"\u0A2F": 1,
	"\u0A30": 1,
	"\u0A32": 1,
	"\u0A33": 1,
	"\u0A35": 1,
	"\u0A36": 1,
	"\u0A38": 1,
	"\u0A39": 1,
	"\u0A59": 1,
	"\u0A5A": 1,
	"\u0A5B": 1,
	"\u0A5C": 1,
	"\u0A5E": 1,
	"\u0A72": 1,
	"\u0A73": 1,
	"\u0A74": 1,
	"\u0A85": 1,
	"\u0A86": 1,
	"\u0A87": 1,
	"\u0A88": 1,
	"\u0A89": 1,
	"\u0A8A": 1,
	"\u0A8B": 1,
	"\u0A8C": 1,
	"\u0A8D": 1,
	"\u0A8F": 1,
	"\u0A90": 1,
	"\u0A91": 1,
	"\u0A93": 1,
	"\u0A94": 1,
	"\u0A95": 1,
	"\u0A96": 1,
	"\u0A97": 1,
	"\u0A98": 1,
	"\u0A99": 1,
	"\u0A9A": 1,
	"\u0A9B": 1,
	"\u0A9C": 1,
	"\u0A9D": 1,
	"\u0A9E": 1,
	"\u0A9F": 1,
	"\u0AA0": 1,
	"\u0AA1": 1,
	"\u0AA2": 1,
	"\u0AA3": 1,
	"\u0AA4": 1,
	"\u0AA5": 1,
	"\u0AA6": 1,
	"\u0AA7": 1,
	"\u0AA8": 1,
	"\u0AAA": 1,
	"\u0AAB": 1,
	"\u0AAC": 1,
	"\u0AAD": 1,
	"\u0AAE": 1,
	"\u0AAF": 1,
	"\u0AB0": 1,
	"\u0AB2": 1,
	"\u0AB3": 1,
	"\u0AB5": 1,
	"\u0AB6": 1,
	"\u0AB7": 1,
	"\u0AB8": 1,
	"\u0AB9": 1,
	"\u0ABD": 1,
	"\u0AD0": 1,
	"\u0AE0": 1,
	"\u0AE1": 1,
	"\u0B05": 1,
	"\u0B06": 1,
	"\u0B07": 1,
	"\u0B08": 1,
	"\u0B09": 1,
	"\u0B0A": 1,
	"\u0B0B": 1,
	"\u0B0C": 1,
	"\u0B0F": 1,
	"\u0B10": 1,
	"\u0B13": 1,
	"\u0B14": 1,
	"\u0B15": 1,
	"\u0B16": 1,
	"\u0B17": 1,
	"\u0B18": 1,
	"\u0B19": 1,
	"\u0B1A": 1,
	"\u0B1B": 1,
	"\u0B1C": 1,
	"\u0B1D": 1,
	"\u0B1E": 1,
	"\u0B1F": 1,
	"\u0B20": 1,
	"\u0B21": 1,
	"\u0B22": 1,
	"\u0B23": 1,
	"\u0B24": 1,
	"\u0B25": 1,
	"\u0B26": 1,
	"\u0B27": 1,
	"\u0B28": 1,
	"\u0B2A": 1,
	"\u0B2B": 1,
	"\u0B2C": 1,
	"\u0B2D": 1,
	"\u0B2E": 1,
	"\u0B2F": 1,
	"\u0B30": 1,
	"\u0B32": 1,
	"\u0B33": 1,
	"\u0B35": 1,
	"\u0B36": 1,
	"\u0B37": 1,
	"\u0B38": 1,
	"\u0B39": 1,
	"\u0B3D": 1,
	"\u0B5C": 1,
	"\u0B5D": 1,
	"\u0B5F": 1,
	"\u0B60": 1,
	"\u0B61": 1,
	"\u0B71": 1,
	"\u0B83": 1,
	"\u0B85": 1,
	"\u0B86": 1,
	"\u0B87": 1,
	"\u0B88": 1,
	"\u0B89": 1,
	"\u0B8A": 1,
	"\u0B8E": 1,
	"\u0B8F": 1,
	"\u0B90": 1,
	"\u0B92": 1,
	"\u0B93": 1,
	"\u0B94": 1,
	"\u0B95": 1,
	"\u0B99": 1,
	"\u0B9A": 1,
	"\u0B9C": 1,
	"\u0B9E": 1,
	"\u0B9F": 1,
	"\u0BA3": 1,
	"\u0BA4": 1,
	"\u0BA8": 1,
	"\u0BA9": 1,
	"\u0BAA": 1,
	"\u0BAE": 1,
	"\u0BAF": 1,
	"\u0BB0": 1,
	"\u0BB1": 1,
	"\u0BB2": 1,
	"\u0BB3": 1,
	"\u0BB4": 1,
	"\u0BB5": 1,
	"\u0BB6": 1,
	"\u0BB7": 1,
	"\u0BB8": 1,
	"\u0BB9": 1,
	"\u0BD0": 1,
	"\u0C05": 1,
	"\u0C06": 1,
	"\u0C07": 1,
	"\u0C08": 1,
	"\u0C09": 1,
	"\u0C0A": 1,
	"\u0C0B": 1,
	"\u0C0C": 1,
	"\u0C0E": 1,
	"\u0C0F": 1,
	"\u0C10": 1,
	"\u0C12": 1,
	"\u0C13": 1,
	"\u0C14": 1,
	"\u0C15": 1,
	"\u0C16": 1,
	"\u0C17": 1,
	"\u0C18": 1,
	"\u0C19": 1,
	"\u0C1A": 1,
	"\u0C1B": 1,
	"\u0C1C": 1,
	"\u0C1D": 1,
	"\u0C1E": 1,
	"\u0C1F": 1,
	"\u0C20": 1,
	"\u0C21": 1,
	"\u0C22": 1,
	"\u0C23": 1,
	"\u0C24": 1,
	"\u0C25": 1,
	"\u0C26": 1,
	"\u0C27": 1,
	"\u0C28": 1,
	"\u0C2A": 1,
	"\u0C2B": 1,
	"\u0C2C": 1,
	"\u0C2D": 1,
	"\u0C2E": 1,
	"\u0C2F": 1,
	"\u0C30": 1,
	"\u0C31": 1,
	"\u0C32": 1,
	"\u0C33": 1,
	"\u0C35": 1,
	"\u0C36": 1,
	"\u0C37": 1,
	"\u0C38": 1,
	"\u0C39": 1,
	"\u0C3D": 1,
	"\u0C58": 1,
	"\u0C59": 1,
	"\u0C60": 1,
	"\u0C61": 1,
	"\u0C85": 1,
	"\u0C86": 1,
	"\u0C87": 1,
	"\u0C88": 1,
	"\u0C89": 1,
	"\u0C8A": 1,
	"\u0C8B": 1,
	"\u0C8C": 1,
	"\u0C8E": 1,
	"\u0C8F": 1,
	"\u0C90": 1,
	"\u0C92": 1,
	"\u0C93": 1,
	"\u0C94": 1,
	"\u0C95": 1,
	"\u0C96": 1,
	"\u0C97": 1,
	"\u0C98": 1,
	"\u0C99": 1,
	"\u0C9A": 1,
	"\u0C9B": 1,
	"\u0C9C": 1,
	"\u0C9D": 1,
	"\u0C9E": 1,
	"\u0C9F": 1,
	"\u0CA0": 1,
	"\u0CA1": 1,
	"\u0CA2": 1,
	"\u0CA3": 1,
	"\u0CA4": 1,
	"\u0CA5": 1,
	"\u0CA6": 1,
	"\u0CA7": 1,
	"\u0CA8": 1,
	"\u0CAA": 1,
	"\u0CAB": 1,
	"\u0CAC": 1,
	"\u0CAD": 1,
	"\u0CAE": 1,
	"\u0CAF": 1,
	"\u0CB0": 1,
	"\u0CB1": 1,
	"\u0CB2": 1,
	"\u0CB3": 1,
	"\u0CB5": 1,
	"\u0CB6": 1,
	"\u0CB7": 1,
	"\u0CB8": 1,
	"\u0CB9": 1,
	"\u0CBD": 1,
	"\u0CDE": 1,
	"\u0CE0": 1,
	"\u0CE1": 1,
	"\u0D05": 1,
	"\u0D06": 1,
	"\u0D07": 1,
	"\u0D08": 1,
	"\u0D09": 1,
	"\u0D0A": 1,
	"\u0D0B": 1,
	"\u0D0C": 1,
	"\u0D0E": 1,
	"\u0D0F": 1,
	"\u0D10": 1,
	"\u0D12": 1,
	"\u0D13": 1,
	"\u0D14": 1,
	"\u0D15": 1,
	"\u0D16": 1,
	"\u0D17": 1,
	"\u0D18": 1,
	"\u0D19": 1,
	"\u0D1A": 1,
	"\u0D1B": 1,
	"\u0D1C": 1,
	"\u0D1D": 1,
	"\u0D1E": 1,
	"\u0D1F": 1,
	"\u0D20": 1,
	"\u0D21": 1,
	"\u0D22": 1,
	"\u0D23": 1,
	"\u0D24": 1,
	"\u0D25": 1,
	"\u0D26": 1,
	"\u0D27": 1,
	"\u0D28": 1,
	"\u0D2A": 1,
	"\u0D2B": 1,
	"\u0D2C": 1,
	"\u0D2D": 1,
	"\u0D2E": 1,
	"\u0D2F": 1,
	"\u0D30": 1,
	"\u0D31": 1,
	"\u0D32": 1,
	"\u0D33": 1,
	"\u0D34": 1,
	"\u0D35": 1,
	"\u0D36": 1,
	"\u0D37": 1,
	"\u0D38": 1,
	"\u0D39": 1,
	"\u0D3D": 1,
	"\u0D60": 1,
	"\u0D61": 1,
	"\u0D7A": 1,
	"\u0D7B": 1,
	"\u0D7C": 1,
	"\u0D7D": 1,
	"\u0D7E": 1,
	"\u0D7F": 1,
	"\u0D85": 1,
	"\u0D86": 1,
	"\u0D87": 1,
	"\u0D88": 1,
	"\u0D89": 1,
	"\u0D8A": 1,
	"\u0D8B": 1,
	"\u0D8C": 1,
	"\u0D8D": 1,
	"\u0D8E": 1,
	"\u0D8F": 1,
	"\u0D90": 1,
	"\u0D91": 1,
	"\u0D92": 1,
	"\u0D93": 1,
	"\u0D94": 1,
	"\u0D95": 1,
	"\u0D96": 1,
	"\u0D9A": 1,
	"\u0D9B": 1,
	"\u0D9C": 1,
	"\u0D9D": 1,
	"\u0D9E": 1,
	"\u0D9F": 1,
	"\u0DA0": 1,
	"\u0DA1": 1,
	"\u0DA2": 1,
	"\u0DA3": 1,
	"\u0DA4": 1,
	"\u0DA5": 1,
	"\u0DA6": 1,
	"\u0DA7": 1,
	"\u0DA8": 1,
	"\u0DA9": 1,
	"\u0DAA": 1,
	"\u0DAB": 1,
	"\u0DAC": 1,
	"\u0DAD": 1,
	"\u0DAE": 1,
	"\u0DAF": 1,
	"\u0DB0": 1,
	"\u0DB1": 1,
	"\u0DB3": 1,
	"\u0DB4": 1,
	"\u0DB5": 1,
	"\u0DB6": 1,
	"\u0DB7": 1,
	"\u0DB8": 1,
	"\u0DB9": 1,
	"\u0DBA": 1,
	"\u0DBB": 1,
	"\u0DBD": 1,
	"\u0DC0": 1,
	"\u0DC1": 1,
	"\u0DC2": 1,
	"\u0DC3": 1,
	"\u0DC4": 1,
	"\u0DC5": 1,
	"\u0DC6": 1,
	"\u0E01": 1,
	"\u0E02": 1,
	"\u0E03": 1,
	"\u0E04": 1,
	"\u0E05": 1,
	"\u0E06": 1,
	"\u0E07": 1,
	"\u0E08": 1,
	"\u0E09": 1,
	"\u0E0A": 1,
	"\u0E0B": 1,
	"\u0E0C": 1,
	"\u0E0D": 1,
	"\u0E0E": 1,
	"\u0E0F": 1,
	"\u0E10": 1,
	"\u0E11": 1,
	"\u0E12": 1,
	"\u0E13": 1,
	"\u0E14": 1,
	"\u0E15": 1,
	"\u0E16": 1,
	"\u0E17": 1,
	"\u0E18": 1,
	"\u0E19": 1,
	"\u0E1A": 1,
	"\u0E1B": 1,
	"\u0E1C": 1,
	"\u0E1D": 1,
	"\u0E1E": 1,
	"\u0E1F": 1,
	"\u0E20": 1,
	"\u0E21": 1,
	"\u0E22": 1,
	"\u0E23": 1,
	"\u0E24": 1,
	"\u0E25": 1,
	"\u0E26": 1,
	"\u0E27": 1,
	"\u0E28": 1,
	"\u0E29": 1,
	"\u0E2A": 1,
	"\u0E2B": 1,
	"\u0E2C": 1,
	"\u0E2D": 1,
	"\u0E2E": 1,
	"\u0E2F": 1,
	"\u0E30": 1,
	"\u0E32": 1,
	"\u0E33": 1,
	"\u0E40": 1,
	"\u0E41": 1,
	"\u0E42": 1,
	"\u0E43": 1,
	"\u0E44": 1,
	"\u0E45": 1,
	"\u0E81": 1,
	"\u0E82": 1,
	"\u0E84": 1,
	"\u0E87": 1,
	"\u0E88": 1,
	"\u0E8A": 1,
	"\u0E8D": 1,
	"\u0E94": 1,
	"\u0E95": 1,
	"\u0E96": 1,
	"\u0E97": 1,
	"\u0E99": 1,
	"\u0E9A": 1,
	"\u0E9B": 1,
	"\u0E9C": 1,
	"\u0E9D": 1,
	"\u0E9E": 1,
	"\u0E9F": 1,
	"\u0EA1": 1,
	"\u0EA2": 1,
	"\u0EA3": 1,
	"\u0EA5": 1,
	"\u0EA7": 1,
	"\u0EAA": 1,
	"\u0EAB": 1,
	"\u0EAD": 1,
	"\u0EAE": 1,
	"\u0EAF": 1,
	"\u0EB0": 1,
	"\u0EB2": 1,
	"\u0EB3": 1,
	"\u0EBD": 1,
	"\u0EC0": 1,
	"\u0EC1": 1,
	"\u0EC2": 1,
	"\u0EC3": 1,
	"\u0EC4": 1,
	"\u0EDC": 1,
	"\u0EDD": 1,
	"\u0F00": 1,
	"\u0F40": 1,
	"\u0F41": 1,
	"\u0F42": 1,
	"\u0F43": 1,
	"\u0F44": 1,
	"\u0F45": 1,
	"\u0F46": 1,
	"\u0F47": 1,
	"\u0F49": 1,
	"\u0F4A": 1,
	"\u0F4B": 1,
	"\u0F4C": 1,
	"\u0F4D": 1,
	"\u0F4E": 1,
	"\u0F4F": 1,
	"\u0F50": 1,
	"\u0F51": 1,
	"\u0F52": 1,
	"\u0F53": 1,
	"\u0F54": 1,
	"\u0F55": 1,
	"\u0F56": 1,
	"\u0F57": 1,
	"\u0F58": 1,
	"\u0F59": 1,
	"\u0F5A": 1,
	"\u0F5B": 1,
	"\u0F5C": 1,
	"\u0F5D": 1,
	"\u0F5E": 1,
	"\u0F5F": 1,
	"\u0F60": 1,
	"\u0F61": 1,
	"\u0F62": 1,
	"\u0F63": 1,
	"\u0F64": 1,
	"\u0F65": 1,
	"\u0F66": 1,
	"\u0F67": 1,
	"\u0F68": 1,
	"\u0F69": 1,
	"\u0F6A": 1,
	"\u0F6B": 1,
	"\u0F6C": 1,
	"\u0F88": 1,
	"\u0F89": 1,
	"\u0F8A": 1,
	"\u0F8B": 1,
	"\u1000": 1,
	"\u1001": 1,
	"\u1002": 1,
	"\u1003": 1,
	"\u1004": 1,
	"\u1005": 1,
	"\u1006": 1,
	"\u1007": 1,
	"\u1008": 1,
	"\u1009": 1,
	"\u100A": 1,
	"\u100B": 1,
	"\u100C": 1,
	"\u100D": 1,
	"\u100E": 1,
	"\u100F": 1,
	"\u1010": 1,
	"\u1011": 1,
	"\u1012": 1,
	"\u1013": 1,
	"\u1014": 1,
	"\u1015": 1,
	"\u1016": 1,
	"\u1017": 1,
	"\u1018": 1,
	"\u1019": 1,
	"\u101A": 1,
	"\u101B": 1,
	"\u101C": 1,
	"\u101D": 1,
	"\u101E": 1,
	"\u101F": 1,
	"\u1020": 1,
	"\u1021": 1,
	"\u1022": 1,
	"\u1023": 1,
	"\u1024": 1,
	"\u1025": 1,
	"\u1026": 1,
	"\u1027": 1,
	"\u1028": 1,
	"\u1029": 1,
	"\u102A": 1,
	"\u103F": 1,
	"\u1050": 1,
	"\u1051": 1,
	"\u1052": 1,
	"\u1053": 1,
	"\u1054": 1,
	"\u1055": 1,
	"\u105A": 1,
	"\u105B": 1,
	"\u105C": 1,
	"\u105D": 1,
	"\u1061": 1,
	"\u1065": 1,
	"\u1066": 1,
	"\u106E": 1,
	"\u106F": 1,
	"\u1070": 1,
	"\u1075": 1,
	"\u1076": 1,
	"\u1077": 1,
	"\u1078": 1,
	"\u1079": 1,
	"\u107A": 1,
	"\u107B": 1,
	"\u107C": 1,
	"\u107D": 1,
	"\u107E": 1,
	"\u107F": 1,
	"\u1080": 1,
	"\u1081": 1,
	"\u108E": 1,
	"\u10D0": 1,
	"\u10D1": 1,
	"\u10D2": 1,
	"\u10D3": 1,
	"\u10D4": 1,
	"\u10D5": 1,
	"\u10D6": 1,
	"\u10D7": 1,
	"\u10D8": 1,
	"\u10D9": 1,
	"\u10DA": 1,
	"\u10DB": 1,
	"\u10DC": 1,
	"\u10DD": 1,
	"\u10DE": 1,
	"\u10DF": 1,
	"\u10E0": 1,
	"\u10E1": 1,
	"\u10E2": 1,
	"\u10E3": 1,
	"\u10E4": 1,
	"\u10E5": 1,
	"\u10E6": 1,
	"\u10E7": 1,
	"\u10E8": 1,
	"\u10E9": 1,
	"\u10EA": 1,
	"\u10EB": 1,
	"\u10EC": 1,
	"\u10ED": 1,
	"\u10EE": 1,
	"\u10EF": 1,
	"\u10F0": 1,
	"\u10F1": 1,
	"\u10F2": 1,
	"\u10F3": 1,
	"\u10F4": 1,
	"\u10F5": 1,
	"\u10F6": 1,
	"\u10F7": 1,
	"\u10F8": 1,
	"\u10F9": 1,
	"\u10FA": 1,
	"\u1200": 1,
	"\u1201": 1,
	"\u1202": 1,
	"\u1203": 1,
	"\u1204": 1,
	"\u1205": 1,
	"\u1206": 1,
	"\u1207": 1,
	"\u1208": 1,
	"\u1209": 1,
	"\u120A": 1,
	"\u120B": 1,
	"\u120C": 1,
	"\u120D": 1,
	"\u120E": 1,
	"\u120F": 1,
	"\u1210": 1,
	"\u1211": 1,
	"\u1212": 1,
	"\u1213": 1,
	"\u1214": 1,
	"\u1215": 1,
	"\u1216": 1,
	"\u1217": 1,
	"\u1218": 1,
	"\u1219": 1,
	"\u121A": 1,
	"\u121B": 1,
	"\u121C": 1,
	"\u121D": 1,
	"\u121E": 1,
	"\u121F": 1,
	"\u1220": 1,
	"\u1221": 1,
	"\u1222": 1,
	"\u1223": 1,
	"\u1224": 1,
	"\u1225": 1,
	"\u1226": 1,
	"\u1227": 1,
	"\u1228": 1,
	"\u1229": 1,
	"\u122A": 1,
	"\u122B": 1,
	"\u122C": 1,
	"\u122D": 1,
	"\u122E": 1,
	"\u122F": 1,
	"\u1230": 1,
	"\u1231": 1,
	"\u1232": 1,
	"\u1233": 1,
	"\u1234": 1,
	"\u1235": 1,
	"\u1236": 1,
	"\u1237": 1,
	"\u1238": 1,
	"\u1239": 1,
	"\u123A": 1,
	"\u123B": 1,
	"\u123C": 1,
	"\u123D": 1,
	"\u123E": 1,
	"\u123F": 1,
	"\u1240": 1,
	"\u1241": 1,
	"\u1242": 1,
	"\u1243": 1,
	"\u1244": 1,
	"\u1245": 1,
	"\u1246": 1,
	"\u1247": 1,
	"\u1248": 1,
	"\u124A": 1,
	"\u124B": 1,
	"\u124C": 1,
	"\u124D": 1,
	"\u1250": 1,
	"\u1251": 1,
	"\u1252": 1,
	"\u1253": 1,
	"\u1254": 1,
	"\u1255": 1,
	"\u1256": 1,
	"\u1258": 1,
	"\u125A": 1,
	"\u125B": 1,
	"\u125C": 1,
	"\u125D": 1,
	"\u1260": 1,
	"\u1261": 1,
	"\u1262": 1,
	"\u1263": 1,
	"\u1264": 1,
	"\u1265": 1,
	"\u1266": 1,
	"\u1267": 1,
	"\u1268": 1,
	"\u1269": 1,
	"\u126A": 1,
	"\u126B": 1,
	"\u126C": 1,
	"\u126D": 1,
	"\u126E": 1,
	"\u126F": 1,
	"\u1270": 1,
	"\u1271": 1,
	"\u1272": 1,
	"\u1273": 1,
	"\u1274": 1,
	"\u1275": 1,
	"\u1276": 1,
	"\u1277": 1,
	"\u1278": 1,
	"\u1279": 1,
	"\u127A": 1,
	"\u127B": 1,
	"\u127C": 1,
	"\u127D": 1,
	"\u127E": 1,
	"\u127F": 1,
	"\u1280": 1,
	"\u1281": 1,
	"\u1282": 1,
	"\u1283": 1,
	"\u1284": 1,
	"\u1285": 1,
	"\u1286": 1,
	"\u1287": 1,
	"\u1288": 1,
	"\u128A": 1,
	"\u128B": 1,
	"\u128C": 1,
	"\u128D": 1,
	"\u1290": 1,
	"\u1291": 1,
	"\u1292": 1,
	"\u1293": 1,
	"\u1294": 1,
	"\u1295": 1,
	"\u1296": 1,
	"\u1297": 1,
	"\u1298": 1,
	"\u1299": 1,
	"\u129A": 1,
	"\u129B": 1,
	"\u129C": 1,
	"\u129D": 1,
	"\u129E": 1,
	"\u129F": 1,
	"\u12A0": 1,
	"\u12A1": 1,
	"\u12A2": 1,
	"\u12A3": 1,
	"\u12A4": 1,
	"\u12A5": 1,
	"\u12A6": 1,
	"\u12A7": 1,
	"\u12A8": 1,
	"\u12A9": 1,
	"\u12AA": 1,
	"\u12AB": 1,
	"\u12AC": 1,
	"\u12AD": 1,
	"\u12AE": 1,
	"\u12AF": 1,
	"\u12B0": 1,
	"\u12B2": 1,
	"\u12B3": 1,
	"\u12B4": 1,
	"\u12B5": 1,
	"\u12B8": 1,
	"\u12B9": 1,
	"\u12BA": 1,
	"\u12BB": 1,
	"\u12BC": 1,
	"\u12BD": 1,
	"\u12BE": 1,
	"\u12C0": 1,
	"\u12C2": 1,
	"\u12C3": 1,
	"\u12C4": 1,
	"\u12C5": 1,
	"\u12C8": 1,
	"\u12C9": 1,
	"\u12CA": 1,
	"\u12CB": 1,
	"\u12CC": 1,
	"\u12CD": 1,
	"\u12CE": 1,
	"\u12CF": 1,
	"\u12D0": 1,
	"\u12D1": 1,
	"\u12D2": 1,
	"\u12D3": 1,
	"\u12D4": 1,
	"\u12D5": 1,
	"\u12D6": 1,
	"\u12D8": 1,
	"\u12D9": 1,
	"\u12DA": 1,
	"\u12DB": 1,
	"\u12DC": 1,
	"\u12DD": 1,
	"\u12DE": 1,
	"\u12DF": 1,
	"\u12E0": 1,
	"\u12E1": 1,
	"\u12E2": 1,
	"\u12E3": 1,
	"\u12E4": 1,
	"\u12E5": 1,
	"\u12E6": 1,
	"\u12E7": 1,
	"\u12E8": 1,
	"\u12E9": 1,
	"\u12EA": 1,
	"\u12EB": 1,
	"\u12EC": 1,
	"\u12ED": 1,
	"\u12EE": 1,
	"\u12EF": 1,
	"\u12F0": 1,
	"\u12F1": 1,
	"\u12F2": 1,
	"\u12F3": 1,
	"\u12F4": 1,
	"\u12F5": 1,
	"\u12F6": 1,
	"\u12F7": 1,
	"\u12F8": 1,
	"\u12F9": 1,
	"\u12FA": 1,
	"\u12FB": 1,
	"\u12FC": 1,
	"\u12FD": 1,
	"\u12FE": 1,
	"\u12FF": 1,
	"\u1300": 1,
	"\u1301": 1,
	"\u1302": 1,
	"\u1303": 1,
	"\u1304": 1,
	"\u1305": 1,
	"\u1306": 1,
	"\u1307": 1,
	"\u1308": 1,
	"\u1309": 1,
	"\u130A": 1,
	"\u130B": 1,
	"\u130C": 1,
	"\u130D": 1,
	"\u130E": 1,
	"\u130F": 1,
	"\u1310": 1,
	"\u1312": 1,
	"\u1313": 1,
	"\u1314": 1,
	"\u1315": 1,
	"\u1318": 1,
	"\u1319": 1,
	"\u131A": 1,
	"\u131B": 1,
	"\u131C": 1,
	"\u131D": 1,
	"\u131E": 1,
	"\u131F": 1,
	"\u1320": 1,
	"\u1321": 1,
	"\u1322": 1,
	"\u1323": 1,
	"\u1324": 1,
	"\u1325": 1,
	"\u1326": 1,
	"\u1327": 1,
	"\u1328": 1,
	"\u1329": 1,
	"\u132A": 1,
	"\u132B": 1,
	"\u132C": 1,
	"\u132D": 1,
	"\u132E": 1,
	"\u132F": 1,
	"\u1330": 1,
	"\u1331": 1,
	"\u1332": 1,
	"\u1333": 1,
	"\u1334": 1,
	"\u1335": 1,
	"\u1336": 1,
	"\u1337": 1,
	"\u1338": 1,
	"\u1339": 1,
	"\u133A": 1,
	"\u133B": 1,
	"\u133C": 1,
	"\u133D": 1,
	"\u133E": 1,
	"\u133F": 1,
	"\u1340": 1,
	"\u1341": 1,
	"\u1342": 1,
	"\u1343": 1,
	"\u1344": 1,
	"\u1345": 1,
	"\u1346": 1,
	"\u1347": 1,
	"\u1348": 1,
	"\u1349": 1,
	"\u134A": 1,
	"\u134B": 1,
	"\u134C": 1,
	"\u134D": 1,
	"\u134E": 1,
	"\u134F": 1,
	"\u1350": 1,
	"\u1351": 1,
	"\u1352": 1,
	"\u1353": 1,
	"\u1354": 1,
	"\u1355": 1,
	"\u1356": 1,
	"\u1357": 1,
	"\u1358": 1,
	"\u1359": 1,
	"\u135A": 1,
	"\u1380": 1,
	"\u1381": 1,
	"\u1382": 1,
	"\u1383": 1,
	"\u1384": 1,
	"\u1385": 1,
	"\u1386": 1,
	"\u1387": 1,
	"\u1388": 1,
	"\u1389": 1,
	"\u138A": 1,
	"\u138B": 1,
	"\u138C": 1,
	"\u138D": 1,
	"\u138E": 1,
	"\u138F": 1,
	"\u13A0": 1,
	"\u13A1": 1,
	"\u13A2": 1,
	"\u13A3": 1,
	"\u13A4": 1,
	"\u13A5": 1,
	"\u13A6": 1,
	"\u13A7": 1,
	"\u13A8": 1,
	"\u13A9": 1,
	"\u13AA": 1,
	"\u13AB": 1,
	"\u13AC": 1,
	"\u13AD": 1,
	"\u13AE": 1,
	"\u13AF": 1,
	"\u13B0": 1,
	"\u13B1": 1,
	"\u13B2": 1,
	"\u13B3": 1,
	"\u13B4": 1,
	"\u13B5": 1,
	"\u13B6": 1,
	"\u13B7": 1,
	"\u13B8": 1,
	"\u13B9": 1,
	"\u13BA": 1,
	"\u13BB": 1,
	"\u13BC": 1,
	"\u13BD": 1,
	"\u13BE": 1,
	"\u13BF": 1,
	"\u13C0": 1,
	"\u13C1": 1,
	"\u13C2": 1,
	"\u13C3": 1,
	"\u13C4": 1,
	"\u13C5": 1,
	"\u13C6": 1,
	"\u13C7": 1,
	"\u13C8": 1,
	"\u13C9": 1,
	"\u13CA": 1,
	"\u13CB": 1,
	"\u13CC": 1,
	"\u13CD": 1,
	"\u13CE": 1,
	"\u13CF": 1,
	"\u13D0": 1,
	"\u13D1": 1,
	"\u13D2": 1,
	"\u13D3": 1,
	"\u13D4": 1,
	"\u13D5": 1,
	"\u13D6": 1,
	"\u13D7": 1,
	"\u13D8": 1,
	"\u13D9": 1,
	"\u13DA": 1,
	"\u13DB": 1,
	"\u13DC": 1,
	"\u13DD": 1,
	"\u13DE": 1,
	"\u13DF": 1,
	"\u13E0": 1,
	"\u13E1": 1,
	"\u13E2": 1,
	"\u13E3": 1,
	"\u13E4": 1,
	"\u13E5": 1,
	"\u13E6": 1,
	"\u13E7": 1,
	"\u13E8": 1,
	"\u13E9": 1,
	"\u13EA": 1,
	"\u13EB": 1,
	"\u13EC": 1,
	"\u13ED": 1,
	"\u13EE": 1,
	"\u13EF": 1,
	"\u13F0": 1,
	"\u13F1": 1,
	"\u13F2": 1,
	"\u13F3": 1,
	"\u13F4": 1,
	"\u1401": 1,
	"\u1402": 1,
	"\u1403": 1,
	"\u1404": 1,
	"\u1405": 1,
	"\u1406": 1,
	"\u1407": 1,
	"\u1408": 1,
	"\u1409": 1,
	"\u140A": 1,
	"\u140B": 1,
	"\u140C": 1,
	"\u140D": 1,
	"\u140E": 1,
	"\u140F": 1,
	"\u1410": 1,
	"\u1411": 1,
	"\u1412": 1,
	"\u1413": 1,
	"\u1414": 1,
	"\u1415": 1,
	"\u1416": 1,
	"\u1417": 1,
	"\u1418": 1,
	"\u1419": 1,
	"\u141A": 1,
	"\u141B": 1,
	"\u141C": 1,
	"\u141D": 1,
	"\u141E": 1,
	"\u141F": 1,
	"\u1420": 1,
	"\u1421": 1,
	"\u1422": 1,
	"\u1423": 1,
	"\u1424": 1,
	"\u1425": 1,
	"\u1426": 1,
	"\u1427": 1,
	"\u1428": 1,
	"\u1429": 1,
	"\u142A": 1,
	"\u142B": 1,
	"\u142C": 1,
	"\u142D": 1,
	"\u142E": 1,
	"\u142F": 1,
	"\u1430": 1,
	"\u1431": 1,
	"\u1432": 1,
	"\u1433": 1,
	"\u1434": 1,
	"\u1435": 1,
	"\u1436": 1,
	"\u1437": 1,
	"\u1438": 1,
	"\u1439": 1,
	"\u143A": 1,
	"\u143B": 1,
	"\u143C": 1,
	"\u143D": 1,
	"\u143E": 1,
	"\u143F": 1,
	"\u1440": 1,
	"\u1441": 1,
	"\u1442": 1,
	"\u1443": 1,
	"\u1444": 1,
	"\u1445": 1,
	"\u1446": 1,
	"\u1447": 1,
	"\u1448": 1,
	"\u1449": 1,
	"\u144A": 1,
	"\u144B": 1,
	"\u144C": 1,
	"\u144D": 1,
	"\u144E": 1,
	"\u144F": 1,
	"\u1450": 1,
	"\u1451": 1,
	"\u1452": 1,
	"\u1453": 1,
	"\u1454": 1,
	"\u1455": 1,
	"\u1456": 1,
	"\u1457": 1,
	"\u1458": 1,
	"\u1459": 1,
	"\u145A": 1,
	"\u145B": 1,
	"\u145C": 1,
	"\u145D": 1,
	"\u145E": 1,
	"\u145F": 1,
	"\u1460": 1,
	"\u1461": 1,
	"\u1462": 1,
	"\u1463": 1,
	"\u1464": 1,
	"\u1465": 1,
	"\u1466": 1,
	"\u1467": 1,
	"\u1468": 1,
	"\u1469": 1,
	"\u146A": 1,
	"\u146B": 1,
	"\u146C": 1,
	"\u146D": 1,
	"\u146E": 1,
	"\u146F": 1,
	"\u1470": 1,
	"\u1471": 1,
	"\u1472": 1,
	"\u1473": 1,
	"\u1474": 1,
	"\u1475": 1,
	"\u1476": 1,
	"\u1477": 1,
	"\u1478": 1,
	"\u1479": 1,
	"\u147A": 1,
	"\u147B": 1,
	"\u147C": 1,
	"\u147D": 1,
	"\u147E": 1,
	"\u147F": 1,
	"\u1480": 1,
	"\u1481": 1,
	"\u1482": 1,
	"\u1483": 1,
	"\u1484": 1,
	"\u1485": 1,
	"\u1486": 1,
	"\u1487": 1,
	"\u1488": 1,
	"\u1489": 1,
	"\u148A": 1,
	"\u148B": 1,
	"\u148C": 1,
	"\u148D": 1,
	"\u148E": 1,
	"\u148F": 1,
	"\u1490": 1,
	"\u1491": 1,
	"\u1492": 1,
	"\u1493": 1,
	"\u1494": 1,
	"\u1495": 1,
	"\u1496": 1,
	"\u1497": 1,
	"\u1498": 1,
	"\u1499": 1,
	"\u149A": 1,
	"\u149B": 1,
	"\u149C": 1,
	"\u149D": 1,
	"\u149E": 1,
	"\u149F": 1,
	"\u14A0": 1,
	"\u14A1": 1,
	"\u14A2": 1,
	"\u14A3": 1,
	"\u14A4": 1,
	"\u14A5": 1,
	"\u14A6": 1,
	"\u14A7": 1,
	"\u14A8": 1,
	"\u14A9": 1,
	"\u14AA": 1,
	"\u14AB": 1,
	"\u14AC": 1,
	"\u14AD": 1,
	"\u14AE": 1,
	"\u14AF": 1,
	"\u14B0": 1,
	"\u14B1": 1,
	"\u14B2": 1,
	"\u14B3": 1,
	"\u14B4": 1,
	"\u14B5": 1,
	"\u14B6": 1,
	"\u14B7": 1,
	"\u14B8": 1,
	"\u14B9": 1,
	"\u14BA": 1,
	"\u14BB": 1,
	"\u14BC": 1,
	"\u14BD": 1,
	"\u14BE": 1,
	"\u14BF": 1,
	"\u14C0": 1,
	"\u14C1": 1,
	"\u14C2": 1,
	"\u14C3": 1,
	"\u14C4": 1,
	"\u14C5": 1,
	"\u14C6": 1,
	"\u14C7": 1,
	"\u14C8": 1,
	"\u14C9": 1,
	"\u14CA": 1,
	"\u14CB": 1,
	"\u14CC": 1,
	"\u14CD": 1,
	"\u14CE": 1,
	"\u14CF": 1,
	"\u14D0": 1,
	"\u14D1": 1,
	"\u14D2": 1,
	"\u14D3": 1,
	"\u14D4": 1,
	"\u14D5": 1,
	"\u14D6": 1,
	"\u14D7": 1,
	"\u14D8": 1,
	"\u14D9": 1,
	"\u14DA": 1,
	"\u14DB": 1,
	"\u14DC": 1,
	"\u14DD": 1,
	"\u14DE": 1,
	"\u14DF": 1,
	"\u14E0": 1,
	"\u14E1": 1,
	"\u14E2": 1,
	"\u14E3": 1,
	"\u14E4": 1,
	"\u14E5": 1,
	"\u14E6": 1,
	"\u14E7": 1,
	"\u14E8": 1,
	"\u14E9": 1,
	"\u14EA": 1,
	"\u14EB": 1,
	"\u14EC": 1,
	"\u14ED": 1,
	"\u14EE": 1,
	"\u14EF": 1,
	"\u14F0": 1,
	"\u14F1": 1,
	"\u14F2": 1,
	"\u14F3": 1,
	"\u14F4": 1,
	"\u14F5": 1,
	"\u14F6": 1,
	"\u14F7": 1,
	"\u14F8": 1,
	"\u14F9": 1,
	"\u14FA": 1,
	"\u14FB": 1,
	"\u14FC": 1,
	"\u14FD": 1,
	"\u14FE": 1,
	"\u14FF": 1,
	"\u1500": 1,
	"\u1501": 1,
	"\u1502": 1,
	"\u1503": 1,
	"\u1504": 1,
	"\u1505": 1,
	"\u1506": 1,
	"\u1507": 1,
	"\u1508": 1,
	"\u1509": 1,
	"\u150A": 1,
	"\u150B": 1,
	"\u150C": 1,
	"\u150D": 1,
	"\u150E": 1,
	"\u150F": 1,
	"\u1510": 1,
	"\u1511": 1,
	"\u1512": 1,
	"\u1513": 1,
	"\u1514": 1,
	"\u1515": 1,
	"\u1516": 1,
	"\u1517": 1,
	"\u1518": 1,
	"\u1519": 1,
	"\u151A": 1,
	"\u151B": 1,
	"\u151C": 1,
	"\u151D": 1,
	"\u151E": 1,
	"\u151F": 1,
	"\u1520": 1,
	"\u1521": 1,
	"\u1522": 1,
	"\u1523": 1,
	"\u1524": 1,
	"\u1525": 1,
	"\u1526": 1,
	"\u1527": 1,
	"\u1528": 1,
	"\u1529": 1,
	"\u152A": 1,
	"\u152B": 1,
	"\u152C": 1,
	"\u152D": 1,
	"\u152E": 1,
	"\u152F": 1,
	"\u1530": 1,
	"\u1531": 1,
	"\u1532": 1,
	"\u1533": 1,
	"\u1534": 1,
	"\u1535": 1,
	"\u1536": 1,
	"\u1537": 1,
	"\u1538": 1,
	"\u1539": 1,
	"\u153A": 1,
	"\u153B": 1,
	"\u153C": 1,
	"\u153D": 1,
	"\u153E": 1,
	"\u153F": 1,
	"\u1540": 1,
	"\u1541": 1,
	"\u1542": 1,
	"\u1543": 1,
	"\u1544": 1,
	"\u1545": 1,
	"\u1546": 1,
	"\u1547": 1,
	"\u1548": 1,
	"\u1549": 1,
	"\u154A": 1,
	"\u154B": 1,
	"\u154C": 1,
	"\u154D": 1,
	"\u154E": 1,
	"\u154F": 1,
	"\u1550": 1,
	"\u1551": 1,
	"\u1552": 1,
	"\u1553": 1,
	"\u1554": 1,
	"\u1555": 1,
	"\u1556": 1,
	"\u1557": 1,
	"\u1558": 1,
	"\u1559": 1,
	"\u155A": 1,
	"\u155B": 1,
	"\u155C": 1,
	"\u155D": 1,
	"\u155E": 1,
	"\u155F": 1,
	"\u1560": 1,
	"\u1561": 1,
	"\u1562": 1,
	"\u1563": 1,
	"\u1564": 1,
	"\u1565": 1,
	"\u1566": 1,
	"\u1567": 1,
	"\u1568": 1,
	"\u1569": 1,
	"\u156A": 1,
	"\u156B": 1,
	"\u156C": 1,
	"\u156D": 1,
	"\u156E": 1,
	"\u156F": 1,
	"\u1570": 1,
	"\u1571": 1,
	"\u1572": 1,
	"\u1573": 1,
	"\u1574": 1,
	"\u1575": 1,
	"\u1576": 1,
	"\u1577": 1,
	"\u1578": 1,
	"\u1579": 1,
	"\u157A": 1,
	"\u157B": 1,
	"\u157C": 1,
	"\u157D": 1,
	"\u157E": 1,
	"\u157F": 1,
	"\u1580": 1,
	"\u1581": 1,
	"\u1582": 1,
	"\u1583": 1,
	"\u1584": 1,
	"\u1585": 1,
	"\u1586": 1,
	"\u1587": 1,
	"\u1588": 1,
	"\u1589": 1,
	"\u158A": 1,
	"\u158B": 1,
	"\u158C": 1,
	"\u158D": 1,
	"\u158E": 1,
	"\u158F": 1,
	"\u1590": 1,
	"\u1591": 1,
	"\u1592": 1,
	"\u1593": 1,
	"\u1594": 1,
	"\u1595": 1,
	"\u1596": 1,
	"\u1597": 1,
	"\u1598": 1,
	"\u1599": 1,
	"\u159A": 1,
	"\u159B": 1,
	"\u159C": 1,
	"\u159D": 1,
	"\u159E": 1,
	"\u159F": 1,
	"\u15A0": 1,
	"\u15A1": 1,
	"\u15A2": 1,
	"\u15A3": 1,
	"\u15A4": 1,
	"\u15A5": 1,
	"\u15A6": 1,
	"\u15A7": 1,
	"\u15A8": 1,
	"\u15A9": 1,
	"\u15AA": 1,
	"\u15AB": 1,
	"\u15AC": 1,
	"\u15AD": 1,
	"\u15AE": 1,
	"\u15AF": 1,
	"\u15B0": 1,
	"\u15B1": 1,
	"\u15B2": 1,
	"\u15B3": 1,
	"\u15B4": 1,
	"\u15B5": 1,
	"\u15B6": 1,
	"\u15B7": 1,
	"\u15B8": 1,
	"\u15B9": 1,
	"\u15BA": 1,
	"\u15BB": 1,
	"\u15BC": 1,
	"\u15BD": 1,
	"\u15BE": 1,
	"\u15BF": 1,
	"\u15C0": 1,
	"\u15C1": 1,
	"\u15C2": 1,
	"\u15C3": 1,
	"\u15C4": 1,
	"\u15C5": 1,
	"\u15C6": 1,
	"\u15C7": 1,
	"\u15C8": 1,
	"\u15C9": 1,
	"\u15CA": 1,
	"\u15CB": 1,
	"\u15CC": 1,
	"\u15CD": 1,
	"\u15CE": 1,
	"\u15CF": 1,
	"\u15D0": 1,
	"\u15D1": 1,
	"\u15D2": 1,
	"\u15D3": 1,
	"\u15D4": 1,
	"\u15D5": 1,
	"\u15D6": 1,
	"\u15D7": 1,
	"\u15D8": 1,
	"\u15D9": 1,
	"\u15DA": 1,
	"\u15DB": 1,
	"\u15DC": 1,
	"\u15DD": 1,
	"\u15DE": 1,
	"\u15DF": 1,
	"\u15E0": 1,
	"\u15E1": 1,
	"\u15E2": 1,
	"\u15E3": 1,
	"\u15E4": 1,
	"\u15E5": 1,
	"\u15E6": 1,
	"\u15E7": 1,
	"\u15E8": 1,
	"\u15E9": 1,
	"\u15EA": 1,
	"\u15EB": 1,
	"\u15EC": 1,
	"\u15ED": 1,
	"\u15EE": 1,
	"\u15EF": 1,
	"\u15F0": 1,
	"\u15F1": 1,
	"\u15F2": 1,
	"\u15F3": 1,
	"\u15F4": 1,
	"\u15F5": 1,
	"\u15F6": 1,
	"\u15F7": 1,
	"\u15F8": 1,
	"\u15F9": 1,
	"\u15FA": 1,
	"\u15FB": 1,
	"\u15FC": 1,
	"\u15FD": 1,
	"\u15FE": 1,
	"\u15FF": 1,
	"\u1600": 1,
	"\u1601": 1,
	"\u1602": 1,
	"\u1603": 1,
	"\u1604": 1,
	"\u1605": 1,
	"\u1606": 1,
	"\u1607": 1,
	"\u1608": 1,
	"\u1609": 1,
	"\u160A": 1,
	"\u160B": 1,
	"\u160C": 1,
	"\u160D": 1,
	"\u160E": 1,
	"\u160F": 1,
	"\u1610": 1,
	"\u1611": 1,
	"\u1612": 1,
	"\u1613": 1,
	"\u1614": 1,
	"\u1615": 1,
	"\u1616": 1,
	"\u1617": 1,
	"\u1618": 1,
	"\u1619": 1,
	"\u161A": 1,
	"\u161B": 1,
	"\u161C": 1,
	"\u161D": 1,
	"\u161E": 1,
	"\u161F": 1,
	"\u1620": 1,
	"\u1621": 1,
	"\u1622": 1,
	"\u1623": 1,
	"\u1624": 1,
	"\u1625": 1,
	"\u1626": 1,
	"\u1627": 1,
	"\u1628": 1,
	"\u1629": 1,
	"\u162A": 1,
	"\u162B": 1,
	"\u162C": 1,
	"\u162D": 1,
	"\u162E": 1,
	"\u162F": 1,
	"\u1630": 1,
	"\u1631": 1,
	"\u1632": 1,
	"\u1633": 1,
	"\u1634": 1,
	"\u1635": 1,
	"\u1636": 1,
	"\u1637": 1,
	"\u1638": 1,
	"\u1639": 1,
	"\u163A": 1,
	"\u163B": 1,
	"\u163C": 1,
	"\u163D": 1,
	"\u163E": 1,
	"\u163F": 1,
	"\u1640": 1,
	"\u1641": 1,
	"\u1642": 1,
	"\u1643": 1,
	"\u1644": 1,
	"\u1645": 1,
	"\u1646": 1,
	"\u1647": 1,
	"\u1648": 1,
	"\u1649": 1,
	"\u164A": 1,
	"\u164B": 1,
	"\u164C": 1,
	"\u164D": 1,
	"\u164E": 1,
	"\u164F": 1,
	"\u1650": 1,
	"\u1651": 1,
	"\u1652": 1,
	"\u1653": 1,
	"\u1654": 1,
	"\u1655": 1,
	"\u1656": 1,
	"\u1657": 1,
	"\u1658": 1,
	"\u1659": 1,
	"\u165A": 1,
	"\u165B": 1,
	"\u165C": 1,
	"\u165D": 1,
	"\u165E": 1,
	"\u165F": 1,
	"\u1660": 1,
	"\u1661": 1,
	"\u1662": 1,
	"\u1663": 1,
	"\u1664": 1,
	"\u1665": 1,
	"\u1666": 1,
	"\u1667": 1,
	"\u1668": 1,
	"\u1669": 1,
	"\u166A": 1,
	"\u166B": 1,
	"\u166C": 1,
	"\u166F": 1,
	"\u1670": 1,
	"\u1671": 1,
	"\u1672": 1,
	"\u1673": 1,
	"\u1674": 1,
	"\u1675": 1,
	"\u1676": 1,
	"\u1677": 1,
	"\u1678": 1,
	"\u1679": 1,
	"\u167A": 1,
	"\u167B": 1,
	"\u167C": 1,
	"\u167D": 1,
	"\u167E": 1,
	"\u167F": 1,
	"\u1681": 1,
	"\u1682": 1,
	"\u1683": 1,
	"\u1684": 1,
	"\u1685": 1,
	"\u1686": 1,
	"\u1687": 1,
	"\u1688": 1,
	"\u1689": 1,
	"\u168A": 1,
	"\u168B": 1,
	"\u168C": 1,
	"\u168D": 1,
	"\u168E": 1,
	"\u168F": 1,
	"\u1690": 1,
	"\u1691": 1,
	"\u1692": 1,
	"\u1693": 1,
	"\u1694": 1,
	"\u1695": 1,
	"\u1696": 1,
	"\u1697": 1,
	"\u1698": 1,
	"\u1699": 1,
	"\u169A": 1,
	"\u16A0": 1,
	"\u16A1": 1,
	"\u16A2": 1,
	"\u16A3": 1,
	"\u16A4": 1,
	"\u16A5": 1,
	"\u16A6": 1,
	"\u16A7": 1,
	"\u16A8": 1,
	"\u16A9": 1,
	"\u16AA": 1,
	"\u16AB": 1,
	"\u16AC": 1,
	"\u16AD": 1,
	"\u16AE": 1,
	"\u16AF": 1,
	"\u16B0": 1,
	"\u16B1": 1,
	"\u16B2": 1,
	"\u16B3": 1,
	"\u16B4": 1,
	"\u16B5": 1,
	"\u16B6": 1,
	"\u16B7": 1,
	"\u16B8": 1,
	"\u16B9": 1,
	"\u16BA": 1,
	"\u16BB": 1,
	"\u16BC": 1,
	"\u16BD": 1,
	"\u16BE": 1,
	"\u16BF": 1,
	"\u16C0": 1,
	"\u16C1": 1,
	"\u16C2": 1,
	"\u16C3": 1,
	"\u16C4": 1,
	"\u16C5": 1,
	"\u16C6": 1,
	"\u16C7": 1,
	"\u16C8": 1,
	"\u16C9": 1,
	"\u16CA": 1,
	"\u16CB": 1,
	"\u16CC": 1,
	"\u16CD": 1,
	"\u16CE": 1,
	"\u16CF": 1,
	"\u16D0": 1,
	"\u16D1": 1,
	"\u16D2": 1,
	"\u16D3": 1,
	"\u16D4": 1,
	"\u16D5": 1,
	"\u16D6": 1,
	"\u16D7": 1,
	"\u16D8": 1,
	"\u16D9": 1,
	"\u16DA": 1,
	"\u16DB": 1,
	"\u16DC": 1,
	"\u16DD": 1,
	"\u16DE": 1,
	"\u16DF": 1,
	"\u16E0": 1,
	"\u16E1": 1,
	"\u16E2": 1,
	"\u16E3": 1,
	"\u16E4": 1,
	"\u16E5": 1,
	"\u16E6": 1,
	"\u16E7": 1,
	"\u16E8": 1,
	"\u16E9": 1,
	"\u16EA": 1,
	"\u1700": 1,
	"\u1701": 1,
	"\u1702": 1,
	"\u1703": 1,
	"\u1704": 1,
	"\u1705": 1,
	"\u1706": 1,
	"\u1707": 1,
	"\u1708": 1,
	"\u1709": 1,
	"\u170A": 1,
	"\u170B": 1,
	"\u170C": 1,
	"\u170E": 1,
	"\u170F": 1,
	"\u1710": 1,
	"\u1711": 1,
	"\u1720": 1,
	"\u1721": 1,
	"\u1722": 1,
	"\u1723": 1,
	"\u1724": 1,
	"\u1725": 1,
	"\u1726": 1,
	"\u1727": 1,
	"\u1728": 1,
	"\u1729": 1,
	"\u172A": 1,
	"\u172B": 1,
	"\u172C": 1,
	"\u172D": 1,
	"\u172E": 1,
	"\u172F": 1,
	"\u1730": 1,
	"\u1731": 1,
	"\u1740": 1,
	"\u1741": 1,
	"\u1742": 1,
	"\u1743": 1,
	"\u1744": 1,
	"\u1745": 1,
	"\u1746": 1,
	"\u1747": 1,
	"\u1748": 1,
	"\u1749": 1,
	"\u174A": 1,
	"\u174B": 1,
	"\u174C": 1,
	"\u174D": 1,
	"\u174E": 1,
	"\u174F": 1,
	"\u1750": 1,
	"\u1751": 1,
	"\u1760": 1,
	"\u1761": 1,
	"\u1762": 1,
	"\u1763": 1,
	"\u1764": 1,
	"\u1765": 1,
	"\u1766": 1,
	"\u1767": 1,
	"\u1768": 1,
	"\u1769": 1,
	"\u176A": 1,
	"\u176B": 1,
	"\u176C": 1,
	"\u176E": 1,
	"\u176F": 1,
	"\u1770": 1,
	"\u1780": 1,
	"\u1781": 1,
	"\u1782": 1,
	"\u1783": 1,
	"\u1784": 1,
	"\u1785": 1,
	"\u1786": 1,
	"\u1787": 1,
	"\u1788": 1,
	"\u1789": 1,
	"\u178A": 1,
	"\u178B": 1,
	"\u178C": 1,
	"\u178D": 1,
	"\u178E": 1,
	"\u178F": 1,
	"\u1790": 1,
	"\u1791": 1,
	"\u1792": 1,
	"\u1793": 1,
	"\u1794": 1,
	"\u1795": 1,
	"\u1796": 1,
	"\u1797": 1,
	"\u1798": 1,
	"\u1799": 1,
	"\u179A": 1,
	"\u179B": 1,
	"\u179C": 1,
	"\u179D": 1,
	"\u179E": 1,
	"\u179F": 1,
	"\u17A0": 1,
	"\u17A1": 1,
	"\u17A2": 1,
	"\u17A3": 1,
	"\u17A4": 1,
	"\u17A5": 1,
	"\u17A6": 1,
	"\u17A7": 1,
	"\u17A8": 1,
	"\u17A9": 1,
	"\u17AA": 1,
	"\u17AB": 1,
	"\u17AC": 1,
	"\u17AD": 1,
	"\u17AE": 1,
	"\u17AF": 1,
	"\u17B0": 1,
	"\u17B1": 1,
	"\u17B2": 1,
	"\u17B3": 1,
	"\u17DC": 1,
	"\u1820": 1,
	"\u1821": 1,
	"\u1822": 1,
	"\u1823": 1,
	"\u1824": 1,
	"\u1825": 1,
	"\u1826": 1,
	"\u1827": 1,
	"\u1828": 1,
	"\u1829": 1,
	"\u182A": 1,
	"\u182B": 1,
	"\u182C": 1,
	"\u182D": 1,
	"\u182E": 1,
	"\u182F": 1,
	"\u1830": 1,
	"\u1831": 1,
	"\u1832": 1,
	"\u1833": 1,
	"\u1834": 1,
	"\u1835": 1,
	"\u1836": 1,
	"\u1837": 1,
	"\u1838": 1,
	"\u1839": 1,
	"\u183A": 1,
	"\u183B": 1,
	"\u183C": 1,
	"\u183D": 1,
	"\u183E": 1,
	"\u183F": 1,
	"\u1840": 1,
	"\u1841": 1,
	"\u1842": 1,
	"\u1844": 1,
	"\u1845": 1,
	"\u1846": 1,
	"\u1847": 1,
	"\u1848": 1,
	"\u1849": 1,
	"\u184A": 1,
	"\u184B": 1,
	"\u184C": 1,
	"\u184D": 1,
	"\u184E": 1,
	"\u184F": 1,
	"\u1850": 1,
	"\u1851": 1,
	"\u1852": 1,
	"\u1853": 1,
	"\u1854": 1,
	"\u1855": 1,
	"\u1856": 1,
	"\u1857": 1,
	"\u1858": 1,
	"\u1859": 1,
	"\u185A": 1,
	"\u185B": 1,
	"\u185C": 1,
	"\u185D": 1,
	"\u185E": 1,
	"\u185F": 1,
	"\u1860": 1,
	"\u1861": 1,
	"\u1862": 1,
	"\u1863": 1,
	"\u1864": 1,
	"\u1865": 1,
	"\u1866": 1,
	"\u1867": 1,
	"\u1868": 1,
	"\u1869": 1,
	"\u186A": 1,
	"\u186B": 1,
	"\u186C": 1,
	"\u186D": 1,
	"\u186E": 1,
	"\u186F": 1,
	"\u1870": 1,
	"\u1871": 1,
	"\u1872": 1,
	"\u1873": 1,
	"\u1874": 1,
	"\u1875": 1,
	"\u1876": 1,
	"\u1877": 1,
	"\u1880": 1,
	"\u1881": 1,
	"\u1882": 1,
	"\u1883": 1,
	"\u1884": 1,
	"\u1885": 1,
	"\u1886": 1,
	"\u1887": 1,
	"\u1888": 1,
	"\u1889": 1,
	"\u188A": 1,
	"\u188B": 1,
	"\u188C": 1,
	"\u188D": 1,
	"\u188E": 1,
	"\u188F": 1,
	"\u1890": 1,
	"\u1891": 1,
	"\u1892": 1,
	"\u1893": 1,
	"\u1894": 1,
	"\u1895": 1,
	"\u1896": 1,
	"\u1897": 1,
	"\u1898": 1,
	"\u1899": 1,
	"\u189A": 1,
	"\u189B": 1,
	"\u189C": 1,
	"\u189D": 1,
	"\u189E": 1,
	"\u189F": 1,
	"\u18A0": 1,
	"\u18A1": 1,
	"\u18A2": 1,
	"\u18A3": 1,
	"\u18A4": 1,
	"\u18A5": 1,
	"\u18A6": 1,
	"\u18A7": 1,
	"\u18A8": 1,
	"\u18AA": 1,
	"\u18B0": 1,
	"\u18B1": 1,
	"\u18B2": 1,
	"\u18B3": 1,
	"\u18B4": 1,
	"\u18B5": 1,
	"\u18B6": 1,
	"\u18B7": 1,
	"\u18B8": 1,
	"\u18B9": 1,
	"\u18BA": 1,
	"\u18BB": 1,
	"\u18BC": 1,
	"\u18BD": 1,
	"\u18BE": 1,
	"\u18BF": 1,
	"\u18C0": 1,
	"\u18C1": 1,
	"\u18C2": 1,
	"\u18C3": 1,
	"\u18C4": 1,
	"\u18C5": 1,
	"\u18C6": 1,
	"\u18C7": 1,
	"\u18C8": 1,
	"\u18C9": 1,
	"\u18CA": 1,
	"\u18CB": 1,
	"\u18CC": 1,
	"\u18CD": 1,
	"\u18CE": 1,
	"\u18CF": 1,
	"\u18D0": 1,
	"\u18D1": 1,
	"\u18D2": 1,
	"\u18D3": 1,
	"\u18D4": 1,
	"\u18D5": 1,
	"\u18D6": 1,
	"\u18D7": 1,
	"\u18D8": 1,
	"\u18D9": 1,
	"\u18DA": 1,
	"\u18DB": 1,
	"\u18DC": 1,
	"\u18DD": 1,
	"\u18DE": 1,
	"\u18DF": 1,
	"\u18E0": 1,
	"\u18E1": 1,
	"\u18E2": 1,
	"\u18E3": 1,
	"\u18E4": 1,
	"\u18E5": 1,
	"\u18E6": 1,
	"\u18E7": 1,
	"\u18E8": 1,
	"\u18E9": 1,
	"\u18EA": 1,
	"\u18EB": 1,
	"\u18EC": 1,
	"\u18ED": 1,
	"\u18EE": 1,
	"\u18EF": 1,
	"\u18F0": 1,
	"\u18F1": 1,
	"\u18F2": 1,
	"\u18F3": 1,
	"\u18F4": 1,
	"\u18F5": 1,
	"\u1900": 1,
	"\u1901": 1,
	"\u1902": 1,
	"\u1903": 1,
	"\u1904": 1,
	"\u1905": 1,
	"\u1906": 1,
	"\u1907": 1,
	"\u1908": 1,
	"\u1909": 1,
	"\u190A": 1,
	"\u190B": 1,
	"\u190C": 1,
	"\u190D": 1,
	"\u190E": 1,
	"\u190F": 1,
	"\u1910": 1,
	"\u1911": 1,
	"\u1912": 1,
	"\u1913": 1,
	"\u1914": 1,
	"\u1915": 1,
	"\u1916": 1,
	"\u1917": 1,
	"\u1918": 1,
	"\u1919": 1,
	"\u191A": 1,
	"\u191B": 1,
	"\u191C": 1,
	"\u1950": 1,
	"\u1951": 1,
	"\u1952": 1,
	"\u1953": 1,
	"\u1954": 1,
	"\u1955": 1,
	"\u1956": 1,
	"\u1957": 1,
	"\u1958": 1,
	"\u1959": 1,
	"\u195A": 1,
	"\u195B": 1,
	"\u195C": 1,
	"\u195D": 1,
	"\u195E": 1,
	"\u195F": 1,
	"\u1960": 1,
	"\u1961": 1,
	"\u1962": 1,
	"\u1963": 1,
	"\u1964": 1,
	"\u1965": 1,
	"\u1966": 1,
	"\u1967": 1,
	"\u1968": 1,
	"\u1969": 1,
	"\u196A": 1,
	"\u196B": 1,
	"\u196C": 1,
	"\u196D": 1,
	"\u1970": 1,
	"\u1971": 1,
	"\u1972": 1,
	"\u1973": 1,
	"\u1974": 1,
	"\u1980": 1,
	"\u1981": 1,
	"\u1982": 1,
	"\u1983": 1,
	"\u1984": 1,
	"\u1985": 1,
	"\u1986": 1,
	"\u1987": 1,
	"\u1988": 1,
	"\u1989": 1,
	"\u198A": 1,
	"\u198B": 1,
	"\u198C": 1,
	"\u198D": 1,
	"\u198E": 1,
	"\u198F": 1,
	"\u1990": 1,
	"\u1991": 1,
	"\u1992": 1,
	"\u1993": 1,
	"\u1994": 1,
	"\u1995": 1,
	"\u1996": 1,
	"\u1997": 1,
	"\u1998": 1,
	"\u1999": 1,
	"\u199A": 1,
	"\u199B": 1,
	"\u199C": 1,
	"\u199D": 1,
	"\u199E": 1,
	"\u199F": 1,
	"\u19A0": 1,
	"\u19A1": 1,
	"\u19A2": 1,
	"\u19A3": 1,
	"\u19A4": 1,
	"\u19A5": 1,
	"\u19A6": 1,
	"\u19A7": 1,
	"\u19A8": 1,
	"\u19A9": 1,
	"\u19AA": 1,
	"\u19AB": 1,
	"\u19C1": 1,
	"\u19C2": 1,
	"\u19C3": 1,
	"\u19C4": 1,
	"\u19C5": 1,
	"\u19C6": 1,
	"\u19C7": 1,
	"\u1A00": 1,
	"\u1A01": 1,
	"\u1A02": 1,
	"\u1A03": 1,
	"\u1A04": 1,
	"\u1A05": 1,
	"\u1A06": 1,
	"\u1A07": 1,
	"\u1A08": 1,
	"\u1A09": 1,
	"\u1A0A": 1,
	"\u1A0B": 1,
	"\u1A0C": 1,
	"\u1A0D": 1,
	"\u1A0E": 1,
	"\u1A0F": 1,
	"\u1A10": 1,
	"\u1A11": 1,
	"\u1A12": 1,
	"\u1A13": 1,
	"\u1A14": 1,
	"\u1A15": 1,
	"\u1A16": 1,
	"\u1A20": 1,
	"\u1A21": 1,
	"\u1A22": 1,
	"\u1A23": 1,
	"\u1A24": 1,
	"\u1A25": 1,
	"\u1A26": 1,
	"\u1A27": 1,
	"\u1A28": 1,
	"\u1A29": 1,
	"\u1A2A": 1,
	"\u1A2B": 1,
	"\u1A2C": 1,
	"\u1A2D": 1,
	"\u1A2E": 1,
	"\u1A2F": 1,
	"\u1A30": 1,
	"\u1A31": 1,
	"\u1A32": 1,
	"\u1A33": 1,
	"\u1A34": 1,
	"\u1A35": 1,
	"\u1A36": 1,
	"\u1A37": 1,
	"\u1A38": 1,
	"\u1A39": 1,
	"\u1A3A": 1,
	"\u1A3B": 1,
	"\u1A3C": 1,
	"\u1A3D": 1,
	"\u1A3E": 1,
	"\u1A3F": 1,
	"\u1A40": 1,
	"\u1A41": 1,
	"\u1A42": 1,
	"\u1A43": 1,
	"\u1A44": 1,
	"\u1A45": 1,
	"\u1A46": 1,
	"\u1A47": 1,
	"\u1A48": 1,
	"\u1A49": 1,
	"\u1A4A": 1,
	"\u1A4B": 1,
	"\u1A4C": 1,
	"\u1A4D": 1,
	"\u1A4E": 1,
	"\u1A4F": 1,
	"\u1A50": 1,
	"\u1A51": 1,
	"\u1A52": 1,
	"\u1A53": 1,
	"\u1A54": 1,
	"\u1B05": 1,
	"\u1B06": 1,
	"\u1B07": 1,
	"\u1B08": 1,
	"\u1B09": 1,
	"\u1B0A": 1,
	"\u1B0B": 1,
	"\u1B0C": 1,
	"\u1B0D": 1,
	"\u1B0E": 1,
	"\u1B0F": 1,
	"\u1B10": 1,
	"\u1B11": 1,
	"\u1B12": 1,
	"\u1B13": 1,
	"\u1B14": 1,
	"\u1B15": 1,
	"\u1B16": 1,
	"\u1B17": 1,
	"\u1B18": 1,
	"\u1B19": 1,
	"\u1B1A": 1,
	"\u1B1B": 1,
	"\u1B1C": 1,
	"\u1B1D": 1,
	"\u1B1E": 1,
	"\u1B1F": 1,
	"\u1B20": 1,
	"\u1B21": 1,
	"\u1B22": 1,
	"\u1B23": 1,
	"\u1B24": 1,
	"\u1B25": 1,
	"\u1B26": 1,
	"\u1B27": 1,
	"\u1B28": 1,
	"\u1B29": 1,
	"\u1B2A": 1,
	"\u1B2B": 1,
	"\u1B2C": 1,
	"\u1B2D": 1,
	"\u1B2E": 1,
	"\u1B2F": 1,
	"\u1B30": 1,
	"\u1B31": 1,
	"\u1B32": 1,
	"\u1B33": 1,
	"\u1B45": 1,
	"\u1B46": 1,
	"\u1B47": 1,
	"\u1B48": 1,
	"\u1B49": 1,
	"\u1B4A": 1,
	"\u1B4B": 1,
	"\u1B83": 1,
	"\u1B84": 1,
	"\u1B85": 1,
	"\u1B86": 1,
	"\u1B87": 1,
	"\u1B88": 1,
	"\u1B89": 1,
	"\u1B8A": 1,
	"\u1B8B": 1,
	"\u1B8C": 1,
	"\u1B8D": 1,
	"\u1B8E": 1,
	"\u1B8F": 1,
	"\u1B90": 1,
	"\u1B91": 1,
	"\u1B92": 1,
	"\u1B93": 1,
	"\u1B94": 1,
	"\u1B95": 1,
	"\u1B96": 1,
	"\u1B97": 1,
	"\u1B98": 1,
	"\u1B99": 1,
	"\u1B9A": 1,
	"\u1B9B": 1,
	"\u1B9C": 1,
	"\u1B9D": 1,
	"\u1B9E": 1,
	"\u1B9F": 1,
	"\u1BA0": 1,
	"\u1BAE": 1,
	"\u1BAF": 1,
	"\u1C00": 1,
	"\u1C01": 1,
	"\u1C02": 1,
	"\u1C03": 1,
	"\u1C04": 1,
	"\u1C05": 1,
	"\u1C06": 1,
	"\u1C07": 1,
	"\u1C08": 1,
	"\u1C09": 1,
	"\u1C0A": 1,
	"\u1C0B": 1,
	"\u1C0C": 1,
	"\u1C0D": 1,
	"\u1C0E": 1,
	"\u1C0F": 1,
	"\u1C10": 1,
	"\u1C11": 1,
	"\u1C12": 1,
	"\u1C13": 1,
	"\u1C14": 1,
	"\u1C15": 1,
	"\u1C16": 1,
	"\u1C17": 1,
	"\u1C18": 1,
	"\u1C19": 1,
	"\u1C1A": 1,
	"\u1C1B": 1,
	"\u1C1C": 1,
	"\u1C1D": 1,
	"\u1C1E": 1,
	"\u1C1F": 1,
	"\u1C20": 1,
	"\u1C21": 1,
	"\u1C22": 1,
	"\u1C23": 1,
	"\u1C4D": 1,
	"\u1C4E": 1,
	"\u1C4F": 1,
	"\u1C5A": 1,
	"\u1C5B": 1,
	"\u1C5C": 1,
	"\u1C5D": 1,
	"\u1C5E": 1,
	"\u1C5F": 1,
	"\u1C60": 1,
	"\u1C61": 1,
	"\u1C62": 1,
	"\u1C63": 1,
	"\u1C64": 1,
	"\u1C65": 1,
	"\u1C66": 1,
	"\u1C67": 1,
	"\u1C68": 1,
	"\u1C69": 1,
	"\u1C6A": 1,
	"\u1C6B": 1,
	"\u1C6C": 1,
	"\u1C6D": 1,
	"\u1C6E": 1,
	"\u1C6F": 1,
	"\u1C70": 1,
	"\u1C71": 1,
	"\u1C72": 1,
	"\u1C73": 1,
	"\u1C74": 1,
	"\u1C75": 1,
	"\u1C76": 1,
	"\u1C77": 1,
	"\u1CE9": 1,
	"\u1CEA": 1,
	"\u1CEB": 1,
	"\u1CEC": 1,
	"\u1CEE": 1,
	"\u1CEF": 1,
	"\u1CF0": 1,
	"\u1CF1": 1,
	"\u2135": 1,
	"\u2136": 1,
	"\u2137": 1,
	"\u2138": 1,
	"\u2D30": 1,
	"\u2D31": 1,
	"\u2D32": 1,
	"\u2D33": 1,
	"\u2D34": 1,
	"\u2D35": 1,
	"\u2D36": 1,
	"\u2D37": 1,
	"\u2D38": 1,
	"\u2D39": 1,
	"\u2D3A": 1,
	"\u2D3B": 1,
	"\u2D3C": 1,
	"\u2D3D": 1,
	"\u2D3E": 1,
	"\u2D3F": 1,
	"\u2D40": 1,
	"\u2D41": 1,
	"\u2D42": 1,
	"\u2D43": 1,
	"\u2D44": 1,
	"\u2D45": 1,
	"\u2D46": 1,
	"\u2D47": 1,
	"\u2D48": 1,
	"\u2D49": 1,
	"\u2D4A": 1,
	"\u2D4B": 1,
	"\u2D4C": 1,
	"\u2D4D": 1,
	"\u2D4E": 1,
	"\u2D4F": 1,
	"\u2D50": 1,
	"\u2D51": 1,
	"\u2D52": 1,
	"\u2D53": 1,
	"\u2D54": 1,
	"\u2D55": 1,
	"\u2D56": 1,
	"\u2D57": 1,
	"\u2D58": 1,
	"\u2D59": 1,
	"\u2D5A": 1,
	"\u2D5B": 1,
	"\u2D5C": 1,
	"\u2D5D": 1,
	"\u2D5E": 1,
	"\u2D5F": 1,
	"\u2D60": 1,
	"\u2D61": 1,
	"\u2D62": 1,
	"\u2D63": 1,
	"\u2D64": 1,
	"\u2D65": 1,
	"\u2D80": 1,
	"\u2D81": 1,
	"\u2D82": 1,
	"\u2D83": 1,
	"\u2D84": 1,
	"\u2D85": 1,
	"\u2D86": 1,
	"\u2D87": 1,
	"\u2D88": 1,
	"\u2D89": 1,
	"\u2D8A": 1,
	"\u2D8B": 1,
	"\u2D8C": 1,
	"\u2D8D": 1,
	"\u2D8E": 1,
	"\u2D8F": 1,
	"\u2D90": 1,
	"\u2D91": 1,
	"\u2D92": 1,
	"\u2D93": 1,
	"\u2D94": 1,
	"\u2D95": 1,
	"\u2D96": 1,
	"\u2DA0": 1,
	"\u2DA1": 1,
	"\u2DA2": 1,
	"\u2DA3": 1,
	"\u2DA4": 1,
	"\u2DA5": 1,
	"\u2DA6": 1,
	"\u2DA8": 1,
	"\u2DA9": 1,
	"\u2DAA": 1,
	"\u2DAB": 1,
	"\u2DAC": 1,
	"\u2DAD": 1,
	"\u2DAE": 1,
	"\u2DB0": 1,
	"\u2DB1": 1,
	"\u2DB2": 1,
	"\u2DB3": 1,
	"\u2DB4": 1,
	"\u2DB5": 1,
	"\u2DB6": 1,
	"\u2DB8": 1,
	"\u2DB9": 1,
	"\u2DBA": 1,
	"\u2DBB": 1,
	"\u2DBC": 1,
	"\u2DBD": 1,
	"\u2DBE": 1,
	"\u2DC0": 1,
	"\u2DC1": 1,
	"\u2DC2": 1,
	"\u2DC3": 1,
	"\u2DC4": 1,
	"\u2DC5": 1,
	"\u2DC6": 1,
	"\u2DC8": 1,
	"\u2DC9": 1,
	"\u2DCA": 1,
	"\u2DCB": 1,
	"\u2DCC": 1,
	"\u2DCD": 1,
	"\u2DCE": 1,
	"\u2DD0": 1,
	"\u2DD1": 1,
	"\u2DD2": 1,
	"\u2DD3": 1,
	"\u2DD4": 1,
	"\u2DD5": 1,
	"\u2DD6": 1,
	"\u2DD8": 1,
	"\u2DD9": 1,
	"\u2DDA": 1,
	"\u2DDB": 1,
	"\u2DDC": 1,
	"\u2DDD": 1,
	"\u2DDE": 1,
	"\uA4D0": 1,
	"\uA4D1": 1,
	"\uA4D2": 1,
	"\uA4D3": 1,
	"\uA4D4": 1,
	"\uA4D5": 1,
	"\uA4D6": 1,
	"\uA4D7": 1,
	"\uA4D8": 1,
	"\uA4D9": 1,
	"\uA4DA": 1,
	"\uA4DB": 1,
	"\uA4DC": 1,
	"\uA4DD": 1,
	"\uA4DE": 1,
	"\uA4DF": 1,
	"\uA4E0": 1,
	"\uA4E1": 1,
	"\uA4E2": 1,
	"\uA4E3": 1,
	"\uA4E4": 1,
	"\uA4E5": 1,
	"\uA4E6": 1,
	"\uA4E7": 1,
	"\uA4E8": 1,
	"\uA4E9": 1,
	"\uA4EA": 1,
	"\uA4EB": 1,
	"\uA4EC": 1,
	"\uA4ED": 1,
	"\uA4EE": 1,
	"\uA4EF": 1,
	"\uA4F0": 1,
	"\uA4F1": 1,
	"\uA4F2": 1,
	"\uA4F3": 1,
	"\uA4F4": 1,
	"\uA4F5": 1,
	"\uA4F6": 1,
	"\uA4F7": 1,
	"\uA500": 1,
	"\uA501": 1,
	"\uA502": 1,
	"\uA503": 1,
	"\uA504": 1,
	"\uA505": 1,
	"\uA506": 1,
	"\uA507": 1,
	"\uA508": 1,
	"\uA509": 1,
	"\uA50A": 1,
	"\uA50B": 1,
	"\uA50C": 1,
	"\uA50D": 1,
	"\uA50E": 1,
	"\uA50F": 1,
	"\uA510": 1,
	"\uA511": 1,
	"\uA512": 1,
	"\uA513": 1,
	"\uA514": 1,
	"\uA515": 1,
	"\uA516": 1,
	"\uA517": 1,
	"\uA518": 1,
	"\uA519": 1,
	"\uA51A": 1,
	"\uA51B": 1,
	"\uA51C": 1,
	"\uA51D": 1,
	"\uA51E": 1,
	"\uA51F": 1,
	"\uA520": 1,
	"\uA521": 1,
	"\uA522": 1,
	"\uA523": 1,
	"\uA524": 1,
	"\uA525": 1,
	"\uA526": 1,
	"\uA527": 1,
	"\uA528": 1,
	"\uA529": 1,
	"\uA52A": 1,
	"\uA52B": 1,
	"\uA52C": 1,
	"\uA52D": 1,
	"\uA52E": 1,
	"\uA52F": 1,
	"\uA530": 1,
	"\uA531": 1,
	"\uA532": 1,
	"\uA533": 1,
	"\uA534": 1,
	"\uA535": 1,
	"\uA536": 1,
	"\uA537": 1,
	"\uA538": 1,
	"\uA539": 1,
	"\uA53A": 1,
	"\uA53B": 1,
	"\uA53C": 1,
	"\uA53D": 1,
	"\uA53E": 1,
	"\uA53F": 1,
	"\uA540": 1,
	"\uA541": 1,
	"\uA542": 1,
	"\uA543": 1,
	"\uA544": 1,
	"\uA545": 1,
	"\uA546": 1,
	"\uA547": 1,
	"\uA548": 1,
	"\uA549": 1,
	"\uA54A": 1,
	"\uA54B": 1,
	"\uA54C": 1,
	"\uA54D": 1,
	"\uA54E": 1,
	"\uA54F": 1,
	"\uA550": 1,
	"\uA551": 1,
	"\uA552": 1,
	"\uA553": 1,
	"\uA554": 1,
	"\uA555": 1,
	"\uA556": 1,
	"\uA557": 1,
	"\uA558": 1,
	"\uA559": 1,
	"\uA55A": 1,
	"\uA55B": 1,
	"\uA55C": 1,
	"\uA55D": 1,
	"\uA55E": 1,
	"\uA55F": 1,
	"\uA560": 1,
	"\uA561": 1,
	"\uA562": 1,
	"\uA563": 1,
	"\uA564": 1,
	"\uA565": 1,
	"\uA566": 1,
	"\uA567": 1,
	"\uA568": 1,
	"\uA569": 1,
	"\uA56A": 1,
	"\uA56B": 1,
	"\uA56C": 1,
	"\uA56D": 1,
	"\uA56E": 1,
	"\uA56F": 1,
	"\uA570": 1,
	"\uA571": 1,
	"\uA572": 1,
	"\uA573": 1,
	"\uA574": 1,
	"\uA575": 1,
	"\uA576": 1,
	"\uA577": 1,
	"\uA578": 1,
	"\uA579": 1,
	"\uA57A": 1,
	"\uA57B": 1,
	"\uA57C": 1,
	"\uA57D": 1,
	"\uA57E": 1,
	"\uA57F": 1,
	"\uA580": 1,
	"\uA581": 1,
	"\uA582": 1,
	"\uA583": 1,
	"\uA584": 1,
	"\uA585": 1,
	"\uA586": 1,
	"\uA587": 1,
	"\uA588": 1,
	"\uA589": 1,
	"\uA58A": 1,
	"\uA58B": 1,
	"\uA58C": 1,
	"\uA58D": 1,
	"\uA58E": 1,
	"\uA58F": 1,
	"\uA590": 1,
	"\uA591": 1,
	"\uA592": 1,
	"\uA593": 1,
	"\uA594": 1,
	"\uA595": 1,
	"\uA596": 1,
	"\uA597": 1,
	"\uA598": 1,
	"\uA599": 1,
	"\uA59A": 1,
	"\uA59B": 1,
	"\uA59C": 1,
	"\uA59D": 1,
	"\uA59E": 1,
	"\uA59F": 1,
	"\uA5A0": 1,
	"\uA5A1": 1,
	"\uA5A2": 1,
	"\uA5A3": 1,
	"\uA5A4": 1,
	"\uA5A5": 1,
	"\uA5A6": 1,
	"\uA5A7": 1,
	"\uA5A8": 1,
	"\uA5A9": 1,
	"\uA5AA": 1,
	"\uA5AB": 1,
	"\uA5AC": 1,
	"\uA5AD": 1,
	"\uA5AE": 1,
	"\uA5AF": 1,
	"\uA5B0": 1,
	"\uA5B1": 1,
	"\uA5B2": 1,
	"\uA5B3": 1,
	"\uA5B4": 1,
	"\uA5B5": 1,
	"\uA5B6": 1,
	"\uA5B7": 1,
	"\uA5B8": 1,
	"\uA5B9": 1,
	"\uA5BA": 1,
	"\uA5BB": 1,
	"\uA5BC": 1,
	"\uA5BD": 1,
	"\uA5BE": 1,
	"\uA5BF": 1,
	"\uA5C0": 1,
	"\uA5C1": 1,
	"\uA5C2": 1,
	"\uA5C3": 1,
	"\uA5C4": 1,
	"\uA5C5": 1,
	"\uA5C6": 1,
	"\uA5C7": 1,
	"\uA5C8": 1,
	"\uA5C9": 1,
	"\uA5CA": 1,
	"\uA5CB": 1,
	"\uA5CC": 1,
	"\uA5CD": 1,
	"\uA5CE": 1,
	"\uA5CF": 1,
	"\uA5D0": 1,
	"\uA5D1": 1,
	"\uA5D2": 1,
	"\uA5D3": 1,
	"\uA5D4": 1,
	"\uA5D5": 1,
	"\uA5D6": 1,
	"\uA5D7": 1,
	"\uA5D8": 1,
	"\uA5D9": 1,
	"\uA5DA": 1,
	"\uA5DB": 1,
	"\uA5DC": 1,
	"\uA5DD": 1,
	"\uA5DE": 1,
	"\uA5DF": 1,
	"\uA5E0": 1,
	"\uA5E1": 1,
	"\uA5E2": 1,
	"\uA5E3": 1,
	"\uA5E4": 1,
	"\uA5E5": 1,
	"\uA5E6": 1,
	"\uA5E7": 1,
	"\uA5E8": 1,
	"\uA5E9": 1,
	"\uA5EA": 1,
	"\uA5EB": 1,
	"\uA5EC": 1,
	"\uA5ED": 1,
	"\uA5EE": 1,
	"\uA5EF": 1,
	"\uA5F0": 1,
	"\uA5F1": 1,
	"\uA5F2": 1,
	"\uA5F3": 1,
	"\uA5F4": 1,
	"\uA5F5": 1,
	"\uA5F6": 1,
	"\uA5F7": 1,
	"\uA5F8": 1,
	"\uA5F9": 1,
	"\uA5FA": 1,
	"\uA5FB": 1,
	"\uA5FC": 1,
	"\uA5FD": 1,
	"\uA5FE": 1,
	"\uA5FF": 1,
	"\uA600": 1,
	"\uA601": 1,
	"\uA602": 1,
	"\uA603": 1,
	"\uA604": 1,
	"\uA605": 1,
	"\uA606": 1,
	"\uA607": 1,
	"\uA608": 1,
	"\uA609": 1,
	"\uA60A": 1,
	"\uA60B": 1,
	"\uA610": 1,
	"\uA611": 1,
	"\uA612": 1,
	"\uA613": 1,
	"\uA614": 1,
	"\uA615": 1,
	"\uA616": 1,
	"\uA617": 1,
	"\uA618": 1,
	"\uA619": 1,
	"\uA61A": 1,
	"\uA61B": 1,
	"\uA61C": 1,
	"\uA61D": 1,
	"\uA61E": 1,
	"\uA61F": 1,
	"\uA62A": 1,
	"\uA62B": 1,
	"\uA66E": 1,
	"\uA6A0": 1,
	"\uA6A1": 1,
	"\uA6A2": 1,
	"\uA6A3": 1,
	"\uA6A4": 1,
	"\uA6A5": 1,
	"\uA6A6": 1,
	"\uA6A7": 1,
	"\uA6A8": 1,
	"\uA6A9": 1,
	"\uA6AA": 1,
	"\uA6AB": 1,
	"\uA6AC": 1,
	"\uA6AD": 1,
	"\uA6AE": 1,
	"\uA6AF": 1,
	"\uA6B0": 1,
	"\uA6B1": 1,
	"\uA6B2": 1,
	"\uA6B3": 1,
	"\uA6B4": 1,
	"\uA6B5": 1,
	"\uA6B6": 1,
	"\uA6B7": 1,
	"\uA6B8": 1,
	"\uA6B9": 1,
	"\uA6BA": 1,
	"\uA6BB": 1,
	"\uA6BC": 1,
	"\uA6BD": 1,
	"\uA6BE": 1,
	"\uA6BF": 1,
	"\uA6C0": 1,
	"\uA6C1": 1,
	"\uA6C2": 1,
	"\uA6C3": 1,
	"\uA6C4": 1,
	"\uA6C5": 1,
	"\uA6C6": 1,
	"\uA6C7": 1,
	"\uA6C8": 1,
	"\uA6C9": 1,
	"\uA6CA": 1,
	"\uA6CB": 1,
	"\uA6CC": 1,
	"\uA6CD": 1,
	"\uA6CE": 1,
	"\uA6CF": 1,
	"\uA6D0": 1,
	"\uA6D1": 1,
	"\uA6D2": 1,
	"\uA6D3": 1,
	"\uA6D4": 1,
	"\uA6D5": 1,
	"\uA6D6": 1,
	"\uA6D7": 1,
	"\uA6D8": 1,
	"\uA6D9": 1,
	"\uA6DA": 1,
	"\uA6DB": 1,
	"\uA6DC": 1,
	"\uA6DD": 1,
	"\uA6DE": 1,
	"\uA6DF": 1,
	"\uA6E0": 1,
	"\uA6E1": 1,
	"\uA6E2": 1,
	"\uA6E3": 1,
	"\uA6E4": 1,
	"\uA6E5": 1,
	"\uA7FB": 1,
	"\uA7FC": 1,
	"\uA7FD": 1,
	"\uA7FE": 1,
	"\uA7FF": 1,
	"\uA800": 1,
	"\uA801": 1,
	"\uA803": 1,
	"\uA804": 1,
	"\uA805": 1,
	"\uA807": 1,
	"\uA808": 1,
	"\uA809": 1,
	"\uA80A": 1,
	"\uA80C": 1,
	"\uA80D": 1,
	"\uA80E": 1,
	"\uA80F": 1,
	"\uA810": 1,
	"\uA811": 1,
	"\uA812": 1,
	"\uA813": 1,
	"\uA814": 1,
	"\uA815": 1,
	"\uA816": 1,
	"\uA817": 1,
	"\uA818": 1,
	"\uA819": 1,
	"\uA81A": 1,
	"\uA81B": 1,
	"\uA81C": 1,
	"\uA81D": 1,
	"\uA81E": 1,
	"\uA81F": 1,
	"\uA820": 1,
	"\uA821": 1,
	"\uA822": 1,
	"\uA840": 1,
	"\uA841": 1,
	"\uA842": 1,
	"\uA843": 1,
	"\uA844": 1,
	"\uA845": 1,
	"\uA846": 1,
	"\uA847": 1,
	"\uA848": 1,
	"\uA849": 1,
	"\uA84A": 1,
	"\uA84B": 1,
	"\uA84C": 1,
	"\uA84D": 1,
	"\uA84E": 1,
	"\uA84F": 1,
	"\uA850": 1,
	"\uA851": 1,
	"\uA852": 1,
	"\uA853": 1,
	"\uA854": 1,
	"\uA855": 1,
	"\uA856": 1,
	"\uA857": 1,
	"\uA858": 1,
	"\uA859": 1,
	"\uA85A": 1,
	"\uA85B": 1,
	"\uA85C": 1,
	"\uA85D": 1,
	"\uA85E": 1,
	"\uA85F": 1,
	"\uA860": 1,
	"\uA861": 1,
	"\uA862": 1,
	"\uA863": 1,
	"\uA864": 1,
	"\uA865": 1,
	"\uA866": 1,
	"\uA867": 1,
	"\uA868": 1,
	"\uA869": 1,
	"\uA86A": 1,
	"\uA86B": 1,
	"\uA86C": 1,
	"\uA86D": 1,
	"\uA86E": 1,
	"\uA86F": 1,
	"\uA870": 1,
	"\uA871": 1,
	"\uA872": 1,
	"\uA873": 1,
	"\uA882": 1,
	"\uA883": 1,
	"\uA884": 1,
	"\uA885": 1,
	"\uA886": 1,
	"\uA887": 1,
	"\uA888": 1,
	"\uA889": 1,
	"\uA88A": 1,
	"\uA88B": 1,
	"\uA88C": 1,
	"\uA88D": 1,
	"\uA88E": 1,
	"\uA88F": 1,
	"\uA890": 1,
	"\uA891": 1,
	"\uA892": 1,
	"\uA893": 1,
	"\uA894": 1,
	"\uA895": 1,
	"\uA896": 1,
	"\uA897": 1,
	"\uA898": 1,
	"\uA899": 1,
	"\uA89A": 1,
	"\uA89B": 1,
	"\uA89C": 1,
	"\uA89D": 1,
	"\uA89E": 1,
	"\uA89F": 1,
	"\uA8A0": 1,
	"\uA8A1": 1,
	"\uA8A2": 1,
	"\uA8A3": 1,
	"\uA8A4": 1,
	"\uA8A5": 1,
	"\uA8A6": 1,
	"\uA8A7": 1,
	"\uA8A8": 1,
	"\uA8A9": 1,
	"\uA8AA": 1,
	"\uA8AB": 1,
	"\uA8AC": 1,
	"\uA8AD": 1,
	"\uA8AE": 1,
	"\uA8AF": 1,
	"\uA8B0": 1,
	"\uA8B1": 1,
	"\uA8B2": 1,
	"\uA8B3": 1,
	"\uA8F2": 1,
	"\uA8F3": 1,
	"\uA8F4": 1,
	"\uA8F5": 1,
	"\uA8F6": 1,
	"\uA8F7": 1,
	"\uA8FB": 1,
	"\uA90A": 1,
	"\uA90B": 1,
	"\uA90C": 1,
	"\uA90D": 1,
	"\uA90E": 1,
	"\uA90F": 1,
	"\uA910": 1,
	"\uA911": 1,
	"\uA912": 1,
	"\uA913": 1,
	"\uA914": 1,
	"\uA915": 1,
	"\uA916": 1,
	"\uA917": 1,
	"\uA918": 1,
	"\uA919": 1,
	"\uA91A": 1,
	"\uA91B": 1,
	"\uA91C": 1,
	"\uA91D": 1,
	"\uA91E": 1,
	"\uA91F": 1,
	"\uA920": 1,
	"\uA921": 1,
	"\uA922": 1,
	"\uA923": 1,
	"\uA924": 1,
	"\uA925": 1,
	"\uA930": 1,
	"\uA931": 1,
	"\uA932": 1,
	"\uA933": 1,
	"\uA934": 1,
	"\uA935": 1,
	"\uA936": 1,
	"\uA937": 1,
	"\uA938": 1,
	"\uA939": 1,
	"\uA93A": 1,
	"\uA93B": 1,
	"\uA93C": 1,
	"\uA93D": 1,
	"\uA93E": 1,
	"\uA93F": 1,
	"\uA940": 1,
	"\uA941": 1,
	"\uA942": 1,
	"\uA943": 1,
	"\uA944": 1,
	"\uA945": 1,
	"\uA946": 1,
	"\uA984": 1,
	"\uA985": 1,
	"\uA986": 1,
	"\uA987": 1,
	"\uA988": 1,
	"\uA989": 1,
	"\uA98A": 1,
	"\uA98B": 1,
	"\uA98C": 1,
	"\uA98D": 1,
	"\uA98E": 1,
	"\uA98F": 1,
	"\uA990": 1,
	"\uA991": 1,
	"\uA992": 1,
	"\uA993": 1,
	"\uA994": 1,
	"\uA995": 1,
	"\uA996": 1,
	"\uA997": 1,
	"\uA998": 1,
	"\uA999": 1,
	"\uA99A": 1,
	"\uA99B": 1,
	"\uA99C": 1,
	"\uA99D": 1,
	"\uA99E": 1,
	"\uA99F": 1,
	"\uA9A0": 1,
	"\uA9A1": 1,
	"\uA9A2": 1,
	"\uA9A3": 1,
	"\uA9A4": 1,
	"\uA9A5": 1,
	"\uA9A6": 1,
	"\uA9A7": 1,
	"\uA9A8": 1,
	"\uA9A9": 1,
	"\uA9AA": 1,
	"\uA9AB": 1,
	"\uA9AC": 1,
	"\uA9AD": 1,
	"\uA9AE": 1,
	"\uA9AF": 1,
	"\uA9B0": 1,
	"\uA9B1": 1,
	"\uA9B2": 1,
	"\uAA00": 1,
	"\uAA01": 1,
	"\uAA02": 1,
	"\uAA03": 1,
	"\uAA04": 1,
	"\uAA05": 1,
	"\uAA06": 1,
	"\uAA07": 1,
	"\uAA08": 1,
	"\uAA09": 1,
	"\uAA0A": 1,
	"\uAA0B": 1,
	"\uAA0C": 1,
	"\uAA0D": 1,
	"\uAA0E": 1,
	"\uAA0F": 1,
	"\uAA10": 1,
	"\uAA11": 1,
	"\uAA12": 1,
	"\uAA13": 1,
	"\uAA14": 1,
	"\uAA15": 1,
	"\uAA16": 1,
	"\uAA17": 1,
	"\uAA18": 1,
	"\uAA19": 1,
	"\uAA1A": 1,
	"\uAA1B": 1,
	"\uAA1C": 1,
	"\uAA1D": 1,
	"\uAA1E": 1,
	"\uAA1F": 1,
	"\uAA20": 1,
	"\uAA21": 1,
	"\uAA22": 1,
	"\uAA23": 1,
	"\uAA24": 1,
	"\uAA25": 1,
	"\uAA26": 1,
	"\uAA27": 1,
	"\uAA28": 1,
	"\uAA40": 1,
	"\uAA41": 1,
	"\uAA42": 1,
	"\uAA44": 1,
	"\uAA45": 1,
	"\uAA46": 1,
	"\uAA47": 1,
	"\uAA48": 1,
	"\uAA49": 1,
	"\uAA4A": 1,
	"\uAA4B": 1,
	"\uAA60": 1,
	"\uAA61": 1,
	"\uAA62": 1,
	"\uAA63": 1,
	"\uAA64": 1,
	"\uAA65": 1,
	"\uAA66": 1,
	"\uAA67": 1,
	"\uAA68": 1,
	"\uAA69": 1,
	"\uAA6A": 1,
	"\uAA6B": 1,
	"\uAA6C": 1,
	"\uAA6D": 1,
	"\uAA6E": 1,
	"\uAA6F": 1,
	"\uAA71": 1,
	"\uAA72": 1,
	"\uAA73": 1,
	"\uAA74": 1,
	"\uAA75": 1,
	"\uAA76": 1,
	"\uAA7A": 1,
	"\uAA80": 1,
	"\uAA81": 1,
	"\uAA82": 1,
	"\uAA83": 1,
	"\uAA84": 1,
	"\uAA85": 1,
	"\uAA86": 1,
	"\uAA87": 1,
	"\uAA88": 1,
	"\uAA89": 1,
	"\uAA8A": 1,
	"\uAA8B": 1,
	"\uAA8C": 1,
	"\uAA8D": 1,
	"\uAA8E": 1,
	"\uAA8F": 1,
	"\uAA90": 1,
	"\uAA91": 1,
	"\uAA92": 1,
	"\uAA93": 1,
	"\uAA94": 1,
	"\uAA95": 1,
	"\uAA96": 1,
	"\uAA97": 1,
	"\uAA98": 1,
	"\uAA99": 1,
	"\uAA9A": 1,
	"\uAA9B": 1,
	"\uAA9C": 1,
	"\uAA9D": 1,
	"\uAA9E": 1,
	"\uAA9F": 1,
	"\uAAA0": 1,
	"\uAAA1": 1,
	"\uAAA2": 1,
	"\uAAA3": 1,
	"\uAAA4": 1,
	"\uAAA5": 1,
	"\uAAA6": 1,
	"\uAAA7": 1,
	"\uAAA8": 1,
	"\uAAA9": 1,
	"\uAAAA": 1,
	"\uAAAB": 1,
	"\uAAAC": 1,
	"\uAAAD": 1,
	"\uAAAE": 1,
	"\uAAAF": 1,
	"\uAAB1": 1,
	"\uAAB5": 1,
	"\uAAB6": 1,
	"\uAAB9": 1,
	"\uAABA": 1,
	"\uAABB": 1,
	"\uAABC": 1,
	"\uAABD": 1,
	"\uAAC0": 1,
	"\uAAC2": 1,
	"\uAADB": 1,
	"\uAADC": 1,
	"\uABC0": 1,
	"\uABC1": 1,
	"\uABC2": 1,
	"\uABC3": 1,
	"\uABC4": 1,
	"\uABC5": 1,
	"\uABC6": 1,
	"\uABC7": 1,
	"\uABC8": 1,
	"\uABC9": 1,
	"\uABCA": 1,
	"\uABCB": 1,
	"\uABCC": 1,
	"\uABCD": 1,
	"\uABCE": 1,
	"\uABCF": 1,
	"\uABD0": 1,
	"\uABD1": 1,
	"\uABD2": 1,
	"\uABD3": 1,
	"\uABD4": 1,
	"\uABD5": 1,
	"\uABD6": 1,
	"\uABD7": 1,
	"\uABD8": 1,
	"\uABD9": 1,
	"\uABDA": 1,
	"\uABDB": 1,
	"\uABDC": 1,
	"\uABDD": 1,
	"\uABDE": 1,
	"\uABDF": 1,
	"\uABE0": 1,
	"\uABE1": 1,
	"\uABE2": 1,
	"\uFB1D": 1,
	"\uFB1F": 1,
	"\uFB20": 1,
	"\uFB21": 1,
	"\uFB22": 1,
	"\uFB23": 1,
	"\uFB24": 1,
	"\uFB25": 1,
	"\uFB26": 1,
	"\uFB27": 1,
	"\uFB28": 1,
	"\uFB2A": 1,
	"\uFB2B": 1,
	"\uFB2C": 1,
	"\uFB2D": 1,
	"\uFB2E": 1,
	"\uFB2F": 1,
	"\uFB30": 1,
	"\uFB31": 1,
	"\uFB32": 1,
	"\uFB33": 1,
	"\uFB34": 1,
	"\uFB35": 1,
	"\uFB36": 1,
	"\uFB38": 1,
	"\uFB39": 1,
	"\uFB3A": 1,
	"\uFB3B": 1,
	"\uFB3C": 1,
	"\uFB3E": 1,
	"\uFB40": 1,
	"\uFB41": 1,
	"\uFB43": 1,
	"\uFB44": 1,
	"\uFB46": 1,
	"\uFB47": 1,
	"\uFB48": 1,
	"\uFB49": 1,
	"\uFB4A": 1,
	"\uFB4B": 1,
	"\uFB4C": 1,
	"\uFB4D": 1,
	"\uFB4E": 1,
	"\uFB4F": 1,
	"\uFB50": 1,
	"\uFB51": 1,
	"\uFB52": 1,
	"\uFB53": 1,
	"\uFB54": 1,
	"\uFB55": 1,
	"\uFB56": 1,
	"\uFB57": 1,
	"\uFB58": 1,
	"\uFB59": 1,
	"\uFB5A": 1,
	"\uFB5B": 1,
	"\uFB5C": 1,
	"\uFB5D": 1,
	"\uFB5E": 1,
	"\uFB5F": 1,
	"\uFB60": 1,
	"\uFB61": 1,
	"\uFB62": 1,
	"\uFB63": 1,
	"\uFB64": 1,
	"\uFB65": 1,
	"\uFB66": 1,
	"\uFB67": 1,
	"\uFB68": 1,
	"\uFB69": 1,
	"\uFB6A": 1,
	"\uFB6B": 1,
	"\uFB6C": 1,
	"\uFB6D": 1,
	"\uFB6E": 1,
	"\uFB6F": 1,
	"\uFB70": 1,
	"\uFB71": 1,
	"\uFB72": 1,
	"\uFB73": 1,
	"\uFB74": 1,
	"\uFB75": 1,
	"\uFB76": 1,
	"\uFB77": 1,
	"\uFB78": 1,
	"\uFB79": 1,
	"\uFB7A": 1,
	"\uFB7B": 1,
	"\uFB7C": 1,
	"\uFB7D": 1,
	"\uFB7E": 1,
	"\uFB7F": 1,
	"\uFB80": 1,
	"\uFB81": 1,
	"\uFB82": 1,
	"\uFB83": 1,
	"\uFB84": 1,
	"\uFB85": 1,
	"\uFB86": 1,
	"\uFB87": 1,
	"\uFB88": 1,
	"\uFB89": 1,
	"\uFB8A": 1,
	"\uFB8B": 1,
	"\uFB8C": 1,
	"\uFB8D": 1,
	"\uFB8E": 1,
	"\uFB8F": 1,
	"\uFB90": 1,
	"\uFB91": 1,
	"\uFB92": 1,
	"\uFB93": 1,
	"\uFB94": 1,
	"\uFB95": 1,
	"\uFB96": 1,
	"\uFB97": 1,
	"\uFB98": 1,
	"\uFB99": 1,
	"\uFB9A": 1,
	"\uFB9B": 1,
	"\uFB9C": 1,
	"\uFB9D": 1,
	"\uFB9E": 1,
	"\uFB9F": 1,
	"\uFBA0": 1,
	"\uFBA1": 1,
	"\uFBA2": 1,
	"\uFBA3": 1,
	"\uFBA4": 1,
	"\uFBA5": 1,
	"\uFBA6": 1,
	"\uFBA7": 1,
	"\uFBA8": 1,
	"\uFBA9": 1,
	"\uFBAA": 1,
	"\uFBAB": 1,
	"\uFBAC": 1,
	"\uFBAD": 1,
	"\uFBAE": 1,
	"\uFBAF": 1,
	"\uFBB0": 1,
	"\uFBB1": 1,
	"\uFBD3": 1,
	"\uFBD4": 1,
	"\uFBD5": 1,
	"\uFBD6": 1,
	"\uFBD7": 1,
	"\uFBD8": 1,
	"\uFBD9": 1,
	"\uFBDA": 1,
	"\uFBDB": 1,
	"\uFBDC": 1,
	"\uFBDD": 1,
	"\uFBDE": 1,
	"\uFBDF": 1,
	"\uFBE0": 1,
	"\uFBE1": 1,
	"\uFBE2": 1,
	"\uFBE3": 1,
	"\uFBE4": 1,
	"\uFBE5": 1,
	"\uFBE6": 1,
	"\uFBE7": 1,
	"\uFBE8": 1,
	"\uFBE9": 1,
	"\uFBEA": 1,
	"\uFBEB": 1,
	"\uFBEC": 1,
	"\uFBED": 1,
	"\uFBEE": 1,
	"\uFBEF": 1,
	"\uFBF0": 1,
	"\uFBF1": 1,
	"\uFBF2": 1,
	"\uFBF3": 1,
	"\uFBF4": 1,
	"\uFBF5": 1,
	"\uFBF6": 1,
	"\uFBF7": 1,
	"\uFBF8": 1,
	"\uFBF9": 1,
	"\uFBFA": 1,
	"\uFBFB": 1,
	"\uFBFC": 1,
	"\uFBFD": 1,
	"\uFBFE": 1,
	"\uFBFF": 1,
	"\uFC00": 1,
	"\uFC01": 1,
	"\uFC02": 1,
	"\uFC03": 1,
	"\uFC04": 1,
	"\uFC05": 1,
	"\uFC06": 1,
	"\uFC07": 1,
	"\uFC08": 1,
	"\uFC09": 1,
	"\uFC0A": 1,
	"\uFC0B": 1,
	"\uFC0C": 1,
	"\uFC0D": 1,
	"\uFC0E": 1,
	"\uFC0F": 1,
	"\uFC10": 1,
	"\uFC11": 1,
	"\uFC12": 1,
	"\uFC13": 1,
	"\uFC14": 1,
	"\uFC15": 1,
	"\uFC16": 1,
	"\uFC17": 1,
	"\uFC18": 1,
	"\uFC19": 1,
	"\uFC1A": 1,
	"\uFC1B": 1,
	"\uFC1C": 1,
	"\uFC1D": 1,
	"\uFC1E": 1,
	"\uFC1F": 1,
	"\uFC20": 1,
	"\uFC21": 1,
	"\uFC22": 1,
	"\uFC23": 1,
	"\uFC24": 1,
	"\uFC25": 1,
	"\uFC26": 1,
	"\uFC27": 1,
	"\uFC28": 1,
	"\uFC29": 1,
	"\uFC2A": 1,
	"\uFC2B": 1,
	"\uFC2C": 1,
	"\uFC2D": 1,
	"\uFC2E": 1,
	"\uFC2F": 1,
	"\uFC30": 1,
	"\uFC31": 1,
	"\uFC32": 1,
	"\uFC33": 1,
	"\uFC34": 1,
	"\uFC35": 1,
	"\uFC36": 1,
	"\uFC37": 1,
	"\uFC38": 1,
	"\uFC39": 1,
	"\uFC3A": 1,
	"\uFC3B": 1,
	"\uFC3C": 1,
	"\uFC3D": 1,
	"\uFC3E": 1,
	"\uFC3F": 1,
	"\uFC40": 1,
	"\uFC41": 1,
	"\uFC42": 1,
	"\uFC43": 1,
	"\uFC44": 1,
	"\uFC45": 1,
	"\uFC46": 1,
	"\uFC47": 1,
	"\uFC48": 1,
	"\uFC49": 1,
	"\uFC4A": 1,
	"\uFC4B": 1,
	"\uFC4C": 1,
	"\uFC4D": 1,
	"\uFC4E": 1,
	"\uFC4F": 1,
	"\uFC50": 1,
	"\uFC51": 1,
	"\uFC52": 1,
	"\uFC53": 1,
	"\uFC54": 1,
	"\uFC55": 1,
	"\uFC56": 1,
	"\uFC57": 1,
	"\uFC58": 1,
	"\uFC59": 1,
	"\uFC5A": 1,
	"\uFC5B": 1,
	"\uFC5C": 1,
	"\uFC5D": 1,
	"\uFC5E": 1,
	"\uFC5F": 1,
	"\uFC60": 1,
	"\uFC61": 1,
	"\uFC62": 1,
	"\uFC63": 1,
	"\uFC64": 1,
	"\uFC65": 1,
	"\uFC66": 1,
	"\uFC67": 1,
	"\uFC68": 1,
	"\uFC69": 1,
	"\uFC6A": 1,
	"\uFC6B": 1,
	"\uFC6C": 1,
	"\uFC6D": 1,
	"\uFC6E": 1,
	"\uFC6F": 1,
	"\uFC70": 1,
	"\uFC71": 1,
	"\uFC72": 1,
	"\uFC73": 1,
	"\uFC74": 1,
	"\uFC75": 1,
	"\uFC76": 1,
	"\uFC77": 1,
	"\uFC78": 1,
	"\uFC79": 1,
	"\uFC7A": 1,
	"\uFC7B": 1,
	"\uFC7C": 1,
	"\uFC7D": 1,
	"\uFC7E": 1,
	"\uFC7F": 1,
	"\uFC80": 1,
	"\uFC81": 1,
	"\uFC82": 1,
	"\uFC83": 1,
	"\uFC84": 1,
	"\uFC85": 1,
	"\uFC86": 1,
	"\uFC87": 1,
	"\uFC88": 1,
	"\uFC89": 1,
	"\uFC8A": 1,
	"\uFC8B": 1,
	"\uFC8C": 1,
	"\uFC8D": 1,
	"\uFC8E": 1,
	"\uFC8F": 1,
	"\uFC90": 1,
	"\uFC91": 1,
	"\uFC92": 1,
	"\uFC93": 1,
	"\uFC94": 1,
	"\uFC95": 1,
	"\uFC96": 1,
	"\uFC97": 1,
	"\uFC98": 1,
	"\uFC99": 1,
	"\uFC9A": 1,
	"\uFC9B": 1,
	"\uFC9C": 1,
	"\uFC9D": 1,
	"\uFC9E": 1,
	"\uFC9F": 1,
	"\uFCA0": 1,
	"\uFCA1": 1,
	"\uFCA2": 1,
	"\uFCA3": 1,
	"\uFCA4": 1,
	"\uFCA5": 1,
	"\uFCA6": 1,
	"\uFCA7": 1,
	"\uFCA8": 1,
	"\uFCA9": 1,
	"\uFCAA": 1,
	"\uFCAB": 1,
	"\uFCAC": 1,
	"\uFCAD": 1,
	"\uFCAE": 1,
	"\uFCAF": 1,
	"\uFCB0": 1,
	"\uFCB1": 1,
	"\uFCB2": 1,
	"\uFCB3": 1,
	"\uFCB4": 1,
	"\uFCB5": 1,
	"\uFCB6": 1,
	"\uFCB7": 1,
	"\uFCB8": 1,
	"\uFCB9": 1,
	"\uFCBA": 1,
	"\uFCBB": 1,
	"\uFCBC": 1,
	"\uFCBD": 1,
	"\uFCBE": 1,
	"\uFCBF": 1,
	"\uFCC0": 1,
	"\uFCC1": 1,
	"\uFCC2": 1,
	"\uFCC3": 1,
	"\uFCC4": 1,
	"\uFCC5": 1,
	"\uFCC6": 1,
	"\uFCC7": 1,
	"\uFCC8": 1,
	"\uFCC9": 1,
	"\uFCCA": 1,
	"\uFCCB": 1,
	"\uFCCC": 1,
	"\uFCCD": 1,
	"\uFCCE": 1,
	"\uFCCF": 1,
	"\uFCD0": 1,
	"\uFCD1": 1,
	"\uFCD2": 1,
	"\uFCD3": 1,
	"\uFCD4": 1,
	"\uFCD5": 1,
	"\uFCD6": 1,
	"\uFCD7": 1,
	"\uFCD8": 1,
	"\uFCD9": 1,
	"\uFCDA": 1,
	"\uFCDB": 1,
	"\uFCDC": 1,
	"\uFCDD": 1,
	"\uFCDE": 1,
	"\uFCDF": 1,
	"\uFCE0": 1,
	"\uFCE1": 1,
	"\uFCE2": 1,
	"\uFCE3": 1,
	"\uFCE4": 1,
	"\uFCE5": 1,
	"\uFCE6": 1,
	"\uFCE7": 1,
	"\uFCE8": 1,
	"\uFCE9": 1,
	"\uFCEA": 1,
	"\uFCEB": 1,
	"\uFCEC": 1,
	"\uFCED": 1,
	"\uFCEE": 1,
	"\uFCEF": 1,
	"\uFCF0": 1,
	"\uFCF1": 1,
	"\uFCF2": 1,
	"\uFCF3": 1,
	"\uFCF4": 1,
	"\uFCF5": 1,
	"\uFCF6": 1,
	"\uFCF7": 1,
	"\uFCF8": 1,
	"\uFCF9": 1,
	"\uFCFA": 1,
	"\uFCFB": 1,
	"\uFCFC": 1,
	"\uFCFD": 1,
	"\uFCFE": 1,
	"\uFCFF": 1,
	"\uFD00": 1,
	"\uFD01": 1,
	"\uFD02": 1,
	"\uFD03": 1,
	"\uFD04": 1,
	"\uFD05": 1,
	"\uFD06": 1,
	"\uFD07": 1,
	"\uFD08": 1,
	"\uFD09": 1,
	"\uFD0A": 1,
	"\uFD0B": 1,
	"\uFD0C": 1,
	"\uFD0D": 1,
	"\uFD0E": 1,
	"\uFD0F": 1,
	"\uFD10": 1,
	"\uFD11": 1,
	"\uFD12": 1,
	"\uFD13": 1,
	"\uFD14": 1,
	"\uFD15": 1,
	"\uFD16": 1,
	"\uFD17": 1,
	"\uFD18": 1,
	"\uFD19": 1,
	"\uFD1A": 1,
	"\uFD1B": 1,
	"\uFD1C": 1,
	"\uFD1D": 1,
	"\uFD1E": 1,
	"\uFD1F": 1,
	"\uFD20": 1,
	"\uFD21": 1,
	"\uFD22": 1,
	"\uFD23": 1,
	"\uFD24": 1,
	"\uFD25": 1,
	"\uFD26": 1,
	"\uFD27": 1,
	"\uFD28": 1,
	"\uFD29": 1,
	"\uFD2A": 1,
	"\uFD2B": 1,
	"\uFD2C": 1,
	"\uFD2D": 1,
	"\uFD2E": 1,
	"\uFD2F": 1,
	"\uFD30": 1,
	"\uFD31": 1,
	"\uFD32": 1,
	"\uFD33": 1,
	"\uFD34": 1,
	"\uFD35": 1,
	"\uFD36": 1,
	"\uFD37": 1,
	"\uFD38": 1,
	"\uFD39": 1,
	"\uFD3A": 1,
	"\uFD3B": 1,
	"\uFD3C": 1,
	"\uFD3D": 1,
	"\uFD50": 1,
	"\uFD51": 1,
	"\uFD52": 1,
	"\uFD53": 1,
	"\uFD54": 1,
	"\uFD55": 1,
	"\uFD56": 1,
	"\uFD57": 1,
	"\uFD58": 1,
	"\uFD59": 1,
	"\uFD5A": 1,
	"\uFD5B": 1,
	"\uFD5C": 1,
	"\uFD5D": 1,
	"\uFD5E": 1,
	"\uFD5F": 1,
	"\uFD60": 1,
	"\uFD61": 1,
	"\uFD62": 1,
	"\uFD63": 1,
	"\uFD64": 1,
	"\uFD65": 1,
	"\uFD66": 1,
	"\uFD67": 1,
	"\uFD68": 1,
	"\uFD69": 1,
	"\uFD6A": 1,
	"\uFD6B": 1,
	"\uFD6C": 1,
	"\uFD6D": 1,
	"\uFD6E": 1,
	"\uFD6F": 1,
	"\uFD70": 1,
	"\uFD71": 1,
	"\uFD72": 1,
	"\uFD73": 1,
	"\uFD74": 1,
	"\uFD75": 1,
	"\uFD76": 1,
	"\uFD77": 1,
	"\uFD78": 1,
	"\uFD79": 1,
	"\uFD7A": 1,
	"\uFD7B": 1,
	"\uFD7C": 1,
	"\uFD7D": 1,
	"\uFD7E": 1,
	"\uFD7F": 1,
	"\uFD80": 1,
	"\uFD81": 1,
	"\uFD82": 1,
	"\uFD83": 1,
	"\uFD84": 1,
	"\uFD85": 1,
	"\uFD86": 1,
	"\uFD87": 1,
	"\uFD88": 1,
	"\uFD89": 1,
	"\uFD8A": 1,
	"\uFD8B": 1,
	"\uFD8C": 1,
	"\uFD8D": 1,
	"\uFD8E": 1,
	"\uFD8F": 1,
	"\uFD92": 1,
	"\uFD93": 1,
	"\uFD94": 1,
	"\uFD95": 1,
	"\uFD96": 1,
	"\uFD97": 1,
	"\uFD98": 1,
	"\uFD99": 1,
	"\uFD9A": 1,
	"\uFD9B": 1,
	"\uFD9C": 1,
	"\uFD9D": 1,
	"\uFD9E": 1,
	"\uFD9F": 1,
	"\uFDA0": 1,
	"\uFDA1": 1,
	"\uFDA2": 1,
	"\uFDA3": 1,
	"\uFDA4": 1,
	"\uFDA5": 1,
	"\uFDA6": 1,
	"\uFDA7": 1,
	"\uFDA8": 1,
	"\uFDA9": 1,
	"\uFDAA": 1,
	"\uFDAB": 1,
	"\uFDAC": 1,
	"\uFDAD": 1,
	"\uFDAE": 1,
	"\uFDAF": 1,
	"\uFDB0": 1,
	"\uFDB1": 1,
	"\uFDB2": 1,
	"\uFDB3": 1,
	"\uFDB4": 1,
	"\uFDB5": 1,
	"\uFDB6": 1,
	"\uFDB7": 1,
	"\uFDB8": 1,
	"\uFDB9": 1,
	"\uFDBA": 1,
	"\uFDBB": 1,
	"\uFDBC": 1,
	"\uFDBD": 1,
	"\uFDBE": 1,
	"\uFDBF": 1,
	"\uFDC0": 1,
	"\uFDC1": 1,
	"\uFDC2": 1,
	"\uFDC3": 1,
	"\uFDC4": 1,
	"\uFDC5": 1,
	"\uFDC6": 1,
	"\uFDC7": 1,
	"\uFDF0": 1,
	"\uFDF1": 1,
	"\uFDF2": 1,
	"\uFDF3": 1,
	"\uFDF4": 1,
	"\uFDF5": 1,
	"\uFDF6": 1,
	"\uFDF7": 1,
	"\uFDF8": 1,
	"\uFDF9": 1,
	"\uFDFA": 1,
	"\uFDFB": 1,
	"\uFE70": 1,
	"\uFE71": 1,
	"\uFE72": 1,
	"\uFE73": 1,
	"\uFE74": 1,
	"\uFE76": 1,
	"\uFE77": 1,
	"\uFE78": 1,
	"\uFE79": 1,
	"\uFE7A": 1,
	"\uFE7B": 1,
	"\uFE7C": 1,
	"\uFE7D": 1,
	"\uFE7E": 1,
	"\uFE7F": 1,
	"\uFE80": 1,
	"\uFE81": 1,
	"\uFE82": 1,
	"\uFE83": 1,
	"\uFE84": 1,
	"\uFE85": 1,
	"\uFE86": 1,
	"\uFE87": 1,
	"\uFE88": 1,
	"\uFE89": 1,
	"\uFE8A": 1,
	"\uFE8B": 1,
	"\uFE8C": 1,
	"\uFE8D": 1,
	"\uFE8E": 1,
	"\uFE8F": 1,
	"\uFE90": 1,
	"\uFE91": 1,
	"\uFE92": 1,
	"\uFE93": 1,
	"\uFE94": 1,
	"\uFE95": 1,
	"\uFE96": 1,
	"\uFE97": 1,
	"\uFE98": 1,
	"\uFE99": 1,
	"\uFE9A": 1,
	"\uFE9B": 1,
	"\uFE9C": 1,
	"\uFE9D": 1,
	"\uFE9E": 1,
	"\uFE9F": 1,
	"\uFEA0": 1,
	"\uFEA1": 1,
	"\uFEA2": 1,
	"\uFEA3": 1,
	"\uFEA4": 1,
	"\uFEA5": 1,
	"\uFEA6": 1,
	"\uFEA7": 1,
	"\uFEA8": 1,
	"\uFEA9": 1,
	"\uFEAA": 1,
	"\uFEAB": 1,
	"\uFEAC": 1,
	"\uFEAD": 1,
	"\uFEAE": 1,
	"\uFEAF": 1,
	"\uFEB0": 1,
	"\uFEB1": 1,
	"\uFEB2": 1,
	"\uFEB3": 1,
	"\uFEB4": 1,
	"\uFEB5": 1,
	"\uFEB6": 1,
	"\uFEB7": 1,
	"\uFEB8": 1,
	"\uFEB9": 1,
	"\uFEBA": 1,
	"\uFEBB": 1,
	"\uFEBC": 1,
	"\uFEBD": 1,
	"\uFEBE": 1,
	"\uFEBF": 1,
	"\uFEC0": 1,
	"\uFEC1": 1,
	"\uFEC2": 1,
	"\uFEC3": 1,
	"\uFEC4": 1,
	"\uFEC5": 1,
	"\uFEC6": 1,
	"\uFEC7": 1,
	"\uFEC8": 1,
	"\uFEC9": 1,
	"\uFECA": 1,
	"\uFECB": 1,
	"\uFECC": 1,
	"\uFECD": 1,
	"\uFECE": 1,
	"\uFECF": 1,
	"\uFED0": 1,
	"\uFED1": 1,
	"\uFED2": 1,
	"\uFED3": 1,
	"\uFED4": 1,
	"\uFED5": 1,
	"\uFED6": 1,
	"\uFED7": 1,
	"\uFED8": 1,
	"\uFED9": 1,
	"\uFEDA": 1,
	"\uFEDB": 1,
	"\uFEDC": 1,
	"\uFEDD": 1,
	"\uFEDE": 1,
	"\uFEDF": 1,
	"\uFEE0": 1,
	"\uFEE1": 1,
	"\uFEE2": 1,
	"\uFEE3": 1,
	"\uFEE4": 1,
	"\uFEE5": 1,
	"\uFEE6": 1,
	"\uFEE7": 1,
	"\uFEE8": 1,
	"\uFEE9": 1,
	"\uFEEA": 1,
	"\uFEEB": 1,
	"\uFEEC": 1,
	"\uFEED": 1,
	"\uFEEE": 1,
	"\uFEEF": 1,
	"\uFEF0": 1,
	"\uFEF1": 1,
	"\uFEF2": 1,
	"\uFEF3": 1,
	"\uFEF4": 1,
	"\uFEF5": 1,
	"\uFEF6": 1,
	"\uFEF7": 1,
	"\uFEF8": 1,
	"\uFEF9": 1,
	"\uFEFA": 1,
	"\uFEFB": 1,
	"\uFEFC": 1
}