{
	"\u002D": 1,
	"\u058A": 1,
	"\u05BE": 1,
	"\u1400": 1,
	"\u1806": 1,
	"\u2010": 1,
	"\u2015": 1,
	"\u2053": 1,
	"\u207B": 1,
	"\u208B": 1,
	"\u2212": 1,
	"\u2E17": 1,
	"\u2E1A": 1,
	"\u301C": 1,
	"\u3030": 1,
	"\u30A0": 1,
	"\uFE31": 1,
	"\uFE32": 1,
	"\uFE58": 1,
	"\uFE63": 1,
	"\uFF0D": 1,
	"\u00AD": 1,
	"\u2011": 1,
	"\u30FB": 1,
	"\uFF65": 1,

	"\u0022": 1,
	"\u0027": 1,
	"\u00AB": 1,
	"\u00BB": 1,
	"\u2018": 1,
	"\u2019": 1,
	"\u201A": 1,
	"\u201B": 1,
	"\u201C": 1,
	"\u201D": 1,
	"\u201E": 1,
	"\u201F": 1,
	"\u2039": 1,
	"\u203A": 1,
	"\u300C": 1,
	"\u300D": 1,
	"\u300E": 1,
	"\u300F": 1,
	"\u301D": 1,
	"\u301E": 1,
	"\u301F": 1,
	"\uFE41": 1,
	"\uFE42": 1,
	"\uFE43": 1,
	"\uFE44": 1,
	"\uFF02": 1,
	"\uFF07": 1,
	"\uFF62": 1,
	"\uFF63": 1,

	"\u0021": 1,
	"\u002C": 1,
	"\u002E": 1,
	"\u003A": 1,
	"\u003B": 1,
	"\u003F": 1,
	"\u037E": 1,
	"\u0387": 1,
	"\u0589": 1,
	"\u05C3": 1,
	"\u060C": 1,
	"\u061B": 1,
	"\u061F": 1,
	"\u06D4": 1,
	"\u0700": 1,
	"\u0701": 1,
	"\u0702": 1,
	"\u0703": 1,
	"\u0704": 1,
	"\u0705": 1,
	"\u0706": 1,
	"\u0707": 1,
	"\u0708": 1,
	"\u0709": 1,
	"\u070A": 1,
	"\u070C": 1,
	"\u07F8": 1,
	"\u07F9": 1,
	"\u0830": 1,
	"\u0831": 1,
	"\u0832": 1,
	"\u0833": 1,
	"\u0834": 1,
	"\u0835": 1,
	"\u0836": 1,
	"\u0837": 1,
	"\u0838": 1,
	"\u0839": 1,
	"\u083A": 1,
	"\u083B": 1,
	"\u083C": 1,
	"\u083D": 1,
	"\u083E": 1,
	"\u0964": 1,
	"\u0965": 1,
	"\u0E5A": 1,
	"\u0E5B": 1,
	"\u0F08": 1,
	"\u0F0D": 1,
	"\u0F0E": 1,
	"\u0F0F": 1,
	"\u0F10": 1,
	"\u0F11": 1,
	"\u0F12": 1,
	"\u104A": 1,
	"\u104B": 1,
	"\u1361": 1,
	"\u1362": 1,
	"\u1363": 1,
	"\u1364": 1,
	"\u1365": 1,
	"\u1366": 1,
	"\u1367": 1,
	"\u1368": 1,
	"\u166D": 1,
	"\u166E": 1,
	"\u16EB": 1,
	"\u16EC": 1,
	"\u16ED": 1,
	"\u17D4": 1,
	"\u17D5": 1,
	"\u17D6": 1,
	"\u17DA": 1,
	"\u1802": 1,
	"\u1803": 1,
	"\u1804": 1,
	"\u1805": 1,
	"\u1808": 1,
	"\u1809": 1,
	"\u1944": 1,
	"\u1945": 1,
	"\u1AA8": 1,
	"\u1AA9": 1,
	"\u1AAA": 1,
	"\u1AAB": 1,
	"\u1B5A": 1,
	"\u1B5B": 1,
	"\u1B5D": 1,
	"\u1B5E": 1,
	"\u1B5F": 1,
	"\u1C3B": 1,
	"\u1C3C": 1,
	"\u1C3D": 1,
	"\u1C3E": 1,
	"\u1C3F": 1,
	"\u1C7E": 1,
	"\u1C7F": 1,
	"\u203C": 1,
	"\u203D": 1,
	"\u2047": 1,
	"\u2048": 1,
	"\u2049": 1,
	"\u2E2E": 1,
	"\u3001": 1,
	"\u3002": 1,
	"\uA4FE": 1,
	"\uA4FF": 1,
	"\uA60D": 1,
	"\uA60E": 1,
	"\uA60F": 1,
	"\uA6F3": 1,
	"\uA6F4": 1,
	"\uA6F5": 1,
	"\uA6F6": 1,
	"\uA6F7": 1,
	"\uA876": 1,
	"\uA877": 1,
	"\uA8CE": 1,
	"\uA8CF": 1,
	"\uA92F": 1,
	"\uA9C7": 1,
	"\uA9C8": 1,
	"\uA9C9": 1,
	"\uAA5D": 1,
	"\uAA5E": 1,
	"\uAA5F": 1,
	"\uAADF": 1,
	"\uABEB": 1,
	"\uFE50": 1,
	"\uFE51": 1,
	"\uFE52": 1,
	"\uFE53": 1,
	"\uFE54": 1,
	"\uFE55": 1,
	"\uFE56": 1,
	"\uFE57": 1,
	"\uFF01": 1,
	"\uFF0C": 1,
	"\uFF0E": 1,
	"\uFF1A": 1,
	"\uFF1B": 1,
	"\uFF1F": 1,
	"\uFF61": 1,
	"\uFF64": 1
}
