{
	"baseChars": {
		"À": "A",
		"Á": "A",
		"Â": "A",
		"Ã": "A",
		"Ä": "A",
		"Å": "A",
		"Ā": "A",
		"Ă": "A",
		"Ą": "A",
		"Ǎ": "A",
		"Ǟ": "A",
		"Ǡ": "A",
		"Ǻ": "A",
		"Ȁ": "A",
		"Ȃ": "A",
		"Ǣ": "AE",
		"Æ": "AE",
		"Ǽ": "AE",
		"Ç": "C",
		"Ć": "C",
		"Ĉ": "C",
		"Ċ": "C",
		"Č": "C",
		"Ď": "D",
		"Đ": "D",
		"Ð": "D",
		"Ɖ": "D",
		"Ǳ": "DZ",
		"ǲ": "Dz",
		"Ǆ": "DZ",
		"ǅ": "Dz",
		"È": "E",
		"É": "E",
		"Ê": "E",
		"Ë": "E",
		"Ē": "E",
		"Ĕ": "E",
		"Ė": "E",
		"Ę": "E",
		"Ě": "E",
		"Ȅ": "E",
		"Ȇ": "E",
		"Ĝ": "G",
		"Ğ": "G",
		"Ġ": "G",
		"Ģ": "G",
		"Ǥ": "G",
		"Ǧ": "G",
		"Ǵ": "G",
		"Ĥ": "H",
		"Ħ": "H",
		"Ì": "I",
		"Í": "I",
		"Î": "I",
		"Ï": "I",
		"Ĩ": "I",
		"Ī": "I",
		"Ĭ": "I",
		"Į": "I",
		"İ": "I",
		"Ǐ": "I",
		"Ȉ": "I",
		"Ȋ": "I",
		"Ĳ": "IJ",
		"Ĵ": "J",
		"Ķ": "K",
		"Ǩ": "K",
		"Ĺ": "L",
		"Ļ": "L",
		"Ľ": "L",
		"Ŀ": "L",
		"Ł": "L",
		"Ǉ": "LJ",
		"ǈ": "Lj",
		"Ñ": "N",
		"Ń": "N",
		"Ņ": "N",
		"Ň": "N",
		"Ǌ": "NJ",
		"ǋ": "Nj",
		"Ò": "O",
		"Ó": "O",
		"Ô": "O",
		"Õ": "O",
		"Ö": "O",
		"Ø": "O",
		"Ō": "O",
		"Ŏ": "O",
		"Ő": "O",
		"Ǒ": "O",
		"Ȍ": "O",
		"Ȏ": "O",
		"Ǿ": "O",
		"Ǫ": "O",
		"Ǭ": "O",
		"Œ": "OE",
		"Ŕ": "R",
		"Ŗ": "R",
		"Ř": "R",
		"Ȑ": "R",
		"Ȓ": "R",
		"Š": "S",
		"Ś": "S",
		"Ŝ": "S",
		"Ş": "S",
		"Š": "S",
		"Ţ": "T",
		"Ť": "T",
		"Ŧ": "T",
		"Ù": "U",
		"Ú": "U",
		"Û": "U",
		"Ü": "U",
		"Ǔ": "U",
		"Ǖ": "U",
		"Ǘ": "U",
		"Ǚ": "U",
		"Ǜ": "U",
		"Ũ": "U",
		"Ū": "U",
		"Ŭ": "U",
		"Ů": "U",
		"Ű": "U",
		"Ų": "U",
		"Ȕ": "U",
		"Ȗ": "U",
		"Ŵ": "W",
		"Ý": "Y",
		"Ŷ": "Y",
		"Ÿ": "Y",
		"Ź": "Z",
		"Ż": "Z",
		"Ž": "Z",
	
		"à": "a",
		"á": "a",
		"â": "a",
		"ã": "a",
		"ä": "a",
		"å": "a",
		"ā": "a",
		"ă": "a",
		"ą": "a",
		"ǎ": "a",
		"ǟ": "a",
		"ǡ": "a",
		"ȁ": "a",
		"ȃ": "a",
		"ǻ": "a",
		"ǽ": "ae",
		"æ": "ae",
		"ǣ": "ae",
		"ç": "c",
		"ć": "c",
		"ĉ": "c",
		"ċ": "c",
		"č": "c",
		"ď": "d",
		"đ": "d",
		"ǳ": "dz",
		"ǆ": "dz",
		"ð": "d",
		"è": "e",
		"é": "e",
		"ê": "e",
		"ë": "e",
		"ē": "e",
		"ĕ": "e",
		"ė": "e",
		"ę": "e",
		"ě": "e",
		"ǝ": "e",
		"ȅ": "e",
		"ȇ": "e",
		"ĝ": "g",
		"ğ": "g",
		"ġ": "g",
		"ģ": "g",
		"ǵ": "g",
		"ǥ": "g",
		"ǧ": "g",
		"ĥ": "h",
		"ħ": "h",
		"ĩ": "i",
		"ī": "i",
		"ĭ": "i",
		"į": "i",
		"ı": "i",
		"ǐ": "i",
		"ȉ": "i",
		"ȋ": "i",
		"ì": "i",
		"í": "i",
		"î": "i",
		"ï": "i",
		"ĳ": "ij",
		"ĵ": "j",
		"ǰ": "j",
		"ķ": "k",
		"ǩ": "k",
		"ĺ": "l",
		"ļ": "l",
		"ľ": "l",
		"ŀ": "l",
		"ł": "l",
		"ǉ": "lj",
		"ñ": "n",
		"ń": "n",
		"ņ": "n",
		"ň": "n",
		"ŉ": "n",
		"ǌ": "nj",
		"ò": "o",
		"ó": "o",
		"ô": "o",
		"õ": "o",
		"ö": "o",
		"ø": "o",
		"ō": "o",
		"ŏ": "o",
		"ő": "o",
		"ǒ": "o",
		"ǫ": "o",
		"ǭ": "o",
		"ǿ": "o",
		"ȍ": "o",
		"ȏ": "o",
		"œ": "oe",
		"ŕ": "r",
		"ŗ": "r",
		"ř": "r",
		"ȑ": "r",
		"ȓ": "r",
		"š": "s",
		"ś": "s",
		"ŝ": "s",
		"ş": "s",
		"š": "s",
		"ß": "ss",
		"ţ": "t",
		"ť": "t",
		"ŧ": "t",
		"ù": "u",
		"ú": "u",
		"û": "u",
		"ü": "u",
		"ũ": "u",
		"ū": "u",
		"ŭ": "u",
		"ů": "u",
		"ű": "u",
		"ų": "u",
		"ǔ": "u",
		"ǖ": "u",
		"ǘ": "u",
		"ǚ": "u",
		"ǜ": "u",
		"ȕ": "u",
		"ȗ": "u",
		"ŵ": "w",
		"ŷ": "y",
		"ý": "y",
		"ÿ": "y",
		"ž": "z",
		"ź": "z",
		"ż": "z"
	},
	"upperMap": {
		"a": "A",
		"b": "B",
		"c": "C",
		"d": "D",
		"e": "E",
		"f": "F",
		"g": "G",
		"h": "H",
		"i": "I",
		"j": "J",
		"k": "K",
		"l": "L",
		"m": "M",
		"n": "N",
		"o": "O",
		"p": "P",
		"q": "Q",
		"r": "R",
		"s": "S",
		"t": "T",
		"u": "U",
		"v": "V",
		"w": "W",
		"x": "X",
		"y": "Y",
		"z": "Z",
		
		"ǲ": "Ǳ",
		"ǅ": "Ǆ",
		"ǈ": "Ǉ",
		"ǋ": "Ǌ",
		
		"à": "À",
		"á": "Á",
		"â": "Â",
		"ã": "Ã",
		"ä": "Ä",
		"å": "Å",
		"ā": "Ā",
		"ă": "Ă",
		"ą": "Ą",
		"ǎ": "Ǎ",
		"ǟ": "Ǟ",
		"ǡ": "Ǡ",
		"ȁ": "Ȁ",
		"ȃ": "Ȃ",
		"ǻ": "Ǻ",
		"ǽ": "Ǽ",
		"æ": "Æ",
		"ǣ": "Ǣ",
		"ç": "Ç",
		"ć": "Ć",
		"ĉ": "Ĉ",
		"ċ": "Ċ",
		"č": "Č",
		"ď": "Ď",
		"đ": "Đ",
		"ǳ": "Ǳ",
		"ǆ": "Ǆ",
		"ð": "Ð",
		"è": "È",
		"é": "É",
		"ê": "Ê",
		"ë": "Ë",
		"ē": "Ē",
		"ĕ": "Ĕ",
		"ė": "Ė",
		"ę": "Ę",
		"ě": "Ě",
		"ǝ": "Ǝ",
		"ȅ": "Ȅ",
		"ȇ": "Ȇ",
		"ĝ": "Ĝ",
		"ğ": "Ğ",
		"ġ": "Ġ",
		"ģ": "Ģ",
		"ǵ": "Ǵ",
		"ǥ": "Ǥ",
		"ǧ": "Ǧ",
		"ĥ": "Ĥ",
		"ħ": "Ħ",
		"ĩ": "Ĩ",
		"ī": "Ī",
		"ĭ": "Ĭ",
		"į": "Į",
		"ı": "I",
		"ǐ": "Ǐ",
		"ȉ": "Ȉ",
		"ȋ": "Ȋ",
		"ì": "Ì",
		"í": "Í",
		"î": "Î",
		"ï": "Ï",
		"ĳ": "Ĳ",
		"ĵ": "Ĵ",
		"ǰ": "J",
		"ķ": "Ķ",
		"ǩ": "Ǩ",
		"ĺ": "Ĺ",
		"ļ": "Ļ",
		"ľ": "Ľ",
		"ŀ": "Ŀ",
		"ł": "Ł",
		"ǉ": "Ǉ",
		"ñ": "Ñ",
		"ń": "Ń",
		"ņ": "Ņ",
		"ň": "Ň",
		"ŉ": "N",
		"ǌ": "Ǌ",
		"ò": "Ò",
		"ó": "Ó",
		"ô": "Ô",
		"õ": "Õ",
		"ö": "Ö",
		"ø": "Ø",
		"ō": "Ō",
		"ŏ": "Ŏ",
		"ő": "Ő",
		"ǒ": "Ǒ",
		"ǫ": "Ǫ",
		"ǭ": "Ǭ",
		"ǿ": "Ǿ",
		"ȍ": "Ȍ",
		"ȏ": "Ȏ",
		"œ": "Œ",
		"ŕ": "Ŕ",
		"ŗ": "Ŗ",
		"ř": "Ř",
		"ȑ": "Ȑ",
		"ȓ": "Ȓ",
		"š": "Š",
		"ś": "Ś",
		"ŝ": "Ŝ",
		"ş": "Ş",
		"š": "Š",
		"ß": "SS",
		"ţ": "Ţ",
		"ť": "Ť",
		"ŧ": "Ŧ",
		"ù": "Ù",
		"ú": "Ú",
		"û": "Û",
		"ü": "Ü",
		"ũ": "Ũ",
		"ū": "Ū",
		"ŭ": "Ŭ",
		"ů": "Ů",
		"ű": "Ű",
		"ų": "Ų",
		"ǔ": "Ǔ",
		"ǖ": "Ǖ",
		"ǘ": "Ǘ",
		"ǚ": "Ǚ",
		"ǜ": "Ǜ",
		"ȕ": "Ȕ",
		"ȗ": "Ȗ",
		"ŵ": "Ŵ",
		"ŷ": "Ŷ",
		"ý": "Ý",
		"ÿ": "Ÿ",
		"ž": "Ž",
		"ź": "Ź",
		"ż": "Ż"
	}
}

